Device_ID,Device_Type,Operating_System,Device_Age_Months,Firmware_Age_Months,Failed_Login_Attempts,Open_Ports_Count,Vulnerability_Count,Security_Updates_Pending,Encryption_Enabled,Antivirus_Status,Suspicious_Activity_Flags,Average_Daily_Traffic_MB,Access_Frequency_Score,Previous_Security_Incidents,Patch_Status,Risk_Level
DEV-1000,Desktop,Windows 10,1,0.0,4,3,1,1,Yes,Outdated,0,401.2,3.9,1,Partially Patched,Low Risk
DEV-1001,Tablet,iPadOS,51,26.0,9,5,4,6,Yes,Active,0,577.5,2.5,0,Partially Patched,Medium Risk
DEV-1002,Smartphone,Android,5,6.0,3,4,2,2,No,Outdated,1,77.6,10.0,0,Partially Patched,Low Risk
DEV-1003,Server,RedHat Linux,13,16.0,35,6,3,3,No,Active,0,5569.7,3.9,0,Partially Patched,High Risk
DEV-1004,Laptop,Windows 10,19,5.0,1,13,1,0,Yes,Active,0,1046.1,6.2,0,Fully Patched,Low Risk
DEV-1005,Laptop,macOS,12,0.0,4,1,0,1,No,Active,0,3317.3,4.5,1,Partially Patched,Low Risk
DEV-1006,Laptop,Ubuntu Linux,48,26.0,1,1,4,5,Yes,Active,1,1404.5,3.2,1,Outdated,Medium Risk
DEV-1007,IoT_Gateway,Embedded Linux,25,6.0,5,8,1,2,No,Active,0,316.5,7.6,1,Partially Patched,Low Risk
DEV-1008,Server,RedHat Linux,57,27.0,4,9,5,4,Yes,Active,0,5486.5,6.8,4,Outdated,High Risk
DEV-1009,Smartphone,Android,35,20.0,5,6,6,6,Yes,Active,1,825.0,5.4,1,Outdated,High Risk
DEV-1010,Laptop,Windows 10,5,5.0,5,4,2,5,Yes,Disabled,0,1038.2,10.0,2,Partially Patched,Medium Risk
DEV-1011,Tablet,Android,22,11.0,2,4,2,2,Yes,Active,0,1452.5,6.0,0,Partially Patched,Low Risk
DEV-1012,Smartphone,Android,57,26.0,20,5,7,5,Yes,Outdated,0,1052.6,4.6,0,Partially Patched,High Risk
DEV-1013,Laptop,Windows 11,47,24.0,5,2,6,5,Yes,Active,0,1777.8,9.3,0,Partially Patched,Medium Risk
DEV-1014,Laptop,Windows 10,54,25.0,31,4,4,5,Yes,Disabled,1,1145.9,6.3,0,Outdated,High Risk
DEV-1015,Laptop,Windows 11,3,0.0,3,11,0,3,Yes,ACTIVE,0,1446.9,8.8,3,Partially Patched,Medium Risk
DEV-1016,Laptop,Windows 10,53,30.0,4,6,5,7,Yes,Outdated,1,965.1,5.4,0,Outdated,High Risk
DEV-1017,Desktop,Windows 10,31,,3,2,2,3,Yes,Active,0,2303.5,1.0,0,Fully Patched,Low Risk
DEV-1018,Desktop,Windows 11,69,31.0,5,5,6,6,Yes,Active,0,2858.8,2.4,0,Outdated,Medium Risk
DEV-1019,Laptop,macOS,33,18.0,3,1,4,6,Yes,ACTIVE,1,2481.3,7.7,1,Partially Patched,Medium Risk
DEV-1020,Server,Ubuntu Linux,72,35.0,3,16,8,9,No,Active,1,2889.1,4.3,0,Outdated,High Risk
DEV-1021,Laptop,Windows 10,50,26.0,5,2,4,5,Yes,Active,1,1491.1,6.0,0,Partially Patched,Low Risk
DEV-1022,Laptop,Windows 10,16,8.0,7,1,2,4,Yes,Active,2,469.4,7.8,0,Outdated,Low Risk
DEV-1023,Desktop,Windows 11,39,17.0,4,1,3,6,No,Disabled,0,2441.3,5.9,0,Outdated,Medium Risk
DEV-1024,Desktop,Windows 11,46,22.0,2,1,8,4,Yes,Active,0,1272.6,3.8,0,Outdated,Medium Risk
DEV-1025,Smartphone,Android,47,25.0,2,5,4,7,Yes,Active,0,83.8,5.5,1,Outdated,Medium Risk
DEV-1026,Laptop,Ubuntu Linux,44,15.0,1,6,2,5,Yes,Active,1,1321.3,5.7,0,Outdated,Medium Risk
DEV-1027,Desktop,Windows 10,9,8.0,2,2,1,3,Yes,Active,0,2982.6,4.7,4,Fully Patched,Low Risk
DEV-1028,Server,RedHat Linux,50,18.0,3,16,4,7,Yes,Active,1,11155.4,2.7,0,Outdated,High Risk
DEV-1029,Laptop,Windows 10,60,33.0,4,5,6,6,Yes,Active,0,1153.3,4.8,0,Partially Patched,Medium Risk
DEV-1030,Server,Ubuntu Linux,15,9.0,2,14,3,2,Yes,Outdated,0,6937.6,5.3,1,Partially Patched,Medium Risk
DEV-1031,Laptop,Windows 10,36,14.0,5,4,2,2,No,Disabled,1,1246.9,2.6,0,Partially Patched,Medium Risk
DEV-1032,Laptop,macOS,63,28.0,2,11,4,6,Yes,Active,1,2716.5,3.7,0,Outdated,Medium Risk
DEV-1033,IoT_Gateway,Embedded Linux,69,29.0,5,8,5,5,Yes,Disabled,0,311.0,4.1,0,Outdated,High Risk
DEV-1034,Tablet,Android,41,17.0,1,6,6,2,Yes,Outdated,3,,1.8,1,Partially Patched,Medium Risk
DEV-1035,Smartphone,Android,24,4.0,9,2,1,1,Yes,Active,1,865.3,5.8,0,Partially Patched,Low Risk
DEV-1036,Laptop,Windows 10,49,17.0,2,3,5,3,Yes,Active,0,1831.3,6.0,1,Partially Patched,Medium Risk
DEV-1037,Laptop,Ubuntu Linux,18,8.0,1,5,2,2,Yes,Outdated,1,1349.5,4.4,0,Fully Patched,Low Risk
DEV-1038,Smartphone,Android,7,0.0,2,2,0,0,No,Active,1,561.8,2.8,0,Fully Patched,Low Risk
DEV-1039,Desktop,Windows 10,4,1.0,3,3,2,2,Yes,Outdated,5,2755.2,6.3,2,Partially Patched,Medium Risk
DEV-1040,Laptop,Windows 11,69,27.0,1,5,4,6,No,Active,1,1512.7,6.6,1,Outdated,Medium Risk
DEV-1041,Desktop,Ubuntu Linux,60,22.0,5,2,4,4,Yes,Active,0,590.1,5.7,1,Partially Patched,Medium Risk
DEV-1042,Laptop,Windows 11,55,27.0,1,2,4,6,No,Active,0,776.1,5.6,2,Partially Patched,High Risk
DEV-1043,IoT_Gateway,Embedded Linux,16,4.0,2,7,0,0,Yes,Outdated,0,305.4,6.7,0,Fully Patched,Low Risk
DEV-1044,Laptop,Windows 10,29,13.0,34,4,2,6,Yes,Active,1,1314.2,5.3,1,Partially Patched,High Risk
DEV-1045,Server,RedHat Linux,23,9.0,1,22,2,3,Yes,Outdated,1,5473.7,3.7,0,Fully Patched,Medium Risk
DEV-1046,Laptop,Windows 10,14,7.0,7,5,1,2,Yes,Active,1,622.7,5.4,0,Partially Patched,Low Risk
DEV-1047,Desktop,Windows 11,49,28.0,24,4,5,6,No,Disabled,2,1978.4,4.7,0,Partially Patched,High Risk
DEV-1048,Desktop,Windows 11,33,15.0,3,15,3,4,Yes,Active,0,1668.1,5.4,2,Partially Patched,Medium Risk
DEV-1049,Laptop,Windows 11,25,13.0,28,2,2,4,No,Outdated,0,1428.5,7.3,1,Partially Patched,High Risk
DEV-1050,Tablet,Android,21,7.0,3,3,2,2,No,Outdated,1,167.8,3.1,0,Fully Patched,Low Risk
DEV-1051,Smartphone,Android,17,11.0,5,4,2,1,Yes,Active,0,325.4,5.9,0,Partially Patched,Low Risk
DEV-1052,IoT_Gateway,Embedded Linux,23,13.0,3,1,4,3,No,Active,1,86.8,3.0,0,Partially Patched,Low Risk
DEV-1053,IoT_Gateway,Embedded Linux,57,26.0,4,5,5,4,Yes,Active,1,101.8,3.7,0,Outdated,Medium Risk
DEV-1054,Server,RedHat Linux,58,20.0,2,17,4,5,Yes,Active,1,3589.8,8.6,0,Partially Patched,Medium Risk
DEV-1055,IoT_Gateway,FreeRTOS,14,5.0,3,7,2,0,No,Active,1,,6.4,0,Fully Patched,Low Risk
DEV-1056,Laptop,Windows 10,20,15.0,4,4,3,4,No,Outdated,2,839.4,5.8,0,Partially Patched,Medium Risk
DEV-1057,Laptop,Windows 11,30,11.0,4,2,2,2,Yes,Active,1,3453.2,2.2,2,Fully Patched,Low Risk
DEV-1058,Laptop,Windows 11,19,15.0,3,3,3,4,Yes,Active,0,1489.6,5.0,0,Outdated,Low Risk
DEV-1059,Laptop,Ubuntu Linux,53,21.0,32,5,4,6,Yes,Active,2,1199.2,1.4,2,Partially Patched,High Risk
DEV-1060,Desktop,Windows 11,56,24.0,15,6,4,9,No,Active,1,1829.7,5.6,0,Outdated,High Risk
DEV-1061,Laptop,Windows 11,23,10.0,1,5,2,4,Yes,Active,0,358.3,3.0,0,Partially Patched,Low Risk
DEV-1062,Smartphone,Android,62,23.0,30,3,4,3,Yes,Active,0,577.9,6.6,0,Fully Patched,High Risk
DEV-1063,Desktop,Windows 10,33,11.0,2,2,3,5,Yes,Outdated,0,1913.7,5.8,0,Outdated,Medium Risk
DEV-1064,Laptop,Windows 10,18,6.0,7,6,1,2,Yes,Active,0,3257.7,3.1,4,Partially Patched,Low Risk
DEV-1065,Desktop,Windows 11,33,15.0,0,1,2,3,No,Active,1,1357.2,6.3,0,Partially Patched,Low Risk
DEV-1066,Laptop,Windows 11,32,18.0,0,3,7,3,Yes,Active,3,974.0,9.7,1,Partially Patched,Medium Risk
DEV-1067,Smartphone,iOS,61,26.0,5,1,4,5,Yes,Active,0,219.1,5.1,1,Outdated,Medium Risk
DEV-1068,Laptop,Windows 11,54,23.0,1,4,4,6,Yes,Active,3,1363.7,7.3,0,Outdated,Medium Risk
DEV-1069,Tablet,iPadOS,17,13.0,6,5,5,4,Yes,Disabled,0,392.2,1.3,0,Partially Patched,Medium Risk
DEV-1070,Smartphone,iOS,19,9.0,24,6,1,2,Yes,Active,0,438.1,6.4,0,Partially Patched,Low Risk
DEV-1071,Laptop,Windows 10,70,27.0,4,2,8,6,Yes,Active,0,1423.5,4.4,0,Partially Patched,Medium Risk
DEV-1072,Laptop,Windows 11,34,11.0,3,1,1,1,Yes,Active,1,913.7,5.0,3,Partially Patched,Low Risk
DEV-1073,Smartphone,Android,25,17.0,4,11,3,2,Yes,Active,0,164.4,6.7,0,Partially Patched,Low Risk
DEV-1074,Smartphone,Android,68,27.0,3,4,4,4,Yes,Active,0,728.9,5.0,3,Partially Patched,Medium Risk
DEV-1075,Smartphone,iOS,11,4.0,2,1,1,1,Yes,Active,1,325.7,2.3,0,Fully Patched,Low Risk
DEV-1076,Smartphone,iOS,16,5.0,0,2,5,0,Yes,Active,0,1011.3,8.6,0,Fully Patched,Low Risk
DEV-1077,Laptop,Windows 11,61,31.0,5,2,7,7,Yes,Active,1,704.1,2.6,0,Outdated,High Risk
DEV-1078,Desktop,Windows 11,7,2.0,4,4,1,1,Yes,Outdated,0,2483.3,3.8,1,Partially Patched,Low Risk
DEV-1079,Laptop,Ubuntu Linux,16,12.0,3,3,2,5,Yes,Active,1,961.0,5.8,0,Partially Patched,Low Risk
DEV-1080,IoT_Gateway,Embedded Linux,16,7.0,4,6,4,7,No,Active,0,683.1,5.8,0,Outdated,Medium Risk
DEV-1081,Server,Windows Server,40,,3,7,4,4,Yes,Outdated,1,2773.4,6.4,0,Partially Patched,Low Risk
DEV-1082,Laptop,Windows 11,12,5.0,3,1,1,3,Yes,Active,1,2329.6,5.8,0,Partially Patched,Low Risk
DEV-1083,Laptop,Windows 10,35,15.0,5,1,4,2,No,Active,0,890.4,7.8,0,Fully Patched,Low Risk
DEV-1084,Laptop,Windows 10,21,9.0,3,5,4,3,Yes,Outdated,3,438.5,6.5,1,Partially Patched,Medium Risk
DEV-1085,Laptop,Windows 10,50,21.0,4,2,5,5,Yes,Outdated,1,765.3,3.1,0,Partially Patched,Medium Risk
DEV-1086,Smartphone,Android,43,17.0,4,15,2,2,Yes,Active,0,1629.3,1.0,1,Fully Patched,Low Risk
DEV-1087,Server,Ubuntu Linux,17,5.0,4,12,7,2,No,Active,0,4688.3,5.8,0,Partially Patched,Medium Risk
DEV-1088,IoT_Gateway,Embedded Linux,32,14.0,7,13,2,4,Yes,Active,0,330.4,8.4,0,Partially Patched,Medium Risk
DEV-1089,Desktop,Windows 11,41,20.0,4,3,4,6,Yes,Active,0,,3.0,0,Partially Patched,Low Risk
DEV-1090,Laptop,Windows 10,6,0.0,3,4,0,2,Yes,Outdated,0,1359.4,3.4,2,Partially Patched,Low Risk
DEV-1091,Smartphone,iOS,27,17.0,19,1,6,3,Yes,Outdated,0,428.6,6.2,0,Partially Patched,Medium Risk
DEV-1092,Smartphone,Android,20,0.0,7,6,0,1,No,Active,0,313.1,6.5,0,Partially Patched,Low Risk
DEV-1093,Server,RedHat Linux,25,12.0,4,9,3,5,No,Active,0,6763.5,7.7,0,Partially Patched,Medium Risk
DEV-1094,Smartphone,Android,66,30.0,4,1,5,7,Yes,Disabled,0,129.2,8.8,0,Outdated,High Risk
DEV-1095,Desktop,Windows 10,9,3.0,4,5,1,2,Yes,Active,0,635.3,6.0,0,Partially Patched,Low Risk
DEV-1096,Desktop,Ubuntu Linux,53,14.0,4,5,6,3,No,Outdated,1,1847.4,3.6,0,Partially Patched,Medium Risk
DEV-1097,Desktop,Windows 11,61,26.0,2,5,7,6,Yes,Active,1,1276.7,3.7,0,Partially Patched,Medium Risk
DEV-1098,Laptop,Windows 11,38,17.0,2,1,2,4,Yes,Active,0,2187.4,4.4,0,Partially Patched,Low Risk
DEV-1099,Laptop,Windows 10,3,0.0,27,4,0,1,Yes,Active,1,466.5,7.6,0,Partially Patched,Medium Risk
DEV-1100,Laptop,Windows 11,70,26.0,2,6,4,6,Yes,Active,0,3328.2,4.5,0,Partially Patched,Medium Risk
DEV-1101,Server,RedHat Linux,55,27.0,4,7,5,7,Yes,Active,0,7220.7,7.4,1,Outdated,Medium Risk
DEV-1102,Laptop,Ubuntu Linux,1,2.0,5,4,3,4,Yes,Disabled,1,3329.1,2.5,0,Outdated,Medium Risk
DEV-1103,Desktop,Windows 10,70,23.0,4,4,5,6,Yes,Active,2,2283.5,6.1,0,Partially Patched,Medium Risk
DEV-1104,IoT_Gateway,Embedded Linux,45,21.0,7,1,4,5,No,Active,1,185.4,4.0,2,Partially Patched,High Risk
DEV-1105,Laptop,Windows 10,47,17.0,1,2,3,2,Yes,Active,0,2052.3,6.5,0,Fully Patched,Low Risk
DEV-1106,Desktop,Windows 10,26,9.0,2,1,3,1,No,Active,0,2925.1,5.0,1,Fully Patched,Low Risk
DEV-1107,Smartphone,Android,14,8.0,3,4,1,5,No,Active,0,776.6,7.1,1,Outdated,Medium Risk
DEV-1108,Laptop,Windows 10,54,24.0,3,3,4,5,Yes,Disabled,1,1832.9,4.6,0,Partially Patched,Medium Risk
DEV-1109,Laptop,Windows 10,71,28.0,6,3,5,5,Yes,Active,0,774.6,5.4,2,Partially Patched,Medium Risk
DEV-1110,Laptop,Windows 10,46,18.0,5,1,3,5,No,Outdated,2,1872.1,7.1,0,Partially Patched,Medium Risk
DEV-1111,Laptop,Windows 11,31,,2,2,2,5,No,Active,0,1379.5,5.3,1,Partially Patched,Low Risk
DEV-1112,IoT_Gateway,Embedded Linux,59,22.0,24,7,7,6,No,Active,0,184.1,5.6,0,Partially Patched,High Risk
DEV-1113,Smartphone,Android,29,17.0,5,4,3,5,Yes,Active,3,1209.3,7.0,0,Outdated,Medium Risk
DEV-1114,Server,Ubuntu Linux,17,2.0,2,6,2,2,Yes,Outdated,0,2691.9,5.3,3,Partially Patched,Low Risk
DEV-1115,IoT_Gateway,FreeRTOS,14,6.0,6,4,2,3,No,Active,5,341.5,2.3,0,Partially Patched,Medium Risk
DEV-1116,Smartphone,iOS,36,10.0,3,6,3,2,Yes,Outdated,0,1004.4,4.4,0,Partially Patched,Low Risk
DEV-1117,Laptop,Windows 11,58,28.0,2,4,4,6,Yes,Active,0,1232.6,1.7,0,Outdated,Medium Risk
DEV-1118,IoT_Gateway,Embedded Linux,24,10.0,2,4,1,1,No,Disabled,0,719.1,5.0,1,Fully Patched,Low Risk
DEV-1119,Desktop,Windows 11,63,22.0,2,4,3,6,Yes,Active,2,1346.6,6.4,0,Partially Patched,Medium Risk
DEV-1120,Smartphone,Android,25,14.0,3,2,3,3,Yes,Active,1,282.5,5.7,2,Fully Patched,Low Risk
DEV-1121,IoT_Gateway,Embedded Linux,59,16.0,6,7,4,2,No,Active,1,118.0,8.3,2,Partially Patched,Medium Risk
DEV-1122,Laptop,Windows 11,32,15.0,2,6,6,2,Yes,Active,0,1384.9,8.1,0,Partially Patched,Low Risk
DEV-1123,Laptop,Windows 10,18,13.0,37,2,2,2,Yes,Active,0,685.3,6.0,1,Partially Patched,High Risk
DEV-1124,Laptop,Windows 10,37,17.0,7,5,3,3,No,Active,0,3668.7,1.0,3,Partially Patched,Medium Risk
DEV-1125,Desktop,Windows 10,26,10.0,1,6,2,4,Yes,Active,0,1013.0,6.8,0,Outdated,Low Risk
DEV-1126,Smartphone,Android,9,0.0,36,5,0,2,Yes,Active,1,1466.4,4.0,0,Partially Patched,Medium Risk
DEV-1127,IoT_Gateway,Embedded Linux,64,,5,4,5,8,No,Active,1,557.6,7.3,0,Outdated,High Risk
DEV-1128,Laptop,Ubuntu Linux,72,34.0,2,3,8,6,Yes,Outdated,0,1632.8,6.1,0,Partially Patched,Medium Risk
DEV-1129,Desktop,macOS,20,7.0,3,3,1,2,Yes,Active,1,1212.5,6.8,3,Partially Patched,Low Risk
DEV-1130,Desktop,macOS,54,21.0,3,1,6,4,Yes,Disabled,0,1376.6,6.5,0,Outdated,Medium Risk
DEV-1131,Laptop,macOS,30,18.0,6,3,3,6,Yes,Outdated,0,,10.0,0,Partially Patched,Medium Risk
DEV-1132,Laptop,Ubuntu Linux,53,25.0,3,3,4,6,No,Active,1,1539.6,6.5,0,Partially Patched,Medium Risk
DEV-1133,Laptop,Windows 10,63,20.0,4,2,4,4,No,Active,2,2420.0,2.9,0,Partially Patched,Medium Risk
DEV-1134,IoT_Gateway,Embedded Linux,11,5.0,3,9,0,3,No,Active,2,134.8,7.6,0,Partially Patched,Low Risk
DEV-1135,Laptop,Windows 10,31,13.0,3,1,5,4,Yes,Active,0,1666.6,4.6,1,Partially Patched,Low Risk
DEV-1136,Desktop,Windows 10,49,22.0,3,2,6,6,Yes,Active,0,1021.4,8.2,0,Outdated,Medium Risk
DEV-1137,Smartphone,iOS,19,9.0,2,3,3,1,Yes,Outdated,2,376.7,8.6,0,Fully Patched,Low Risk
DEV-1138,Desktop,Windows 10,12,4.0,5,3,7,0,No,Outdated,0,1057.5,6.7,1,Fully Patched,Medium Risk
DEV-1139,Tablet,Android,15,8.0,4,1,1,1,No,Disabled,1,936.1,2.9,2,Fully Patched,Medium Risk
DEV-1140,Tablet,Android,31,12.0,4,3,2,6,Yes,Active,2,838.0,4.6,0,Partially Patched,Medium Risk
DEV-1141,Laptop,Ubuntu Linux,43,32.0,2,1,8,7,Yes,Disabled,2,297.3,8.2,0,Outdated,High Risk
DEV-1142,Desktop,Windows 10,37,17.0,5,3,3,5,Yes,Active,0,3116.0,9.5,0,Partially Patched,Low Risk
DEV-1143,Laptop,Windows 10,29,13.0,3,4,2,3,No,Outdated,1,1651.0,5.6,0,Fully Patched,Medium Risk
DEV-1144,Laptop,Windows 11,26,19.0,2,2,3,5,Yes,Active,0,891.7,5.0,0,Outdated,Medium Risk
DEV-1145,Laptop,Windows 11,2,0.0,6,6,0,2,Yes,Active,1,2111.8,3.1,1,Partially Patched,Low Risk
DEV-1146,Server,Windows Server,15,7.0,2,16,2,2,No,Active,2,9150.3,3.2,0,Partially Patched,Medium Risk
DEV-1147,Desktop,Windows 10,4,0.0,17,4,0,1,No,Active,0,1487.0,6.0,0,Partially Patched,Low Risk
DEV-1148,Laptop,macOS,50,24.0,3,3,4,4,Yes,Active,0,1316.0,6.9,0,Partially Patched,Low Risk
DEV-1149,Laptop,Windows 10,38,15.0,4,5,2,5,Yes,Disabled,4,1069.9,2.5,0,Outdated,High Risk
DEV-1150,IoT_Gateway,Embedded Linux,23,,4,4,3,2,Yes,Active,0,400.5,7.2,2,Fully Patched,Low Risk
DEV-1151,Laptop,Windows 11,59,27.0,6,6,7,5,Yes,Active,2,1863.9,8.2,1,Outdated,High Risk
DEV-1152,Laptop,Windows 10,28,16.0,5,2,4,3,Yes,Active,0,2295.0,6.8,0,Partially Patched,Low Risk
DEV-1153,Desktop,Windows 10,66,30.0,5,5,5,8,Yes,Active,0,2048.3,8.8,0,Outdated,Medium Risk
DEV-1154,Tablet,Android,8,4.0,3,6,0,2,Yes,Active,0,822.0,6.2,1,Partially Patched,Low Risk
DEV-1155,Laptop,Windows 10,29,8.0,4,5,1,1,Yes,Disabled,1,1538.9,6.2,0,Partially Patched,Low Risk
DEV-1156,Smartphone,iOS,11,10.0,2,10,1,1,No,Active,0,748.9,6.2,1,Partially Patched,Low Risk
DEV-1157,Smartphone,Android,18,14.0,4,6,4,5,Yes,Outdated,0,1095.9,8.2,0,Partially Patched,Medium Risk
DEV-1158,Laptop,macOS,55,20.0,5,4,3,3,Yes,Active,1,2128.2,6.6,0,Partially Patched,Low Risk
DEV-1159,Smartphone,Android,50,24.0,6,10,4,5,Yes,Outdated,0,572.1,4.4,0,Outdated,Medium Risk
DEV-1160,Desktop,Windows 10,14,2.0,4,16,2,2,No,Active,1,1186.0,6.3,0,Partially Patched,Medium Risk
DEV-1161,Server,Ubuntu Linux,9,6.0,5,13,2,5,Yes,Outdated,0,11598.7,6.4,0,,Medium Risk
DEV-1162,Server,Ubuntu Linux,11,8.0,4,9,2,5,Yes,Outdated,0,2909.5,5.1,0,Outdated,Low Risk
DEV-1163,Desktop,Windows 10,63,25.0,37,6,5,4,Yes,Active,0,945.5,7.5,0,Outdated,High Risk
DEV-1164,Laptop,Windows 11,67,29.0,4,4,4,8,Yes,Active,0,1590.0,5.7,1,Outdated,Medium Risk
DEV-1165,Smartphone,Android,53,26.0,2,3,4,4,No,Active,1,1399.6,6.9,0,Partially Patched,Medium Risk
DEV-1166,Laptop,Ubuntu Linux,39,17.0,3,1,3,5,Yes,Outdated,2,2470.6,6.5,0,Outdated,Medium Risk
DEV-1167,Laptop,Windows 11,56,21.0,3,3,4,4,Yes,Active,0,1473.0,4.0,0,Partially Patched,Medium Risk
DEV-1168,Laptop,macOS,28,8.0,3,3,1,2,No,Active,0,555.4,3.5,1,Partially Patched,Low Risk
DEV-1169,Server,Ubuntu Linux,39,16.0,3,12,5,3,No,Active,1,4519.0,4.1,0,Partially Patched,Medium Risk
DEV-1170,Smartphone,Android,25,7.0,2,6,2,4,Yes,Outdated,1,772.2,5.3,0,Outdated,Low Risk
DEV-1171,Laptop,Windows 11,21,8.0,1,3,1,3,Yes,Active,0,1990.4,8.7,0,Partially Patched,Low Risk
DEV-1172,Desktop,Windows 11,10,4.0,3,16,0,1,Yes,Outdated,7,2609.2,5.4,0,Fully Patched,Medium Risk
DEV-1173,Laptop,Windows 11,43,22.0,3,2,5,4,Yes,Active,0,1366.2,6.2,0,Partially Patched,Low Risk
DEV-1174,Server,Ubuntu Linux,15,8.0,4,13,1,4,No,Outdated,0,3332.6,7.2,0,Partially Patched,Medium Risk
DEV-1175,Laptop,Windows 11,48,31.0,4,4,5,5,Yes,Active,0,545.1,4.8,4,Partially Patched,Medium Risk
DEV-1176,Smartphone,Android,21,2.0,3,5,2,0,Yes,Active,0,512.5,4.7,0,Fully Patched,Low Risk
DEV-1177,Desktop,macOS,60,27.0,2,6,5,5,Yes,Disabled,1,2128.3,7.6,0,Partially Patched,Medium Risk
DEV-1178,IoT_Gateway,Embedded Linux,50,20.0,7,8,3,6,No,Active,0,260.0,6.6,0,Outdated,Medium Risk
DEV-1179,Laptop,Windows 10,23,7.0,2,2,2,4,No,Active,1,498.0,4.4,2,Partially Patched,Low Risk
DEV-1180,Laptop,Windows 11,13,7.0,2,2,3,3,Yes,Outdated,2,1130.5,4.7,2,Partially Patched,Medium Risk
DEV-1181,Laptop,Windows 11,69,29.0,3,1,7,6,Yes,Active,2,2556.1,5.7,3,Outdated,High Risk
DEV-1182,IoT_Gateway,Embedded Linux,4,7.0,5,9,4,1,No,Active,0,50.0,6.2,2,Partially Patched,Medium Risk
DEV-1183,IoT_Gateway,Embedded Linux,72,31.0,4,8,5,8,No,Active,0,208.7,8.0,0,Outdated,High Risk
DEV-1184,Laptop,Windows 10,9,2.0,3,2,2,5,Yes,Active,0,2462.9,6.6,0,Partially Patched,Low Risk
DEV-1185,Server,RedHat Linux,35,17.0,4,6,5,2,Yes,Active,3,4099.2,3.5,0,Partially Patched,Medium Risk
DEV-1186,Smartphone,Android,21,9.0,6,4,2,4,Yes,Active,0,659.4,3.9,1,Outdated,Low Risk
DEV-1187,Server,Ubuntu Linux,58,20.0,6,5,3,3,No,Active,0,7874.5,6.1,0,Fully Patched,Medium Risk
DEV-1188,Desktop,macOS,18,8.0,4,6,3,3,No,Active,3,3865.4,5.8,0,Partially Patched,Medium Risk
DEV-1189,Laptop,macOS,72,31.0,2,2,8,6,Yes,Active,5,2159.3,3.8,3,Partially Patched,High Risk
DEV-1190,Laptop,Windows 11,43,19.0,3,1,8,6,No,Outdated,0,674.4,7.6,3,Partially Patched,High Risk
DEV-1191,IoT_Gateway,FreeRTOS,6,5.0,1,5,1,2,No,Active,0,628.7,1.0,0,Partially Patched,Low Risk
DEV-1192,IoT_Gateway,FreeRTOS,67,26.0,2,9,9,7,No,Active,2,303.9,6.2,0,Outdated,High Risk
DEV-1193,Server,Ubuntu Linux,12,8.0,6,8,2,5,No,Active,1,3182.6,2.4,2,Partially Patched,Medium Risk
DEV-1194,Laptop,Windows 11,12,7.0,5,3,1,2,Yes,Active,0,344.7,7.3,0,Partially Patched,Low Risk
DEV-1195,Laptop,Windows 10,66,28.0,1,2,11,5,Yes,Outdated,4,537.7,5.0,1,Outdated,High Risk
DEV-1196,Smartphone,iOS,2,2.0,6,13,3,1,Yes,Active,0,398.1,7.0,0,Partially Patched,Low Risk
DEV-1197,IoT_Gateway,FreeRTOS,15,16.0,1,4,4,3,No,Active,2,246.1,4.7,1,Fully Patched,Medium Risk
DEV-1198,IoT_Gateway,Embedded Linux,23,15.0,5,8,5,4,No,Active,0,312.3,8.2,0,Partially Patched,Medium Risk
DEV-1199,Smartphone,Android,29,14.0,5,17,4,4,Yes,Disabled,0,1010.8,1.8,2,Outdated,High Risk
DEV-1200,Server,RedHat Linux,7,1.0,2,7,1,1,No,Active,0,2951.5,7.3,0,Partially Patched,Low Risk
DEV-1201,Laptop,Windows 10,28,12.0,4,6,6,4,Yes,Active,0,883.2,4.3,0,Outdated,Medium Risk
DEV-1202,Laptop,Windows 11,14,14.0,1,5,7,3,Yes,Outdated,0,1421.9,6.3,0,Partially Patched,Medium Risk
DEV-1203,IoT_Gateway,FreeRTOS,44,17.0,20,7,3,5,Yes,Active,0,255.5,6.3,0,Partially Patched,Medium Risk
DEV-1204,Server,RedHat Linux,30,13.0,6,8,2,4,Yes,Active,0,6502.0,2.7,0,Partially Patched,Low Risk
DEV-1205,Laptop,macOS,32,13.0,5,1,2,5,Yes,Active,2,1167.7,7.5,0,Partially Patched,Low Risk
DEV-1206,Laptop,macOS,70,31.0,2,5,7,8,Yes,Disabled,0,2314.7,6.3,0,Outdated,High Risk
DEV-1207,Server,RedHat Linux,6,2.0,7,15,2,3,No,Active,0,7112.4,5.7,2,,Medium Risk
DEV-1208,Laptop,Windows 10,27,13.0,7,6,8,4,Yes,Active,0,1804.0,6.3,0,Partially Patched,Medium Risk
DEV-1209,Laptop,Windows 10,24,9.0,5,5,2,3,No,Outdated,1,584.4,5.8,1,Partially Patched,Medium Risk
DEV-1210,Desktop,Windows 11,34,20.0,7,5,5,7,Yes,Active,0,2505.6,7.2,1,Outdated,Medium Risk
DEV-1211,Smartphone,Android,40,15.0,2,2,5,3,Yes,Active,0,1378.6,4.6,0,Fully Patched,Low Risk
DEV-1212,Server,Ubuntu Linux,47,24.0,3,5,4,4,Yes,Disabled,0,3028.6,7.2,0,Partially Patched,Medium Risk
DEV-1213,Laptop,Windows 10,24,9.0,5,6,2,3,No,Outdated,0,3657.1,6.6,3,Fully Patched,Medium Risk
DEV-1214,Smartphone,Android,65,24.0,3,2,5,6,No,Outdated,1,676.8,5.2,0,Partially Patched,High Risk
DEV-1215,Laptop,Windows 11,18,6.0,3,3,3,1,No,Disabled,0,968.2,9.2,1,Partially Patched,Medium Risk
DEV-1216,Laptop,Windows 11,44,12.0,4,2,3,2,No,Outdated,1,940.6,6.4,0,Partially Patched,Low Risk
DEV-1217,Smartphone,Android,57,26.0,17,3,6,8,No,Active,2,155.0,5.9,2,Outdated,High Risk
DEV-1218,Server,RedHat Linux,28,8.0,6,11,1,3,No,Active,0,10183.5,6.6,1,Partially Patched,Medium Risk
DEV-1219,Smartphone,iOS,71,28.0,3,6,5,6,Yes,Active,1,403.1,5.3,2,Partially Patched,High Risk
DEV-1220,Server,RedHat Linux,23,14.0,5,14,4,3,Yes,Active,0,4830.8,7.9,2,Fully Patched,Medium Risk
DEV-1221,Server,Ubuntu Linux,34,18.0,19,17,3,3,No,Active,0,2961.2,5.5,0,Partially Patched,High Risk
DEV-1222,Laptop,Windows 11,11,0.0,3,4,0,1,Yes,Active,0,1689.9,7.1,0,Partially Patched,Low Risk
DEV-1223,Desktop,Windows 11,35,17.0,4,2,3,3,No,Outdated,0,1423.3,3.4,0,Partially Patched,Medium Risk
DEV-1224,Laptop,Windows 11,42,23.0,4,5,3,3,Yes,Active,1,2936.5,1.9,0,Partially Patched,Low Risk
DEV-1225,Laptop,macOS,28,10.0,2,1,3,2,No,Active,1,462.1,6.3,0,Partially Patched,Low Risk
DEV-1226,Tablet,Android,24,13.0,4,5,4,3,No,Outdated,1,753.1,4.7,0,Partially Patched,Medium Risk
DEV-1227,Desktop,Windows 11,8,0.0,4,2,1,2,Yes,Outdated,1,599.7,5.1,2,Partially Patched,Low Risk
DEV-1228,IoT_Gateway,Embedded Linux,53,24.0,13,7,5,7,Yes,Active,1,141.3,1.0,0,Outdated,High Risk
DEV-1229,Server,Ubuntu Linux,72,31.0,6,13,5,5,No,Active,1,5879.6,8.9,0,Partially Patched,High Risk
DEV-1230,Smartphone,Android,4,6.0,1,5,1,2,Yes,Outdated,6,1790.4,5.7,0,Partially Patched,Medium Risk
DEV-1231,Desktop,Windows 10,5,6.0,5,3,3,2,Yes,Active,0,241.3,8.2,2,Partially Patched,Low Risk
DEV-1232,Server,Ubuntu Linux,49,16.0,2,7,3,3,Yes,Outdated,0,1956.8,2.7,0,Partially Patched,Low Risk
DEV-1233,Desktop,Windows 11,30,14.0,2,4,2,4,Yes,Active,1,609.6,5.7,0,Partially Patched,Low Risk
DEV-1234,Laptop,Windows 11,72,36.0,7,4,8,8,No,Outdated,1,1406.4,6.3,0,Outdated,High Risk
DEV-1235,Smartphone,Android,63,18.0,3,4,3,5,Yes,Active,0,168.6,5.8,0,Outdated,Medium Risk
DEV-1236,Laptop,Windows 11,47,24.0,3,1,4,6,Yes,Disabled,2,326.5,6.0,1,Outdated,High Risk
DEV-1237,Laptop,Ubuntu Linux,26,18.0,5,6,3,3,Yes,Active,1,1704.2,2.7,1,Fully Patched,Medium Risk
DEV-1238,Server,RedHat Linux,57,18.0,1,26,8,6,No,Active,1,4734.9,6.1,1,Outdated,High Risk
DEV-1239,Laptop,Windows 10,37,14.0,1,1,3,3,No,Active,1,2501.6,3.8,2,Partially Patched,Medium Risk
DEV-1240,IoT_Gateway,Embedded Linux,7,6.0,7,4,1,2,Yes,Active,5,343.4,4.3,2,Partially Patched,Medium Risk
DEV-1241,Tablet,Android,40,14.0,4,5,4,4,No,Active,0,813.6,5.5,0,Outdated,Medium Risk
DEV-1242,IoT_Gateway,Embedded Linux,39,23.0,3,9,7,4,No,Outdated,1,142.3,4.8,0,Partially Patched,High Risk
DEV-1243,Desktop,Windows 10,62,31.0,4,2,6,7,Yes,Active,1,2663.2,4.9,0,Outdated,Medium Risk
DEV-1244,Laptop,Windows 10,53,17.0,5,3,2,3,Yes,Active,2,671.3,7.7,0,Fully Patched,Low Risk
DEV-1245,IoT_Gateway,Embedded Linux,4,0.0,6,3,0,2,No,Active,0,199.6,5.2,2,Partially Patched,Low Risk
DEV-1246,Desktop,Windows 10,25,15.0,7,6,2,4,Yes,Active,2,1474.7,4.7,0,Outdated,Medium Risk
DEV-1247,Tablet,Android,7,7.0,3,1,2,3,No,Outdated,4,1241.8,5.3,2,Fully Patched,Medium Risk
DEV-1248,Tablet,iPadOS,28,22.0,4,4,4,4,Yes,ACTIVE,1,171.8,3.3,0,Outdated,Medium Risk
DEV-1249,IoT_Gateway,Embedded Linux,69,26.0,3,8,4,5,No,Active,1,356.6,5.8,0,Outdated,Medium Risk
DEV-1250,Laptop,Windows 10,67,34.0,2,6,7,5,Yes,Active,0,798.2,6.9,1,Outdated,Medium Risk
DEV-1251,Desktop,Windows 11,20,6.0,2,6,2,3,No,Active,1,1146.0,6.1,2,Fully Patched,Medium Risk
DEV-1252,IoT_Gateway,Embedded Linux,11,8.0,4,2,4,3,No,Active,0,522.4,5.6,0,Partially Patched,Low Risk
DEV-1253,Laptop,Windows 11,67,32.0,9,5,6,10,Yes,Outdated,0,1160.7,6.7,0,Outdated,High Risk
DEV-1254,Laptop,Windows 11,7,0.0,1,12,1,3,Yes,Active,0,1137.5,4.4,0,Fully Patched,Low Risk
DEV-1255,Server,Ubuntu Linux,23,14.0,6,4,4,5,Yes,Disabled,1,3403.5,5.6,0,Partially Patched,Medium Risk
DEV-1256,IoT_Gateway,Embedded Linux,61,31.0,3,1,5,6,No,Active,0,100.1,8.3,0,Partially Patched,Medium Risk
DEV-1257,Smartphone,Android,71,34.0,6,6,6,7,Yes,Active,0,868.5,4.9,0,Outdated,High Risk
DEV-1258,Server,Ubuntu Linux,34,23.0,3,13,6,6,Yes,Active,0,6050.6,6.7,0,Partially Patched,Medium Risk
DEV-1259,Laptop,macOS,19,13.0,2,3,3,5,Yes,Active,1,1702.6,6.8,0,Partially Patched,Low Risk
DEV-1260,Server,Ubuntu Linux,58,23.0,4,15,4,6,Yes,Disabled,1,5032.2,4.0,0,Partially Patched,High Risk
DEV-1261,Tablet,Android,9,10.0,6,4,4,2,Yes,Active,0,506.9,6.9,0,Fully Patched,Low Risk
DEV-1262,Laptop,Windows 10,48,18.0,3,1,4,3,Yes,Active,1,1862.6,4.3,1,Partially Patched,Medium Risk
DEV-1263,Desktop,Windows 11,41,18.0,0,1,5,6,Yes,Active,3,1484.8,6.4,0,Partially Patched,Medium Risk
DEV-1264,IoT_Gateway,Embedded Linux,48,24.0,17,1,6,5,Yes,Outdated,0,50.0,4.3,0,Partially Patched,High Risk
DEV-1265,Smartphone,Android,45,21.0,6,6,3,3,Yes,Active,0,1600.8,6.1,0,Partially Patched,Low Risk
DEV-1266,Smartphone,Android,25,17.0,3,4,4,3,Yes,Active,0,361.6,5.8,0,Fully Patched,Low Risk
DEV-1267,Smartphone,Android,25,21.0,28,1,8,3,Yes,Active,1,1161.3,5.7,0,Fully Patched,High Risk
DEV-1268,Desktop,Windows 10,19,5.0,3,5,1,0,Yes,Active,0,2368.1,6.0,0,Fully Patched,Low Risk
DEV-1269,Laptop,Windows 10,39,16.0,0,6,4,5,Yes,Active,0,1913.0,4.4,0,Outdated,Low Risk
DEV-1270,Smartphone,Android,27,14.0,6,6,3,3,Yes,Active,1,1023.3,3.2,1,Partially Patched,Medium Risk
DEV-1271,Smartphone,Android,63,25.0,20,5,4,4,Yes,Active,2,2068.6,5.7,4,Partially Patched,High Risk
DEV-1272,IoT_Gateway,Embedded Linux,68,28.0,3,6,4,7,No,Active,0,50.0,7.7,2,Outdated,High Risk
DEV-1273,IoT_Gateway,Embedded Linux,19,12.0,7,4,2,4,No,Disabled,0,362.6,6.7,1,Outdated,Medium Risk
DEV-1274,Desktop,macOS,28,15.0,3,1,3,2,Yes,Disabled,0,,6.4,1,Partially Patched,Medium Risk
DEV-1275,Desktop,macOS,33,16.0,4,2,3,4,Yes,Active,7,469.9,4.5,3,Partially Patched,High Risk
DEV-1276,Smartphone,iOS,10,6.0,3,1,5,2,Yes,Active,0,1011.4,5.9,1,Partially Patched,Low Risk
DEV-1277,Server,RedHat Linux,30,13.0,4,7,2,4,No,Active,0,3321.7,3.8,0,Outdated,Medium Risk
DEV-1278,Smartphone,Android,22,16.0,3,5,3,3,Yes,Active,0,428.2,4.7,0,Partially Patched,Low Risk
DEV-1279,Smartphone,iOS,3,9.0,1,4,2,5,Yes,Active,2,515.0,6.2,0,Outdated,Low Risk
DEV-1280,IoT_Gateway,Embedded Linux,48,25.0,2,9,9,6,No,Active,1,141.9,1.9,0,Partially Patched,High Risk
DEV-1281,Laptop,Windows 11,2,0.0,4,4,1,2,Yes,Active,4,1294.3,9.0,0,Partially Patched,Low Risk
DEV-1282,Desktop,macOS,54,22.0,5,2,5,6,No,Active,0,1557.6,2.8,0,Partially Patched,Medium Risk
DEV-1283,Laptop,macOS,6,5.0,5,4,2,1,No,Active,1,545.6,9.3,1,Partially Patched,Low Risk
DEV-1284,Server,RedHat Linux,40,14.0,2,11,3,4,No,Outdated,4,9282.1,3.8,2,Partially Patched,High Risk
DEV-1285,Laptop,Windows 11,2,3.0,5,3,0,3,Yes,Active,0,1620.8,3.8,3,Fully Patched,Low Risk
DEV-1286,Desktop,Windows 11,2,2.0,3,4,0,4,No,Active,1,2328.5,4.7,0,Outdated,Low Risk
DEV-1287,Desktop,macOS,55,28.0,5,1,5,5,Yes,Active,4,1482.4,4.6,3,Partially Patched,High Risk
DEV-1288,Laptop,Ubuntu Linux,72,28.0,25,3,4,10,Yes,Active,0,3575.4,4.3,1,Outdated,High Risk
DEV-1289,Server,Ubuntu Linux,60,30.0,3,11,5,6,Yes,Outdated,0,8873.2,4.8,0,Outdated,High Risk
DEV-1290,Laptop,Windows 11,6,0.0,3,5,1,0,Yes,Active,1,1229.7,5.7,0,Fully Patched,Low Risk
DEV-1291,Laptop,macOS,19,6.0,4,1,1,1,Yes,Active,1,830.9,3.7,0,Partially Patched,Low Risk
DEV-1292,Smartphone,Android,27,11.0,5,6,2,1,Yes,Outdated,2,327.6,7.2,0,Partially Patched,Low Risk
DEV-1293,Desktop,Windows 10,1,2.0,5,2,2,4,Yes,Outdated,0,887.9,8.3,0,Partially Patched,Low Risk
DEV-1294,Laptop,Ubuntu Linux,33,5.0,1,4,1,1,Yes,Active,1,2206.0,1.6,0,Partially Patched,Low Risk
DEV-1295,Desktop,Windows 11,40,19.0,4,4,3,6,Yes,Active,4,3524.9,9.2,0,Outdated,Medium Risk
DEV-1296,Smartphone,Android,32,21.0,5,10,9,5,Yes,Active,0,667.6,7.0,2,Partially Patched,High Risk
DEV-1297,Laptop,Windows 11,69,32.0,2,17,5,7,Yes,Active,0,3404.8,6.0,0,Outdated,Medium Risk
DEV-1298,Server,Ubuntu Linux,17,7.0,6,15,1,3,No,Active,1,5479.7,4.4,0,Partially Patched,Medium Risk
DEV-1299,Laptop,macOS,8,0.0,2,5,0,3,No,Active,1,1251.0,5.8,1,Fully Patched,Low Risk
DEV-1300,Laptop,Windows 10,57,17.0,1,4,5,8,Yes,Active,1,971.9,7.3,0,Outdated,Medium Risk
DEV-1301,Desktop,Ubuntu Linux,42,12.0,5,4,3,4,Yes,Active,0,930.3,10.0,0,Partially Patched,Low Risk
DEV-1302,Desktop,Windows 10,9,5.0,2,18,0,1,Yes,Active,1,429.5,9.9,1,Partially Patched,Low Risk
DEV-1303,Server,Ubuntu Linux,35,24.0,0,9,5,5,Yes,Outdated,0,9478.0,2.4,0,Outdated,Medium Risk
DEV-1304,Smartphone,Android,71,19.0,3,4,3,5,No,Active,1,193.0,5.1,0,Partially Patched,Medium Risk
DEV-1305,Tablet,Android,53,26.0,3,6,5,5,Yes,Active,1,325.6,5.7,1,Partially Patched,Medium Risk
DEV-1306,Desktop,Windows 11,54,20.0,5,5,4,5,No,Active,1,1196.2,8.2,1,Partially Patched,Medium Risk
DEV-1307,Laptop,Windows 11,25,10.0,2,2,1,4,Yes,Disabled,1,448.3,5.3,0,Outdated,Medium Risk
DEV-1308,Smartphone,Android,67,25.0,7,4,5,8,No,Active,0,420.7,4.0,1,Outdated,High Risk
DEV-1309,Laptop,Windows 10,62,21.0,1,11,4,6,Yes,Active,0,677.8,5.6,3,Partially Patched,High Risk
DEV-1310,Desktop,Windows 10,55,24.0,2,3,7,5,No,Disabled,0,1291.1,4.7,1,Partially Patched,High Risk
DEV-1311,Laptop,Windows 10,46,21.0,4,2,11,6,Yes,Active,0,4391.9,7.5,2,Partially Patched,High Risk
DEV-1312,Laptop,Windows 10,24,14.0,3,4,3,5,Yes,Outdated,1,1135.0,10.0,0,Outdated,Medium Risk
DEV-1313,Tablet,Android,46,13.0,2,9,5,5,Yes,Active,1,775.2,7.3,0,Outdated,Medium Risk
DEV-1314,Smartphone,Android,22,14.0,27,3,3,2,Yes,Active,0,1080.7,7.4,0,Fully Patched,Medium Risk
DEV-1315,Smartphone,Android,11,9.0,1,5,4,2,Yes,Active,0,,8.0,1,Fully Patched,Low Risk
DEV-1316,Desktop,Windows 10,48,22.0,6,4,4,4,Yes,Disabled,1,307.8,6.4,3,Partially Patched,High Risk
DEV-1317,Laptop,Windows 11,8,3.0,3,6,1,2,Yes,Active,2,575.9,4.7,2,Fully Patched,Low Risk
DEV-1318,Laptop,macOS,39,18.0,3,6,5,6,Yes,Active,0,1485.2,4.9,0,Partially Patched,Medium Risk
DEV-1319,Laptop,macOS,35,15.0,4,5,6,4,Yes,Disabled,0,474.7,7.7,0,Partially Patched,Medium Risk
DEV-1320,Desktop,Windows 10,49,25.0,3,8,4,6,Yes,Active,0,1370.4,6.1,4,Partially Patched,High Risk
DEV-1321,Smartphone,Android,46,18.0,3,6,3,6,Yes,Active,1,694.7,3.5,0,Outdated,Medium Risk
DEV-1322,Server,RedHat Linux,38,17.0,3,6,6,4,Yes,Active,0,3288.9,8.1,0,Outdated,Medium Risk
DEV-1323,Laptop,Windows 10,8,0.0,28,6,1,1,Yes,Active,1,1438.8,4.0,2,Fully Patched,Medium Risk
DEV-1324,Tablet,iPadOS,54,24.0,1,3,10,7,Yes,Outdated,2,409.3,3.2,2,Outdated,High Risk
DEV-1325,Smartphone,iOS,37,13.0,26,6,4,3,Yes,Outdated,1,807.3,3.7,0,Fully Patched,Medium Risk
DEV-1326,Server,RedHat Linux,40,20.0,6,16,5,3,Yes,Active,0,7521.0,6.1,0,Fully Patched,Medium Risk
DEV-1327,Server,RedHat Linux,34,18.0,4,16,3,3,Yes,Active,1,4139.5,7.4,0,Partially Patched,Medium Risk
DEV-1328,Desktop,Windows 11,17,6.0,5,6,1,5,No,Disabled,0,3664.3,6.0,3,Outdated,High Risk
DEV-1329,Laptop,Windows 10,33,15.0,2,2,3,4,Yes,Active,1,454.4,4.4,0,Outdated,Medium Risk
DEV-1330,Desktop,Windows 10,47,21.0,5,1,6,3,Yes,Active,0,707.7,3.9,0,Fully Patched,Medium Risk
DEV-1331,Smartphone,iOS,52,24.0,5,6,5,6,Yes,Active,1,338.6,7.0,2,Partially Patched,High Risk
DEV-1332,Laptop,Windows 11,9,8.0,2,4,2,2,Yes,Outdated,1,1725.3,5.3,0,Partially Patched,Low Risk
DEV-1333,Laptop,Windows 11,33,17.0,6,1,4,3,Yes,Active,4,472.1,6.2,1,Fully Patched,Medium Risk
DEV-1334,Laptop,macOS,60,24.0,2,6,5,8,No,Outdated,0,2840.2,5.2,0,Outdated,High Risk
DEV-1335,Laptop,Windows 10,21,16.0,3,3,6,6,Yes,Active,2,945.4,6.1,0,Outdated,Medium Risk
DEV-1336,IoT_Gateway,FreeRTOS,58,28.0,5,8,5,6,Yes,Active,1,193.3,6.3,0,Partially Patched,Medium Risk
DEV-1337,Smartphone,iOS,69,35.0,1,2,6,8,Yes,Active,0,243.0,10.0,0,Outdated,Medium Risk
DEV-1338,Desktop,Windows 10,10,7.0,1,1,2,1,Yes,Active,0,1606.7,6.3,2,Partially Patched,Low Risk
DEV-1339,Laptop,Windows 10,6,6.0,1,1,1,1,Yes,Outdated,1,2021.2,4.7,0,Fully Patched,Low Risk
DEV-1340,Desktop,macOS,13,6.0,4,4,6,2,Yes,Active,1,1090.5,5.9,0,Partially Patched,Low Risk
DEV-1341,Desktop,Windows 10,65,26.0,3,2,4,4,Yes,Active,0,2722.4,3.6,0,Outdated,Low Risk
DEV-1342,Laptop,Windows 10,20,13.0,0,12,6,4,No,Outdated,0,1061.2,3.6,0,Partially Patched,Medium Risk
DEV-1343,Desktop,Windows 11,57,25.0,8,2,8,5,Yes,Disabled,0,1175.3,8.0,0,Partially Patched,High Risk
DEV-1344,Desktop,Windows 10,46,19.0,6,6,3,5,Yes,Outdated,0,986.0,6.1,0,Outdated,Medium Risk
DEV-1345,Server,RedHat Linux,8,1.0,4,4,3,0,Yes,Active,0,6957.9,7.7,0,Fully Patched,Low Risk
DEV-1346,Server,Ubuntu Linux,10,12.0,35,9,2,4,Yes,Active,0,5778.4,2.3,0,Partially Patched,High Risk
DEV-1347,Laptop,Windows 11,67,29.0,2,1,7,7,Yes,Active,0,935.6,3.5,0,Outdated,Medium Risk
DEV-1348,Desktop,Windows 11,11,1.0,3,5,0,1,Yes,Outdated,0,1434.4,6.1,3,Partially Patched,Low Risk
DEV-1349,Server,Ubuntu Linux,12,7.0,5,7,5,2,No,Active,0,7118.4,3.9,0,Partially Patched,Low Risk
DEV-1350,Desktop,Windows 11,10,5.0,4,2,2,1,Yes,Active,2,1583.1,2.7,0,Partially Patched,Low Risk
DEV-1351,IoT_Gateway,Embedded Linux,25,11.0,3,3,5,2,No,Active,0,152.0,3.3,0,Partially Patched,Medium Risk
DEV-1352,Server,Windows Server,49,23.0,0,7,5,5,Yes,Active,2,6207.9,4.9,1,Partially Patched,Medium Risk
DEV-1353,Laptop,Windows 10,49,20.0,3,6,4,4,Yes,Active,2,767.1,6.3,0,Partially Patched,Medium Risk
DEV-1354,Laptop,Windows 11,11,5.0,4,11,1,2,No,Active,0,1091.1,8.9,1,Partially Patched,Medium Risk
DEV-1355,Server,Ubuntu Linux,62,32.0,15,15,5,9,Yes,Active,0,3856.7,3.4,0,Outdated,High Risk
DEV-1356,Laptop,Windows 10,36,9.0,4,1,2,6,No,Active,0,1298.2,3.5,0,Outdated,Low Risk
DEV-1357,Server,Ubuntu Linux,39,17.0,0,7,5,3,Yes,Active,0,7277.5,2.6,2,Partially Patched,Medium Risk
DEV-1358,IoT_Gateway,Embedded Linux,53,26.0,4,6,4,5,Yes,Active,1,789.5,6.6,0,Outdated,Medium Risk
DEV-1359,Server,RedHat Linux,56,26.0,35,15,13,4,No,Active,6,9609.8,5.7,1,Partially Patched,High Risk
DEV-1360,Desktop,macOS,1,6.0,3,4,4,5,No,Active,0,3654.5,3.6,0,,Low Risk
DEV-1361,Server,Ubuntu Linux,56,32.0,1,9,6,7,No,Outdated,2,8297.0,3.8,0,Outdated,High Risk
DEV-1362,Desktop,Windows 10,4,10.0,3,3,2,1,No,Active,1,2865.9,5.3,0,Fully Patched,Low Risk
DEV-1363,Desktop,Windows 11,30,9.0,6,5,5,3,Yes,Active,1,114.5,5.4,0,Fully Patched,Medium Risk
DEV-1364,IoT_Gateway,FreeRTOS,12,0.0,4,4,0,4,No,Outdated,2,1031.9,3.4,0,Partially Patched,Low Risk
DEV-1365,Desktop,Windows 10,35,17.0,3,6,3,4,No,Active,0,1249.9,5.9,1,Partially Patched,Medium Risk
DEV-1366,Tablet,Android,52,17.0,2,6,2,5,Yes,Active,1,2426.7,2.7,3,Outdated,Medium Risk
DEV-1367,IoT_Gateway,Embedded Linux,31,6.0,3,8,5,2,No,Active,0,,5.6,0,Partially Patched,Medium Risk
DEV-1368,Laptop,Windows 11,68,30.0,2,6,6,8,Yes,Active,2,1466.8,5.1,0,Outdated,High Risk
DEV-1369,Laptop,Windows 10,52,25.0,2,4,4,7,Yes,Active,0,302.8,6.3,0,Outdated,Medium Risk
DEV-1370,Laptop,Windows 11,7,11.0,3,4,2,3,Yes,Outdated,7,2246.9,7.9,0,Fully Patched,High Risk
DEV-1371,Laptop,Windows 10,22,13.0,14,4,3,3,Yes,Active,2,146.0,4.8,1,Partially Patched,Medium Risk
DEV-1372,Laptop,Windows 11,56,32.0,2,5,5,7,Yes,Active,0,2012.6,5.5,1,Outdated,Medium Risk
DEV-1373,Smartphone,Android,58,26.0,2,13,7,7,Yes,Active,1,129.2,1.5,1,Outdated,High Risk
DEV-1374,Laptop,macOS,64,23.0,4,1,4,4,No,Active,1,1398.4,9.4,0,Partially Patched,Medium Risk
DEV-1375,Laptop,macOS,12,10.0,3,5,3,4,Yes,Disabled,3,2184.7,1.8,0,Partially Patched,Medium Risk
DEV-1376,Smartphone,iOS,7,10.0,3,2,2,2,Yes,Outdated,1,909.9,5.3,2,Partially Patched,Low Risk
DEV-1377,Laptop,Windows 11,55,25.0,1,5,5,4,No,Outdated,0,2017.6,1.0,0,Outdated,Medium Risk
DEV-1378,Smartphone,Android,62,32.0,8,5,5,8,No,Active,1,976.9,3.8,3,Outdated,High Risk
DEV-1379,Laptop,Windows 10,55,23.0,4,3,6,7,Yes,Active,0,2290.0,9.0,0,Outdated,Medium Risk
DEV-1380,Laptop,Windows 11,36,18.0,2,2,5,4,Yes,Active,0,932.1,7.8,0,Outdated,Low Risk
DEV-1381,Smartphone,Android,24,10.0,5,2,1,2,Yes,Disabled,1,1344.3,7.5,0,Partially Patched,Low Risk
DEV-1382,Server,Ubuntu Linux,44,29.0,2,13,4,5,No,Active,1,3581.7,5.1,0,Outdated,High Risk
DEV-1383,IoT_Gateway,Embedded Linux,17,12.0,7,2,4,4,No,Disabled,1,572.3,8.8,0,Outdated,High Risk
DEV-1384,Smartphone,Android,2,0.0,22,6,0,2,Yes,Outdated,0,913.8,6.0,2,Partially Patched,Medium Risk
DEV-1385,Smartphone,iOS,13,14.0,2,14,3,2,No,Active,1,672.9,6.9,0,Partially Patched,Medium Risk
DEV-1386,Laptop,Windows 11,31,11.0,3,15,2,2,No,Active,0,899.4,10.0,0,Partially Patched,Medium Risk
DEV-1387,Laptop,Windows 10,28,13.0,2,5,2,3,Yes,Outdated,1,532.9,7.7,0,Partially Patched,Medium Risk
DEV-1388,Smartphone,Android,60,27.0,3,4,5,6,Yes,Outdated,0,336.8,5.4,0,Outdated,Medium Risk
DEV-1389,Smartphone,Android,27,14.0,2,4,3,2,Yes,Active,1,350.0,6.5,0,Partially Patched,Low Risk
DEV-1390,Tablet,Android,15,9.0,2,5,2,2,No,Active,1,1102.7,8.3,0,Partially Patched,Low Risk
DEV-1391,Desktop,macOS,33,10.0,4,6,2,2,No,Active,1,568.4,6.7,0,Partially Patched,Low Risk
DEV-1392,Desktop,macOS,20,11.0,4,5,4,1,Yes,Active,1,1608.1,7.1,2,Partially Patched,Medium Risk
DEV-1393,Smartphone,Android,42,23.0,9,2,3,3,Yes,Outdated,1,831.8,8.1,1,Partially Patched,Medium Risk
DEV-1394,Laptop,Ubuntu Linux,12,11.0,4,3,2,5,No,Disabled,0,599.6,10.0,2,Partially Patched,Medium Risk
DEV-1395,IoT_Gateway,FreeRTOS,23,5.0,4,4,1,2,No,Active,3,461.8,3.6,1,Partially Patched,Medium Risk
DEV-1396,IoT_Gateway,Embedded Linux,72,28.0,4,3,7,6,No,Outdated,0,329.4,6.9,1,Outdated,High Risk
DEV-1397,Desktop,macOS,14,3.0,3,1,0,0,No,Active,0,2681.9,6.4,2,Fully Patched,Low Risk
DEV-1398,Smartphone,Android,25,13.0,5,6,4,2,Yes,Active,1,1193.3,4.7,0,Partially Patched,Medium Risk
DEV-1399,Smartphone,Android,31,8.0,4,4,2,2,Yes,Active,7,751.2,4.2,0,Partially Patched,Medium Risk
DEV-1400,Laptop,Windows 11,54,,4,1,6,4,Yes,Outdated,0,826.3,8.8,1,Outdated,Medium Risk
DEV-1401,IoT_Gateway,Embedded Linux,5,1.0,3,1,1,1,No,Active,0,135.7,3.5,2,Partially Patched,Low Risk
DEV-1402,Desktop,Ubuntu Linux,13,0.0,0,3,1,1,No,Active,0,600.3,2.7,1,Partially Patched,Low Risk
DEV-1403,Smartphone,Android,28,13.0,7,6,4,6,Yes,Disabled,1,252.9,4.4,0,Partially Patched,High Risk
DEV-1404,Laptop,Windows 10,43,10.0,3,17,2,1,Yes,Disabled,0,1802.0,1.9,3,Partially Patched,High Risk
DEV-1405,IoT_Gateway,Embedded Linux,47,22.0,4,1,6,6,Yes,Active,0,276.7,3.8,1,Partially Patched,Medium Risk
DEV-1406,Desktop,macOS,71,28.0,3,2,4,5,No,Active,1,470.5,3.4,1,Outdated,Medium Risk
DEV-1407,Laptop,Ubuntu Linux,38,14.0,2,5,3,4,Yes,Disabled,0,1847.9,5.7,1,Outdated,Medium Risk
DEV-1408,IoT_Gateway,Embedded Linux,67,26.0,1,8,6,4,No,Outdated,0,524.3,8.4,1,Partially Patched,Medium Risk
DEV-1409,Laptop,Windows 11,62,26.0,3,3,7,5,Yes,Disabled,4,2513.4,4.3,0,Partially Patched,High Risk
DEV-1410,Laptop,Windows 10,39,19.0,2,3,5,6,Yes,Active,1,422.5,7.2,0,Outdated,Medium Risk
DEV-1411,Tablet,Android,37,22.0,8,4,5,6,No,Active,0,,7.0,3,Partially Patched,High Risk
DEV-1412,Tablet,Android,8,9.0,2,4,9,1,Yes,Active,1,865.7,1.1,0,Partially Patched,Medium Risk
DEV-1413,Server,Ubuntu Linux,52,31.0,3,7,5,5,Yes,Active,0,4687.4,4.4,1,Partially Patched,Medium Risk
DEV-1414,Server,RedHat Linux,33,17.0,6,10,3,5,No,Disabled,4,11031.8,4.7,0,Partially Patched,High Risk
DEV-1415,Desktop,Windows 10,42,19.0,6,3,3,6,No,Active,0,857.1,6.3,2,Partially Patched,Medium Risk
DEV-1416,Laptop,Windows 11,27,10.0,4,6,8,4,Yes,Active,0,108.1,6.6,0,Outdated,Medium Risk
DEV-1417,Laptop,Windows 10,8,3.0,36,6,1,2,Yes,Active,0,1080.5,6.2,0,Partially Patched,Medium Risk
DEV-1418,Smartphone,Android,23,13.0,6,5,4,3,Yes,Active,1,373.0,3.7,0,Fully Patched,Low Risk
DEV-1419,Smartphone,Android,64,23.0,2,1,3,4,Yes,Active,0,813.5,4.2,0,Partially Patched,Low Risk
DEV-1420,Smartphone,iOS,20,10.0,2,1,2,2,Yes,Outdated,1,928.2,2.5,1,Partially Patched,Low Risk
DEV-1421,Smartphone,Android,16,8.0,2,2,2,3,Yes,Active,1,960.5,5.6,0,Fully Patched,Low Risk
DEV-1422,Laptop,macOS,17,5.0,3,3,1,1,Yes,Active,4,1423.5,4.8,1,Fully Patched,Low Risk
DEV-1423,Desktop,Windows 11,19,5.0,5,4,1,1,No,Outdated,2,,6.6,0,Fully Patched,Low Risk
DEV-1424,Laptop,macOS,8,15.0,3,6,3,3,No,Active,1,3086.9,6.9,1,Fully Patched,Low Risk
DEV-1425,Desktop,Windows 10,38,11.0,4,5,2,2,No,Active,2,349.1,4.8,0,Partially Patched,Low Risk
DEV-1426,Desktop,Windows 10,38,16.0,3,16,3,2,Yes,Active,1,2042.7,6.1,0,Partially Patched,Medium Risk
DEV-1427,IoT_Gateway,Embedded Linux,53,28.0,7,8,4,4,No,Outdated,1,301.2,5.1,0,Partially Patched,High Risk
DEV-1428,Desktop,macOS,31,16.0,2,2,4,7,Yes,Active,0,1075.4,3.3,0,Outdated,Low Risk
DEV-1429,Laptop,Windows 10,44,17.0,36,6,3,5,Yes,Active,1,1289.8,3.9,1,Partially Patched,High Risk
DEV-1430,Laptop,Windows 10,60,21.0,3,1,4,5,No,Active,0,1564.2,1.0,0,Partially Patched,Medium Risk
DEV-1431,Smartphone,iOS,17,9.0,2,5,1,2,No,Active,0,277.4,4.7,0,Partially Patched,Low Risk
DEV-1432,Server,RedHat Linux,39,7.0,3,4,1,1,No,Outdated,0,7062.9,4.3,0,Partially Patched,Low Risk
DEV-1433,Laptop,Windows 10,42,19.0,2,5,3,4,No,Active,0,1919.2,3.3,0,Partially Patched,Medium Risk
DEV-1434,Laptop,Windows 10,48,21.0,3,4,5,4,No,Outdated,1,2017.8,7.1,2,Outdated,High Risk
DEV-1435,Smartphone,Android,12,11.0,2,5,3,2,Yes,Active,0,1410.8,6.6,0,Partially Patched,Low Risk
DEV-1436,Laptop,Windows 11,18,4.0,35,4,4,0,Yes,Active,0,704.9,6.6,0,Fully Patched,Medium Risk
DEV-1437,Smartphone,Android,6,3.0,3,3,4,0,Yes,Outdated,1,352.4,6.9,0,Fully Patched,Low Risk
DEV-1438,Smartphone,iOS,43,20.0,4,1,5,6,Yes,Active,2,181.8,5.5,1,Partially Patched,Medium Risk
DEV-1439,Laptop,Ubuntu Linux,35,16.0,2,5,4,4,No,Active,1,1580.4,5.5,1,Outdated,Medium Risk
DEV-1440,Laptop,Windows 11,54,18.0,5,5,4,6,No,Active,1,1167.6,7.2,0,Partially Patched,Medium Risk
DEV-1441,Tablet,Android,62,24.0,5,2,5,5,No,Active,0,1210.2,6.8,0,Partially Patched,Medium Risk
DEV-1442,Desktop,Windows 11,69,35.0,21,1,7,7,No,Active,2,3210.3,7.6,2,Outdated,High Risk
DEV-1443,Desktop,Ubuntu Linux,16,9.0,3,3,2,1,Yes,Active,0,2960.4,5.4,0,Partially Patched,Low Risk
DEV-1444,Smartphone,iOS,8,0.0,2,4,0,0,No,Active,2,725.9,3.5,0,Fully Patched,Low Risk
DEV-1445,IoT_Gateway,Embedded Linux,31,17.0,6,16,4,5,No,Active,0,986.7,6.0,0,Outdated,Medium Risk
DEV-1446,Tablet,iPadOS,10,0.0,2,2,1,3,Yes,Outdated,2,843.7,4.3,0,Partially Patched,Low Risk
DEV-1447,Smartphone,iOS,56,23.0,3,3,4,4,Yes,Active,0,285.2,6.8,1,Outdated,Medium Risk
DEV-1448,Desktop,Windows 10,70,32.0,4,4,5,7,Yes,Active,0,749.3,6.1,0,Outdated,Medium Risk
DEV-1449,Laptop,Windows 11,20,14.0,1,1,3,4,Yes,Active,1,1699.7,5.6,0,Partially Patched,Low Risk
DEV-1450,Smartphone,Android,5,0.0,5,6,4,1,Yes,Active,1,985.4,4.7,0,Partially Patched,Low Risk
DEV-1451,Server,RedHat Linux,23,14.0,2,13,2,4,Yes,Active,0,3775.8,7.5,0,Partially Patched,Low Risk
DEV-1452,Desktop,Windows 10,9,9.0,5,5,3,3,Yes,Active,1,1230.5,7.3,1,Partially Patched,Low Risk
DEV-1453,IoT_Gateway,Embedded Linux,58,22.0,30,9,9,6,No,Outdated,1,50.0,4.4,0,Partially Patched,High Risk
DEV-1454,Laptop,Ubuntu Linux,59,25.0,1,6,4,6,No,Active,0,352.2,3.0,3,Outdated,High Risk
DEV-1455,Desktop,Windows 11,54,11.0,3,3,5,5,No,Active,2,668.4,5.9,0,Partially Patched,Medium Risk
DEV-1456,Laptop,Windows 10,46,9.0,4,5,4,1,Yes,Active,5,1214.3,7.9,0,Partially Patched,Medium Risk
DEV-1457,Desktop,Windows 10,22,15.0,3,2,3,4,Yes,Outdated,1,1582.6,3.0,0,Partially Patched,Medium Risk
DEV-1458,Laptop,Windows 10,64,25.0,2,6,4,4,Yes,Active,0,1089.7,6.4,0,Partially Patched,Medium Risk
DEV-1459,Laptop,Windows 10,8,3.0,4,4,0,1,Yes,Disabled,1,903.4,3.9,0,Partially Patched,Low Risk
DEV-1460,Laptop,Windows 11,20,10.0,6,3,2,3,Yes,Active,6,1796.6,3.5,0,Partially Patched,Medium Risk
DEV-1461,Server,Ubuntu Linux,51,20.0,5,17,8,4,Yes,Active,0,5975.1,7.4,1,Outdated,High Risk
DEV-1462,Smartphone,Android,39,15.0,4,4,2,2,Yes,Active,0,556.4,6.8,0,Partially Patched,Low Risk
DEV-1463,Server,RedHat Linux,37,18.0,32,14,6,4,Yes,Disabled,1,3191.8,5.2,0,Partially Patched,High Risk
DEV-1464,Tablet,Android,50,16.0,8,6,2,3,Yes,Outdated,1,581.2,7.1,0,Partially Patched,Medium Risk
DEV-1465,Desktop,Windows 10,34,20.0,5,3,8,6,Yes,Active,4,971.2,6.9,0,Outdated,High Risk
DEV-1466,Laptop,Windows 10,33,14.0,3,2,2,5,Yes,Active,0,416.5,2.5,1,Outdated,Low Risk
DEV-1467,IoT_Gateway,Embedded Linux,31,10.0,5,4,3,3,No,Active,1,365.9,5.7,1,Partially Patched,Medium Risk
DEV-1468,Laptop,macOS,54,19.0,2,2,3,6,Yes,Active,0,2364.0,8.3,0,Outdated,Medium Risk
DEV-1469,Tablet,Android,44,19.0,21,4,3,4,No,Active,1,369.0,6.4,2,Partially Patched,High Risk
DEV-1470,Laptop,Windows 11,34,14.0,13,3,2,4,No,Active,0,1326.5,1.0,0,Partially Patched,Medium Risk
DEV-1471,Tablet,iPadOS,71,24.0,14,2,4,5,Yes,Outdated,2,248.5,3.4,0,Partially Patched,High Risk
DEV-1472,Laptop,Windows 10,62,24.0,4,3,4,5,Yes,Active,0,785.8,7.5,0,Partially Patched,Medium Risk
DEV-1473,IoT_Gateway,Embedded Linux,23,7.0,5,6,2,5,No,Active,2,237.6,4.4,1,Partially Patched,Medium Risk
DEV-1474,Desktop,macOS,46,25.0,26,6,4,4,Yes,Active,0,2247.1,7.7,0,Outdated,High Risk
DEV-1475,Tablet,iPadOS,56,24.0,2,3,5,4,Yes,Disabled,0,869.4,9.6,0,Partially Patched,Medium Risk
DEV-1476,Laptop,Ubuntu Linux,7,11.0,3,4,3,4,Yes,Active,0,1311.7,5.0,0,Partially Patched,Low Risk
DEV-1477,Server,RedHat Linux,61,23.0,3,17,6,5,No,Active,1,4278.2,4.3,0,Outdated,High Risk
DEV-1478,Tablet,Android,3,2.0,4,4,3,4,Yes,Outdated,0,269.6,3.5,0,Partially Patched,Low Risk
DEV-1479,Desktop,Windows 10,38,18.0,3,2,5,4,No,Outdated,0,771.4,7.0,0,Partially Patched,Medium Risk
DEV-1480,Server,Ubuntu Linux,34,18.0,3,16,3,4,No,Outdated,0,3313.9,4.3,4,Partially Patched,High Risk
DEV-1481,Smartphone,Android,44,22.0,1,17,4,3,No,Outdated,1,1368.5,4.7,2,Partially Patched,High Risk
DEV-1482,Desktop,Windows 11,30,10.0,2,6,2,3,No,Active,0,589.3,3.3,0,Partially Patched,Low Risk
DEV-1483,Server,Windows Server,17,5.0,3,4,1,2,Yes,Active,2,5793.5,4.6,1,Fully Patched,Low Risk
DEV-1484,Server,RedHat Linux,59,24.0,4,15,4,6,Yes,Outdated,0,11158.3,4.1,0,Partially Patched,High Risk
DEV-1485,IoT_Gateway,Embedded Linux,10,11.0,2,8,2,2,No,Disabled,0,181.8,1.5,0,Fully Patched,Medium Risk
DEV-1486,Laptop,Windows 11,18,5.0,5,3,1,2,No,Active,1,2959.7,3.8,0,Fully Patched,Low Risk
DEV-1487,Laptop,Windows 11,45,17.0,4,1,3,3,Yes,Active,0,1596.7,7.0,1,Fully Patched,Low Risk
DEV-1488,Tablet,Android,59,28.0,3,2,6,7,Yes,Active,0,1049.2,8.2,0,Outdated,Medium Risk
DEV-1489,IoT_Gateway,Embedded Linux,62,29.0,0,1,5,4,No,Outdated,3,106.9,5.3,0,Partially Patched,High Risk
DEV-1490,Desktop,Windows 11,59,27.0,5,1,4,6,Yes,Active,0,1403.0,5.6,0,Partially Patched,Medium Risk
DEV-1491,Server,RedHat Linux,49,21.0,3,8,4,4,Yes,Outdated,2,4818.5,6.1,2,Outdated,High Risk
DEV-1492,Laptop,macOS,63,22.0,4,5,4,7,Yes,Active,0,724.8,9.4,1,Outdated,Medium Risk
DEV-1493,Laptop,macOS,32,12.0,3,1,2,2,Yes,Active,2,1209.5,3.5,2,Fully Patched,Low Risk
DEV-1494,Desktop,Windows 10,10,10.0,3,5,2,2,Yes,Disabled,0,2099.5,3.0,0,Fully Patched,Low Risk
DEV-1495,Desktop,Windows 11,11,9.0,1,5,1,3,Yes,Outdated,1,1523.4,5.4,0,Partially Patched,Low Risk
DEV-1496,Server,Windows Server,70,24.0,4,12,4,8,No,Active,0,2228.9,6.3,0,Outdated,High Risk
DEV-1497,Laptop,macOS,62,30.0,5,4,5,6,No,Active,1,762.1,5.4,0,Partially Patched,Medium Risk
DEV-1498,Tablet,Android,47,26.0,4,5,5,7,No,Active,0,114.6,2.8,0,Outdated,Medium Risk
DEV-1499,Tablet,iPadOS,34,15.0,4,1,3,3,No,Active,0,822.5,7.3,0,Partially Patched,Low Risk
DEV-1500,Smartphone,Android,17,10.0,3,4,4,2,No,Active,1,1698.2,5.2,4,Partially Patched,Medium Risk
DEV-1501,Desktop,macOS,54,27.0,8,6,5,5,Yes,Outdated,1,1395.8,6.6,0,Partially Patched,Medium Risk
DEV-1502,Laptop,Ubuntu Linux,40,15.0,3,5,3,4,Yes,Active,2,596.0,8.6,0,Partially Patched,Medium Risk
DEV-1503,Smartphone,Android,19,18.0,4,1,4,3,Yes,Active,4,119.2,2.6,1,Fully Patched,Medium Risk
DEV-1504,Smartphone,iOS,67,33.0,2,5,6,8,Yes,Active,1,1661.3,2.1,1,Outdated,High Risk
DEV-1505,Laptop,Windows 10,53,25.0,4,4,10,6,No,Disabled,1,679.0,6.6,0,Partially Patched,High Risk
DEV-1506,IoT_Gateway,FreeRTOS,64,27.0,3,7,4,6,Yes,Active,1,139.5,1.4,4,Partially Patched,High Risk
DEV-1507,Smartphone,Android,47,22.0,1,1,4,6,Yes,Active,1,628.4,4.7,1,Partially Patched,Medium Risk
DEV-1508,IoT_Gateway,Embedded Linux,6,0.0,4,8,0,2,No,Outdated,0,115.7,4.4,0,Partially Patched,Low Risk
DEV-1509,Smartphone,Android,16,16.0,9,6,5,3,Yes,Active,3,452.8,6.2,1,Partially Patched,Medium Risk
DEV-1510,Server,Ubuntu Linux,72,35.0,1,14,9,5,Yes,Outdated,6,7036.8,4.2,1,Outdated,High Risk
DEV-1511,Desktop,Windows 11,18,15.0,5,2,5,3,Yes,Outdated,0,1546.0,6.5,0,Partially Patched,Low Risk
DEV-1512,IoT_Gateway,FreeRTOS,52,22.0,6,18,4,6,Yes,Active,0,286.2,3.4,2,Partially Patched,High Risk
DEV-1513,IoT_Gateway,Embedded Linux,48,19.0,6,4,6,7,No,Active,1,227.5,3.0,1,Outdated,High Risk
DEV-1514,Laptop,macOS,43,16.0,7,1,2,4,Yes,Disabled,0,1457.1,5.5,1,Partially Patched,Medium Risk
DEV-1515,Laptop,Ubuntu Linux,39,20.0,5,4,4,5,Yes,Outdated,0,2349.1,5.7,0,Outdated,Medium Risk
DEV-1516,Desktop,Windows 11,49,19.0,3,5,7,6,No,Active,0,618.7,6.1,0,Partially Patched,Medium Risk
DEV-1517,Smartphone,Android,12,6.0,5,1,3,2,Yes,Outdated,0,852.9,8.5,0,Partially Patched,Low Risk
DEV-1518,Tablet,Android,10,8.0,4,3,1,4,No,Active,1,870.0,8.1,0,Partially Patched,Low Risk
DEV-1519,Laptop,Windows 11,71,27.0,1,4,6,7,No,Active,0,594.6,6.4,3,Outdated,High Risk
DEV-1520,Server,Ubuntu Linux,55,28.0,3,13,5,5,No,Active,0,8608.2,7.1,2,Outdated,High Risk
DEV-1521,Desktop,Windows 10,1,2.0,1,6,0,2,No,Active,0,954.3,6.0,0,Partially Patched,Low Risk
DEV-1522,Tablet,Android,49,15.0,5,6,4,3,Yes,Active,0,379.6,7.9,1,Fully Patched,Low Risk
DEV-1523,Smartphone,Android,36,13.0,6,10,2,4,Yes,Outdated,1,373.4,6.2,0,Outdated,Medium Risk
DEV-1524,Smartphone,Android,21,15.0,6,5,2,3,Yes,Active,4,1782.4,4.4,0,Fully Patched,Low Risk
DEV-1525,Desktop,Windows 11,37,13.0,8,4,3,3,Yes,Outdated,2,1259.6,4.0,0,Partially Patched,Medium Risk
DEV-1526,Desktop,Ubuntu Linux,24,15.0,4,3,3,2,Yes,Active,0,1097.7,7.8,0,Partially Patched,Low Risk
DEV-1527,Laptop,macOS,55,24.0,2,10,4,4,Yes,Disabled,0,1313.7,5.1,0,Outdated,Medium Risk
DEV-1528,Laptop,Ubuntu Linux,25,11.0,6,2,1,1,Yes,Active,0,1206.2,9.3,0,Partially Patched,Low Risk
DEV-1529,IoT_Gateway,Embedded Linux,7,14.0,3,20,5,5,Yes,Active,0,207.2,3.3,1,Outdated,High Risk
DEV-1530,Smartphone,Android,71,25.0,2,3,4,5,Yes,Active,0,403.8,8.0,0,Partially Patched,Medium Risk
DEV-1531,Tablet,iPadOS,71,27.0,5,1,5,6,Yes,Active,1,1531.0,4.6,0,Partially Patched,Medium Risk
DEV-1532,Tablet,Android,24,11.0,2,1,6,3,No,Outdated,1,497.6,6.3,2,Fully Patched,Medium Risk
DEV-1533,Server,Ubuntu Linux,11,16.0,4,15,3,2,No,Active,0,3906.3,2.9,0,Partially Patched,Low Risk
DEV-1534,Smartphone,Android,12,6.0,17,2,1,2,Yes,Active,0,1378.3,1.8,1,Fully Patched,Low Risk
DEV-1535,IoT_Gateway,Embedded Linux,35,17.0,19,1,3,4,No,Active,0,379.6,8.5,0,Partially Patched,High Risk
DEV-1536,Smartphone,Android,63,25.0,3,4,5,4,Yes,Active,0,1131.1,4.6,0,Outdated,Medium Risk
DEV-1537,Laptop,Windows 11,68,30.0,32,2,7,6,Yes,Active,0,814.2,7.5,0,Partially Patched,High Risk
DEV-1538,Desktop,Windows 10,57,23.0,4,1,5,6,Yes,Active,0,1328.1,4.2,0,Partially Patched,Low Risk
DEV-1539,Laptop,Windows 11,13,9.0,3,1,1,6,Yes,Active,0,2283.6,7.5,1,Outdated,Low Risk
DEV-1540,Tablet,Android,23,14.0,3,2,2,4,No,Outdated,1,1555.5,4.6,0,Partially Patched,Medium Risk
DEV-1541,Server,RedHat Linux,39,16.0,3,9,3,7,Yes,Active,2,5912.3,3.1,0,Outdated,Medium Risk
DEV-1542,Laptop,Windows 11,12,2.0,4,2,2,3,Yes,Active,0,1466.2,6.8,0,Partially Patched,Low Risk
DEV-1543,Smartphone,Android,34,15.0,4,5,3,4,No,Active,4,834.6,7.4,0,Outdated,Medium Risk
DEV-1544,Server,Windows Server,71,36.0,2,16,6,9,No,Active,0,9913.0,6.8,0,Outdated,High Risk
DEV-1545,Desktop,Windows 11,31,11.0,2,4,4,3,Yes,Active,0,1675.7,5.2,0,Partially Patched,Low Risk
DEV-1546,Laptop,Windows 11,62,28.0,28,4,6,6,Yes,Disabled,1,3323.7,2.0,0,Outdated,High Risk
DEV-1547,Smartphone,Android,13,2.0,6,3,3,1,Yes,Active,0,822.1,3.4,0,Partially Patched,Low Risk
DEV-1548,Desktop,Windows 11,31,10.0,4,5,2,5,Yes,Active,2,1516.1,4.1,0,Outdated,Medium Risk
DEV-1549,Smartphone,Android,2,8.0,5,2,2,3,Yes,Active,2,594.0,5.0,0,Partially Patched,Low Risk
DEV-1550,Desktop,macOS,15,10.0,19,5,2,1,Yes,Active,0,1367.6,7.8,1,Partially Patched,Medium Risk
DEV-1551,IoT_Gateway,Embedded Linux,57,26.0,5,8,6,6,No,Outdated,1,548.3,5.3,1,Partially Patched,High Risk
DEV-1552,Server,RedHat Linux,34,6.0,7,15,3,3,Yes,Disabled,5,4957.3,1.3,3,Partially Patched,High Risk
DEV-1553,Server,RedHat Linux,68,26.0,17,17,6,7,Yes,Disabled,0,3592.3,1.0,0,Outdated,High Risk
DEV-1554,IoT_Gateway,Embedded Linux,29,16.0,5,8,3,2,No,Outdated,0,169.5,4.1,0,Partially Patched,Medium Risk
DEV-1555,Desktop,Windows 10,66,22.0,5,4,5,3,Yes,Active,1,2402.3,4.5,0,Partially Patched,Medium Risk
DEV-1556,Laptop,Windows 11,16,6.0,4,2,1,2,Yes,Active,0,814.6,6.2,2,Partially Patched,Low Risk
DEV-1557,Laptop,Windows 10,39,20.0,4,6,6,4,No,Active,2,2095.5,2.6,2,Partially Patched,High Risk
DEV-1558,Smartphone,Android,37,10.0,5,1,1,2,Yes,Active,3,396.0,2.7,1,Partially Patched,Low Risk
DEV-1559,Server,RedHat Linux,21,3.0,5,15,0,1,No,Active,0,3395.5,6.4,0,Partially Patched,Low Risk
DEV-1560,Smartphone,Android,44,13.0,1,5,2,5,Yes,Active,0,449.7,8.2,0,Partially Patched,Low Risk
DEV-1561,Laptop,macOS,19,10.0,5,1,2,5,Yes,Disabled,0,2351.7,1.6,0,Partially Patched,Medium Risk
DEV-1562,Laptop,Windows 11,71,28.0,3,5,4,10,No,Outdated,1,3190.5,4.0,0,Outdated,High Risk
DEV-1563,Laptop,Windows 10,8,8.0,4,4,1,2,No,Active,0,1114.8,7.7,0,Partially Patched,Low Risk
DEV-1564,Desktop,Windows 10,66,28.0,5,2,5,6,Yes,Active,0,2185.2,7.4,0,Outdated,Medium Risk
DEV-1565,Server,RedHat Linux,41,25.0,3,10,4,8,No,Active,0,4287.5,3.6,2,Outdated,High Risk
DEV-1566,Desktop,Windows 10,70,25.0,1,1,6,4,Yes,Active,0,205.5,7.8,3,,Medium Risk
DEV-1567,Desktop,Windows 10,61,27.0,2,1,4,5,No,Active,0,1060.0,5.6,0,Outdated,Medium Risk
DEV-1568,IoT_Gateway,Embedded Linux,26,9.0,6,4,5,3,No,Active,0,555.7,6.8,2,Partially Patched,Medium Risk
DEV-1569,Laptop,macOS,71,32.0,2,6,8,9,Yes,Active,0,514.9,4.1,2,Outdated,High Risk
DEV-1570,Desktop,Windows 11,70,30.0,3,16,5,9,No,Active,2,828.7,6.1,0,Outdated,High Risk
DEV-1571,Smartphone,Android,29,9.0,2,4,1,3,Yes,Active,0,1258.3,3.2,0,Fully Patched,Low Risk
DEV-1572,Desktop,macOS,66,27.0,5,3,4,5,Yes,Active,0,1649.5,4.4,2,Partially Patched,Medium Risk
DEV-1573,Server,Windows Server,19,9.0,2,13,2,3,Yes,Active,2,6132.4,4.9,0,Partially Patched,Low Risk
DEV-1574,IoT_Gateway,FreeRTOS,68,26.0,3,6,5,6,No,Active,2,89.6,5.8,1,Outdated,High Risk
DEV-1575,IoT_Gateway,Embedded Linux,58,28.0,2,8,5,4,No,Outdated,0,151.7,10.0,0,Partially Patched,Medium Risk
DEV-1576,Laptop,Windows 11,70,25.0,6,7,4,7,Yes,Active,1,1356.6,10.0,0,Outdated,Medium Risk
DEV-1577,IoT_Gateway,Embedded Linux,57,33.0,3,3,6,7,No,Active,3,372.6,4.7,0,Outdated,High Risk
DEV-1578,Desktop,Windows 10,37,20.0,19,4,3,5,Yes,Outdated,1,4192.2,8.5,0,Partially Patched,High Risk
DEV-1579,Laptop,Windows 10,61,27.0,6,4,8,6,Yes,Active,1,1721.5,3.3,1,Outdated,High Risk
DEV-1580,Desktop,Windows 10,30,25.0,3,2,4,8,Yes,Active,2,1538.9,6.3,0,Outdated,Medium Risk
DEV-1581,Tablet,iPadOS,71,29.0,3,3,5,8,Yes,Outdated,1,800.9,4.1,1,Outdated,High Risk
DEV-1582,Desktop,Windows 11,25,14.0,3,10,2,3,Yes,Outdated,1,478.6,4.6,2,Partially Patched,Medium Risk
DEV-1583,Laptop,macOS,65,28.0,4,4,6,5,Yes,Active,0,1990.5,10.0,2,Partially Patched,Medium Risk
DEV-1584,Server,Ubuntu Linux,6,7.0,3,16,1,5,Yes,Disabled,2,2566.7,4.7,2,Partially Patched,High Risk
DEV-1585,Laptop,Windows 11,18,15.0,2,1,2,4,Yes,Disabled,1,2863.0,4.2,0,Outdated,Low Risk
DEV-1586,Laptop,Windows 10,10,8.0,4,6,1,5,No,Outdated,6,746.0,3.5,1,Partially Patched,High Risk
DEV-1587,Laptop,macOS,11,10.0,8,4,2,3,Yes,Active,0,634.2,4.0,0,Fully Patched,Low Risk
DEV-1588,Laptop,Windows 11,65,25.0,3,18,5,5,Yes,Outdated,1,586.5,2.7,0,Outdated,High Risk
DEV-1589,Laptop,Windows 11,65,27.0,2,3,4,6,Yes,Active,0,1511.0,5.9,0,Partially Patched,Low Risk
DEV-1590,Laptop,Ubuntu Linux,52,29.0,2,5,6,4,Yes,Active,6,1295.6,5.9,0,Partially Patched,High Risk
DEV-1591,Server,Ubuntu Linux,67,31.0,33,17,5,8,No,Outdated,0,7129.8,6.2,0,Outdated,High Risk
DEV-1592,Laptop,Windows 10,31,15.0,2,6,3,2,Yes,Active,0,1270.8,5.5,0,Fully Patched,Low Risk
DEV-1593,Laptop,Windows 10,17,5.0,4,3,2,1,Yes,Active,1,1362.3,4.4,0,Partially Patched,Low Risk
DEV-1594,IoT_Gateway,Embedded Linux,55,27.0,5,4,5,5,No,Outdated,1,66.1,4.2,0,Outdated,High Risk
DEV-1595,Desktop,Windows 10,36,13.0,3,4,3,2,No,Outdated,1,1924.4,5.8,0,Partially Patched,Medium Risk
DEV-1596,Server,Ubuntu Linux,26,8.0,8,12,1,1,No,Outdated,1,7182.3,5.4,0,Partially Patched,Medium Risk
DEV-1597,Laptop,Windows 10,53,23.0,4,3,8,3,Yes,Outdated,1,2133.3,4.2,2,Partially Patched,High Risk
DEV-1598,Laptop,Windows 11,17,0.0,3,5,0,2,Yes,Active,2,1356.8,4.9,0,Partially Patched,Low Risk
DEV-1599,Laptop,Windows 10,25,14.0,1,1,2,4,Yes,Active,7,1554.4,8.6,0,Outdated,Medium Risk
DEV-1600,Laptop,Windows 11,2,4.0,2,3,1,2,Yes,Disabled,0,1934.0,9.4,0,Fully Patched,Low Risk
DEV-1601,Laptop,Windows 10,5,2.0,4,17,0,1,Yes,Active,0,1978.1,5.1,0,Fully Patched,Low Risk
DEV-1602,Laptop,Windows 11,4,2.0,4,1,2,0,Yes,Outdated,0,1862.7,4.0,1,Fully Patched,Low Risk
DEV-1603,Laptop,Windows 11,36,15.0,0,4,2,4,Yes,Active,1,2192.0,5.4,0,Outdated,Low Risk
DEV-1604,Laptop,Windows 11,6,1.0,0,2,4,1,Yes,Disabled,1,2471.7,7.8,4,Fully Patched,Medium Risk
DEV-1605,Desktop,Windows 11,21,11.0,2,2,2,2,No,Active,7,1161.2,5.4,2,Fully Patched,High Risk
DEV-1606,Laptop,macOS,26,11.0,4,1,2,4,No,Active,0,1394.8,6.2,4,Partially Patched,Medium Risk
DEV-1607,Desktop,Windows 11,55,24.0,5,1,5,6,Yes,Outdated,0,1940.4,4.2,0,Partially Patched,Medium Risk
DEV-1608,Desktop,Ubuntu Linux,39,16.0,15,3,5,5,Yes,Active,0,846.7,3.2,1,Partially Patched,Medium Risk
DEV-1609,Smartphone,iOS,33,13.0,6,5,2,4,No,Active,0,271.3,7.0,0,Partially Patched,Low Risk
DEV-1610,Laptop,Windows 10,14,8.0,30,5,7,2,Yes,Active,4,754.0,5.9,1,Partially Patched,High Risk
DEV-1611,Smartphone,Android,56,27.0,4,2,8,6,Yes,Active,2,354.4,6.8,3,Outdated,High Risk
DEV-1612,Server,Ubuntu Linux,21,8.0,41,5,6,3,No,Active,0,4618.5,2.1,0,Fully Patched,High Risk
DEV-1613,Laptop,macOS,46,21.0,4,2,6,3,Yes,Outdated,0,1811.5,9.2,0,Fully Patched,Medium Risk
DEV-1614,IoT_Gateway,Embedded Linux,16,10.0,5,1,4,1,No,Active,2,256.3,6.0,0,Fully Patched,Low Risk
DEV-1615,IoT_Gateway,Embedded Linux,16,3.0,4,2,1,1,No,Active,0,814.8,1.9,1,Fully Patched,Low Risk
DEV-1616,Laptop,Windows 10,29,17.0,4,6,5,3,No,Active,0,3887.0,7.5,1,Fully Patched,Medium Risk
DEV-1617,Laptop,macOS,8,13.0,6,3,3,3,No,Active,0,815.0,4.8,0,Partially Patched,Low Risk
DEV-1618,Smartphone,iOS,3,2.0,3,1,1,0,Yes,Active,0,2399.0,5.6,1,Fully Patched,Low Risk
DEV-1619,Smartphone,Android,19,8.0,3,1,2,3,Yes,Active,1,985.4,4.5,1,Partially Patched,Low Risk
DEV-1620,Laptop,Windows 10,66,27.0,2,1,12,5,Yes,Active,0,757.5,5.3,3,Partially Patched,High Risk
DEV-1621,Laptop,Windows 11,22,13.0,6,5,2,3,Yes,Active,2,389.3,5.4,0,Partially Patched,Low Risk
DEV-1622,Desktop,Windows 11,46,22.0,33,2,6,3,No,Outdated,1,706.0,2.2,0,Partially Patched,High Risk
DEV-1623,Desktop,macOS,13,0.0,7,3,0,3,No,Active,3,387.5,7.2,2,Partially Patched,Medium Risk
DEV-1624,Server,Ubuntu Linux,33,11.0,3,7,2,6,No,Outdated,0,5700.8,5.7,0,Outdated,Medium Risk
DEV-1625,Desktop,Windows 11,5,6.0,3,3,1,1,Yes,Active,0,1892.3,6.4,0,Fully Patched,Low Risk
DEV-1626,Desktop,Windows 11,27,12.0,3,3,2,2,No,Active,1,1211.5,7.1,3,Partially Patched,Medium Risk
DEV-1627,Smartphone,iOS,24,6.0,4,6,8,2,No,Active,1,370.3,5.7,1,Partially Patched,Medium Risk
DEV-1628,Laptop,macOS,67,34.0,3,13,6,9,No,Active,2,746.8,6.2,0,Outdated,High Risk
DEV-1629,Laptop,Windows 10,63,24.0,3,4,5,7,No,Active,1,2704.2,2.6,0,Outdated,High Risk
DEV-1630,Smartphone,iOS,48,21.0,4,3,3,5,No,Active,0,423.5,3.8,2,Partially Patched,Medium Risk
DEV-1631,IoT_Gateway,Embedded Linux,63,26.0,1,7,8,8,No,Outdated,0,539.1,5.7,0,Outdated,High Risk
DEV-1632,Desktop,Windows 10,12,2.0,3,2,2,2,No,Active,1,,5.9,0,Partially Patched,Low Risk
DEV-1633,Desktop,Windows 11,28,13.0,1,6,2,3,Yes,Disabled,0,3222.6,6.3,3,Fully Patched,Medium Risk
DEV-1634,Laptop,Windows 11,44,21.0,2,2,4,4,Yes,Disabled,0,1549.7,8.3,0,Outdated,Medium Risk
DEV-1635,Desktop,Windows 10,43,17.0,4,2,3,2,No,Disabled,4,945.2,5.3,0,Fully Patched,Medium Risk
DEV-1636,Desktop,Ubuntu Linux,17,7.0,5,1,1,2,Yes,Active,0,790.7,6.2,0,Partially Patched,Low Risk
DEV-1637,Laptop,Windows 11,40,20.0,7,6,3,5,Yes,Active,1,1609.3,5.6,0,Outdated,Medium Risk
DEV-1638,Laptop,Windows 11,49,13.0,4,3,9,3,Yes,Active,0,1399.9,5.0,1,Partially Patched,Medium Risk
DEV-1639,Desktop,Windows 11,57,21.0,5,5,5,4,No,Disabled,0,1021.1,5.1,1,Partially Patched,High Risk
DEV-1640,Laptop,Windows 11,64,28.0,34,5,5,5,No,Active,0,411.7,3.9,0,Partially Patched,High Risk
DEV-1641,Laptop,Ubuntu Linux,57,22.0,4,5,9,6,No,Active,1,125.4,5.3,0,Outdated,High Risk
DEV-1642,Laptop,Windows 10,70,27.0,4,4,4,5,No,Active,0,1323.9,5.1,0,Partially Patched,Medium Risk
DEV-1643,Laptop,Windows 10,43,22.0,3,2,4,5,No,Active,0,4811.5,5.2,0,Partially Patched,Medium Risk
DEV-1644,Laptop,macOS,23,8.0,3,2,2,4,Yes,Active,7,1360.1,2.0,1,Outdated,Medium Risk
DEV-1645,IoT_Gateway,Embedded Linux,27,20.0,4,2,3,4,No,Active,1,80.6,5.3,0,Partially Patched,Low Risk
DEV-1646,Server,RedHat Linux,58,18.0,3,9,3,3,Yes,Outdated,1,2883.0,3.7,2,Partially Patched,Medium Risk
DEV-1647,Smartphone,Android,37,7.0,1,4,1,3,Yes,Active,1,135.1,5.4,0,Partially Patched,Low Risk
DEV-1648,Smartphone,Android,6,7.0,1,3,3,3,No,Active,5,966.2,3.3,0,Fully Patched,Medium Risk
DEV-1649,Desktop,Ubuntu Linux,65,24.0,2,1,8,5,Yes,Active,5,2937.1,5.6,0,Partially Patched,High Risk
DEV-1650,Laptop,macOS,6,0.0,2,6,1,1,No,Outdated,1,,4.9,1,Partially Patched,Low Risk
DEV-1651,Desktop,Windows 11,50,25.0,3,2,5,7,Yes,Active,0,782.0,4.2,0,Outdated,Medium Risk
DEV-1652,Server,RedHat Linux,22,8.0,2,11,2,2,Yes,Active,2,9548.2,6.1,0,Partially Patched,Low Risk
DEV-1653,Smartphone,Android,25,15.0,3,3,3,6,Yes,Disabled,1,873.6,6.3,0,Partially Patched,Medium Risk
DEV-1654,Desktop,Windows 11,72,28.0,3,5,7,6,No,Active,0,460.7,5.4,4,Partially Patched,High Risk
DEV-1655,Laptop,Windows 11,51,23.0,7,1,5,6,Yes,Active,0,1914.8,6.6,1,Partially Patched,Medium Risk
DEV-1656,Laptop,Windows 11,48,19.0,1,5,3,4,Yes,Outdated,1,1886.0,4.7,0,Partially Patched,Medium Risk
DEV-1657,Desktop,Windows 10,70,26.0,3,3,4,7,No,Active,1,3624.2,6.3,0,Outdated,High Risk
DEV-1658,Server,RedHat Linux,65,34.0,4,6,12,6,Yes,Active,1,5140.1,5.4,0,Partially Patched,High Risk
DEV-1659,Server,Windows Server,60,30.0,3,21,5,6,Yes,Active,1,4661.1,3.5,3,Partially Patched,High Risk
DEV-1660,Desktop,Windows 10,46,17.0,9,6,6,8,No,Outdated,1,507.5,3.9,1,Outdated,High Risk
DEV-1661,Tablet,Android,36,15.0,4,1,2,4,Yes,Active,0,612.4,7.8,0,Partially Patched,Low Risk
DEV-1662,Server,Ubuntu Linux,58,31.0,32,8,6,6,No,Outdated,6,4493.5,8.7,3,Outdated,High Risk
DEV-1663,Laptop,Windows 11,38,13.0,3,5,2,5,Yes,Active,3,1788.3,6.9,0,Partially Patched,Medium Risk
DEV-1664,Laptop,Windows 10,11,2.0,2,6,3,3,No,Active,0,1919.2,4.3,0,Partially Patched,Low Risk
DEV-1665,Laptop,Windows 10,12,8.0,0,5,2,1,Yes,Active,0,1438.8,8.4,1,Fully Patched,Low Risk
DEV-1666,Laptop,macOS,42,27.0,3,9,4,6,No,Active,1,3031.4,6.7,0,Partially Patched,Medium Risk
DEV-1667,Laptop,Windows 11,39,17.0,24,4,3,3,Yes,Active,4,977.5,6.2,3,Partially Patched,High Risk
DEV-1668,Laptop,Windows 11,71,34.0,3,1,6,6,Yes,Active,0,921.3,9.2,0,Outdated,Medium Risk
DEV-1669,Laptop,Windows 10,11,2.0,2,6,3,0,Yes,Active,1,2619.6,3.8,0,Fully Patched,Low Risk
DEV-1670,Laptop,Windows 11,36,17.0,4,5,5,7,Yes,Outdated,1,1671.2,7.0,0,Outdated,High Risk
DEV-1671,IoT_Gateway,Embedded Linux,52,21.0,4,2,6,5,No,Active,1,219.6,3.9,2,Outdated,High Risk
DEV-1672,Laptop,Windows 10,31,21.0,1,3,3,4,Yes,Active,0,2783.7,4.3,0,Partially Patched,Low Risk
DEV-1673,Desktop,Windows 11,33,21.0,4,4,4,6,Yes,Outdated,1,1214.1,10.0,0,Outdated,Medium Risk
DEV-1674,Desktop,Windows 10,13,16.0,5,6,13,3,No,Active,0,925.0,6.5,0,Partially Patched,High Risk
DEV-1675,Tablet,Android,18,6.0,2,3,3,3,No,Active,1,459.2,9.2,0,Fully Patched,Low Risk
DEV-1676,Laptop,Windows 11,41,18.0,25,3,3,6,No,Active,0,1200.0,6.6,0,Partially Patched,High Risk
DEV-1677,Desktop,Windows 11,58,26.0,4,2,6,6,No,Active,6,745.7,6.3,0,Outdated,High Risk
DEV-1678,Tablet,iPadOS,56,21.0,7,1,5,3,Yes,Outdated,1,536.8,4.2,0,Fully Patched,Medium Risk
DEV-1679,IoT_Gateway,Embedded Linux,24,12.0,2,3,3,3,No,Active,0,264.2,7.5,0,Partially Patched,Low Risk
DEV-1680,Smartphone,iOS,31,18.0,6,3,3,6,Yes,Active,1,998.3,5.6,1,Outdated,Medium Risk
DEV-1681,Laptop,Windows 11,55,21.0,3,4,3,7,No,Active,1,2598.3,5.7,0,Outdated,Medium Risk
DEV-1682,Laptop,macOS,10,3.0,3,2,4,1,Yes,Active,1,2621.1,5.0,0,Partially Patched,Low Risk
DEV-1683,Server,Ubuntu Linux,60,22.0,19,12,4,8,Yes,Active,1,5697.9,5.3,0,Outdated,High Risk
DEV-1684,IoT_Gateway,Embedded Linux,2,0.0,4,1,0,1,No,Active,0,142.2,5.5,2,Partially Patched,Low Risk
DEV-1685,Server,RedHat Linux,15,11.0,1,11,4,2,Yes,Active,1,3545.0,5.7,0,Partially Patched,Low Risk
DEV-1686,Server,Windows Server,3,0.0,33,4,1,5,No,Active,2,,5.4,1,Partially Patched,High Risk
DEV-1687,Laptop,Windows 11,43,15.0,4,3,7,3,No,Outdated,0,487.7,2.4,1,,Medium Risk
DEV-1688,Smartphone,Android,31,16.0,0,4,2,4,Yes,Outdated,6,313.4,6.6,4,Outdated,High Risk
DEV-1689,Laptop,Windows 11,70,29.0,2,3,6,6,No,Active,5,5104.7,5.3,1,Outdated,High Risk
DEV-1690,Laptop,macOS,67,26.0,0,5,4,7,No,Active,0,2803.6,1.0,0,Outdated,Medium Risk
DEV-1691,Desktop,Windows 10,56,27.0,3,13,4,5,Yes,Active,1,1500.9,2.3,0,Outdated,Medium Risk
DEV-1692,Desktop,macOS,63,24.0,4,13,4,5,Yes,Active,0,1120.0,4.6,0,Partially Patched,Medium Risk
DEV-1693,Laptop,Windows 11,15,0.0,1,2,1,2,Yes,Active,1,1748.4,8.1,2,Fully Patched,Low Risk
DEV-1694,Laptop,Windows 11,10,11.0,4,3,3,3,Yes,Disabled,0,704.7,6.7,0,Partially Patched,Medium Risk
DEV-1695,Server,Ubuntu Linux,38,13.0,8,8,3,3,Yes,Outdated,1,5105.5,4.1,1,Partially Patched,Medium Risk
DEV-1696,Laptop,Ubuntu Linux,47,17.0,4,6,2,2,Yes,Active,1,392.6,5.1,0,Fully Patched,Low Risk
DEV-1697,Server,RedHat Linux,57,21.0,5,8,5,5,Yes,Active,0,6909.8,7.7,2,Partially Patched,Medium Risk
DEV-1698,Laptop,Ubuntu Linux,50,22.0,3,5,3,6,Yes,Outdated,1,2666.7,4.3,1,Outdated,Medium Risk
DEV-1699,Desktop,Windows 11,71,29.0,3,3,5,4,No,Active,0,863.8,3.3,0,Partially Patched,Medium Risk
DEV-1700,Desktop,Windows 10,15,11.0,3,2,2,1,Yes,Active,1,644.5,7.3,1,Partially Patched,Low Risk
DEV-1701,Laptop,Windows 10,18,15.0,4,4,3,4,Yes,Active,4,871.2,7.7,0,Outdated,Medium Risk
DEV-1702,Laptop,Windows 11,2,0.0,4,1,0,1,Yes,Active,2,168.9,4.3,1,Fully Patched,Low Risk
DEV-1703,Laptop,macOS,43,15.0,21,2,4,4,Yes,Disabled,0,808.1,6.5,3,Outdated,High Risk
DEV-1704,Laptop,Ubuntu Linux,26,10.0,3,3,1,1,Yes,Active,0,930.5,5.4,2,Partially Patched,Low Risk
DEV-1705,Tablet,iPadOS,71,32.0,4,6,8,7,Yes,Outdated,0,1922.4,4.3,0,Outdated,High Risk
DEV-1706,Laptop,Windows 10,38,16.0,4,4,3,3,No,Active,1,1527.3,7.8,0,Partially Patched,Medium Risk
DEV-1707,Smartphone,Android,42,16.0,5,1,2,4,Yes,Outdated,0,291.9,4.2,1,Outdated,Low Risk
DEV-1708,Laptop,Windows 11,5,0.0,4,6,1,1,Yes,Active,2,1047.9,7.0,1,Fully Patched,Low Risk
DEV-1709,Smartphone,iOS,11,0.0,2,4,0,2,No,Outdated,0,356.8,5.6,0,Partially Patched,Low Risk
DEV-1710,Smartphone,Android,65,23.0,4,1,5,6,Yes,Outdated,0,367.4,5.2,1,Partially Patched,Medium Risk
DEV-1711,Server,RedHat Linux,34,20.0,5,10,5,5,Yes,Active,4,6937.9,4.4,0,Outdated,High Risk
DEV-1712,Desktop,Windows 10,1,4.0,3,1,4,1,Yes,Active,1,710.3,3.5,0,Partially Patched,Low Risk
DEV-1713,Desktop,Windows 10,2,2.0,0,5,9,3,Yes,Disabled,0,619.8,5.0,1,Fully Patched,Medium Risk
DEV-1714,Laptop,Ubuntu Linux,20,12.0,2,6,3,2,Yes,Active,0,2371.1,4.5,0,Fully Patched,Low Risk
DEV-1715,IoT_Gateway,Embedded Linux,61,,5,8,4,4,Yes,Outdated,2,306.4,5.7,0,Outdated,Medium Risk
DEV-1716,Smartphone,Android,21,10.0,3,2,1,3,Yes,Outdated,1,57.8,3.1,4,Partially Patched,Medium Risk
DEV-1717,Tablet,Android,68,22.0,3,5,6,5,Yes,Active,1,650.8,5.2,0,Outdated,Medium Risk
DEV-1718,Laptop,Windows 10,12,8.0,5,5,1,1,No,Outdated,0,633.6,6.3,0,Partially Patched,Low Risk
DEV-1719,Smartphone,Android,22,11.0,6,4,3,3,No,Active,0,176.4,4.2,0,Partially Patched,Low Risk
DEV-1720,IoT_Gateway,Embedded Linux,20,11.0,2,9,1,1,No,Active,0,560.0,7.0,0,Partially Patched,Low Risk
DEV-1721,Laptop,macOS,1,7.0,4,1,1,3,Yes,Active,1,777.9,7.2,0,Fully Patched,Low Risk
DEV-1722,Laptop,Ubuntu Linux,30,17.0,4,4,3,5,Yes,Outdated,2,1111.8,3.1,1,Partially Patched,Medium Risk
DEV-1723,Smartphone,Android,24,6.0,5,6,1,4,No,Active,0,591.1,4.0,1,Partially Patched,Low Risk
DEV-1724,Server,Ubuntu Linux,14,12.0,11,6,2,4,No,Outdated,0,9461.9,2.8,0,Partially Patched,Medium Risk
DEV-1725,Smartphone,iOS,36,15.0,4,1,3,7,Yes,Active,1,212.8,6.3,2,Outdated,Medium Risk
DEV-1726,Laptop,Windows 11,69,21.0,8,15,4,5,Yes,Outdated,2,1615.0,5.8,4,Partially Patched,High Risk
DEV-1727,Smartphone,Android,24,11.0,5,5,2,4,Yes,Active,0,637.9,2.3,0,Partially Patched,Low Risk
DEV-1728,Laptop,Windows 11,60,28.0,2,6,5,4,Yes,Active,0,1677.0,4.2,0,Partially Patched,Low Risk
DEV-1729,Laptop,Windows 10,55,19.0,15,1,4,3,Yes,Active,1,1515.4,6.1,1,Partially Patched,Medium Risk
DEV-1730,Laptop,Windows 11,24,16.0,4,1,5,3,Yes,Active,1,1127.5,5.7,0,Fully Patched,Low Risk
DEV-1731,Smartphone,iOS,24,7.0,5,3,2,1,Yes,Active,1,583.9,7.9,0,Partially Patched,Low Risk
DEV-1732,Server,Ubuntu Linux,54,21.0,5,9,3,4,No,Disabled,1,10663.6,3.2,1,Partially Patched,High Risk
DEV-1733,Desktop,Windows 10,26,9.0,4,1,1,3,Yes,Disabled,1,1617.4,5.5,1,Partially Patched,Medium Risk
DEV-1734,Desktop,Windows 11,66,21.0,31,3,4,4,Yes,Active,2,1527.7,3.5,4,Partially Patched,High Risk
DEV-1735,IoT_Gateway,Embedded Linux,38,13.0,4,3,6,7,Yes,Active,0,132.4,5.7,0,Outdated,Medium Risk
DEV-1736,Desktop,Windows 10,65,25.0,6,1,4,4,No,Active,0,3450.2,5.1,1,Outdated,Medium Risk
DEV-1737,Smartphone,iOS,51,21.0,3,2,5,3,Yes,Outdated,1,698.0,6.0,1,Partially Patched,Medium Risk
DEV-1738,Desktop,macOS,35,3.0,5,6,0,2,Yes,Active,0,2054.7,4.7,0,Partially Patched,Low Risk
DEV-1739,Desktop,Windows 10,43,22.0,32,1,4,5,No,Active,0,626.1,7.0,1,Partially Patched,High Risk
DEV-1740,Desktop,Ubuntu Linux,29,16.0,6,2,4,2,Yes,Active,1,974.2,4.1,0,Fully Patched,Low Risk
DEV-1741,Laptop,macOS,37,21.0,2,5,4,6,Yes,Active,1,775.9,3.5,0,Outdated,Low Risk
DEV-1742,Smartphone,iOS,58,19.0,3,6,4,5,No,Active,0,861.6,6.0,1,Partially Patched,Medium Risk
DEV-1743,Desktop,Windows 11,54,22.0,1,4,7,3,Yes,Active,2,485.2,9.2,0,Partially Patched,Medium Risk
DEV-1744,Laptop,Windows 11,39,21.0,1,6,3,4,Yes,Disabled,0,1847.1,2.5,0,Outdated,Medium Risk
DEV-1745,IoT_Gateway,Embedded Linux,42,22.0,4,5,4,9,No,Outdated,1,363.4,3.2,0,Outdated,High Risk
DEV-1746,Desktop,Windows 10,28,19.0,2,5,3,3,Yes,Disabled,7,360.3,6.0,0,Partially Patched,High Risk
DEV-1747,Desktop,Windows 10,29,14.0,5,5,7,3,No,Active,1,1751.5,7.8,0,Fully Patched,Medium Risk
DEV-1748,IoT_Gateway,Embedded Linux,43,18.0,2,7,5,5,No,Disabled,0,185.2,6.1,0,Partially Patched,Medium Risk
DEV-1749,Server,Windows Server,3,0.0,2,16,0,0,No,Outdated,3,12007.2,4.3,0,Fully Patched,Low Risk
DEV-1750,Laptop,macOS,10,10.0,3,4,5,1,No,Active,0,1950.0,6.3,0,Partially Patched,Low Risk
DEV-1751,IoT_Gateway,FreeRTOS,59,23.0,3,1,4,6,No,Outdated,1,181.3,6.5,0,Outdated,Medium Risk
DEV-1752,Server,Ubuntu Linux,14,7.0,6,5,1,2,Yes,Outdated,1,5837.9,4.1,2,Partially Patched,Medium Risk
DEV-1753,Laptop,Windows 10,47,20.0,3,6,4,5,Yes,Outdated,0,2175.6,7.1,2,Partially Patched,Medium Risk
DEV-1754,Laptop,Windows 11,42,9.0,1,6,3,2,Yes,Outdated,1,414.7,5.4,0,Partially Patched,Low Risk
DEV-1755,Smartphone,Android,32,11.0,6,5,3,4,Yes,Outdated,0,560.4,2.0,0,Partially Patched,Low Risk
DEV-1756,Server,Ubuntu Linux,32,16.0,2,13,3,4,No,Disabled,0,7986.3,5.2,0,Outdated,High Risk
DEV-1757,Desktop,Windows 11,42,18.0,4,5,4,4,Yes,Active,1,1122.5,4.4,0,Partially Patched,Medium Risk
DEV-1758,IoT_Gateway,Embedded Linux,32,16.0,1,2,7,5,Yes,Disabled,1,350.0,8.1,4,Partially Patched,High Risk
DEV-1759,Smartphone,iOS,26,15.0,4,5,5,3,No,Outdated,0,537.4,2.8,1,Fully Patched,Medium Risk
DEV-1760,Laptop,Windows 11,1,0.0,0,5,1,1,Yes,Active,0,379.6,4.5,0,Partially Patched,Low Risk
DEV-1761,Laptop,Windows 10,56,,3,4,3,3,No,Active,2,1852.5,6.0,0,Fully Patched,Medium Risk
DEV-1762,Laptop,Windows 10,2,2.0,2,4,2,1,Yes,Active,2,2582.6,10.0,0,Partially Patched,Low Risk
DEV-1763,Smartphone,Android,30,17.0,1,4,4,3,Yes,Outdated,0,202.1,9.4,0,Partially Patched,Low Risk
DEV-1764,Laptop,Windows 10,71,29.0,30,10,12,6,No,Active,2,1418.1,5.4,0,Partially Patched,High Risk
DEV-1765,Server,Ubuntu Linux,52,15.0,2,11,2,5,No,Active,1,3392.9,6.2,1,Outdated,Medium Risk
DEV-1766,Smartphone,Android,9,4.0,2,2,2,4,Yes,Active,1,206.0,6.7,0,Partially Patched,Low Risk
DEV-1767,IoT_Gateway,Embedded Linux,22,13.0,2,1,7,3,Yes,Disabled,1,153.4,3.5,1,Partially Patched,Medium Risk
DEV-1768,Laptop,Windows 11,34,21.0,5,5,4,3,Yes,Outdated,0,1797.5,5.5,2,,Medium Risk
DEV-1769,Smartphone,Android,49,22.0,2,5,5,4,Yes,Active,2,335.8,8.2,0,Outdated,Medium Risk
DEV-1770,Laptop,Windows 10,1,0.0,2,5,5,1,Yes,Active,1,793.5,5.8,0,Fully Patched,Low Risk
DEV-1771,Smartphone,iOS,53,21.0,0,4,4,6,Yes,Disabled,2,417.6,9.4,3,Outdated,High Risk
DEV-1772,Laptop,Windows 11,40,19.0,3,5,4,4,Yes,active,1,1119.5,4.6,0,Outdated,Medium Risk
DEV-1773,Desktop,Windows 10,45,23.0,2,4,3,7,No,Active,0,1308.3,5.3,0,Outdated,Medium Risk
DEV-1774,Smartphone,Android,68,31.0,2,1,6,7,No,Outdated,0,1777.5,5.3,2,Outdated,High Risk
DEV-1775,Laptop,Ubuntu Linux,9,4.0,21,3,1,1,Yes,Active,1,3808.2,2.9,0,Partially Patched,Low Risk
DEV-1776,Laptop,macOS,22,14.0,2,3,2,5,Yes,Active,0,1342.5,7.7,0,Outdated,Low Risk
DEV-1777,Smartphone,Android,18,6.0,4,3,2,4,Yes,Disabled,4,873.7,4.8,0,Partially Patched,Medium Risk
DEV-1778,Smartphone,Android,43,19.0,2,4,3,3,No,Active,0,92.4,6.0,2,Partially Patched,Medium Risk
DEV-1779,Server,Windows Server,39,20.0,4,11,6,5,Yes,Active,0,9241.4,4.3,1,Partially Patched,Medium Risk
DEV-1780,Smartphone,Android,6,6.0,6,6,2,1,Yes,Active,2,662.3,9.0,0,Partially Patched,Low Risk
DEV-1781,Desktop,Windows 11,48,23.0,3,19,5,3,Yes,Outdated,0,393.6,8.0,0,Partially Patched,Medium Risk
DEV-1782,Laptop,Windows 11,7,7.0,2,2,1,2,Yes,Active,2,2227.8,5.6,0,Partially Patched,Low Risk
DEV-1783,Laptop,macOS,69,25.0,4,6,4,4,Yes,Active,0,779.4,3.1,2,Partially Patched,Medium Risk
DEV-1784,Laptop,macOS,16,8.0,7,2,1,3,Yes,Active,1,1787.0,7.0,1,Partially Patched,Low Risk
DEV-1785,IoT_Gateway,Embedded Linux,1,0.0,1,9,0,2,No,ACTIVE,0,406.6,7.7,0,Fully Patched,Low Risk
DEV-1786,Server,RedHat Linux,37,15.0,5,13,5,2,Yes,Outdated,0,14183.5,3.6,3,Partially Patched,High Risk
DEV-1787,Desktop,Windows 10,37,12.0,4,1,4,2,No,Outdated,5,1349.2,5.2,2,Partially Patched,High Risk
DEV-1788,Desktop,Windows 11,64,28.0,2,5,7,5,Yes,Outdated,0,1671.7,5.7,1,Partially Patched,High Risk
DEV-1789,IoT_Gateway,FreeRTOS,62,18.0,2,3,4,5,No,Active,0,279.6,7.7,4,Partially Patched,High Risk
DEV-1790,Laptop,Windows 11,72,33.0,4,6,7,9,Yes,Active,2,912.0,5.2,0,Outdated,High Risk
DEV-1791,Server,Ubuntu Linux,61,26.0,2,15,5,6,Yes,Outdated,1,8880.5,7.4,1,Outdated,High Risk
DEV-1792,Desktop,Windows 10,33,22.0,6,1,4,7,Yes,Active,1,1393.7,4.0,0,Outdated,Medium Risk
DEV-1793,Server,RedHat Linux,66,27.0,1,9,6,5,Yes,Active,0,6508.2,3.4,1,Outdated,Medium Risk
DEV-1794,Laptop,Windows 11,30,13.0,3,15,2,4,Yes,Active,0,2835.2,9.2,2,Partially Patched,Medium Risk
DEV-1795,IoT_Gateway,Embedded Linux,20,12.0,27,5,3,6,No,Outdated,0,327.8,2.9,0,Outdated,High Risk
DEV-1796,IoT_Gateway,Embedded Linux,60,25.0,2,15,4,4,No,Disabled,0,516.3,4.0,1,Partially Patched,High Risk
DEV-1797,Server,Ubuntu Linux,24,12.0,1,24,3,3,No,Active,2,2571.6,7.1,0,Partially Patched,Medium Risk
DEV-1798,Smartphone,Android,4,7.0,4,6,1,2,Yes,Disabled,0,387.5,4.4,0,Fully Patched,Low Risk
DEV-1799,IoT_Gateway,Embedded Linux,37,15.0,6,3,2,3,No,Outdated,1,468.4,4.4,0,Partially Patched,Medium Risk
DEV-1800,Smartphone,Android,4,8.0,3,6,2,5,No,Active,0,522.1,5.1,0,Partially Patched,Low Risk
DEV-1801,Laptop,Ubuntu Linux,18,2.0,5,4,0,4,No,active,2,4357.9,1.2,0,Partially Patched,Low Risk
DEV-1802,Server,RedHat Linux,66,34.0,3,12,5,8,Yes,Active,0,4384.6,7.7,0,Outdated,High Risk
DEV-1803,Server,Windows Server,48,14.0,4,4,3,5,Yes,Outdated,3,13514.0,5.9,0,Partially Patched,Medium Risk
DEV-1804,Desktop,Windows 11,33,20.0,8,5,4,4,Yes,Active,3,596.1,3.9,0,Partially Patched,Medium Risk
DEV-1805,Smartphone,iOS,58,17.0,2,2,5,3,Yes,Active,1,105.9,2.1,1,Partially Patched,Medium Risk
DEV-1806,IoT_Gateway,Embedded Linux,28,21.0,3,9,4,4,No,Disabled,2,85.2,2.8,0,Partially Patched,High Risk
DEV-1807,IoT_Gateway,Embedded Linux,35,16.0,5,2,5,3,No,Active,0,519.2,2.3,0,Partially Patched,Medium Risk
DEV-1808,Desktop,Windows 11,10,2.0,2,1,0,4,Yes,Active,1,457.1,6.0,1,Outdated,Low Risk
DEV-1809,Laptop,Windows 11,65,35.0,5,2,6,6,Yes,Outdated,0,671.0,6.0,1,Partially Patched,Medium Risk
DEV-1810,Tablet,iPadOS,42,14.0,3,2,3,2,No,Active,1,342.9,6.7,1,Partially Patched,Medium Risk
DEV-1811,Smartphone,Android,9,4.0,6,4,0,1,Yes,Active,0,1682.5,7.0,1,Partially Patched,Low Risk
DEV-1812,Laptop,Windows 11,60,36.0,2,3,6,6,Yes,Active,0,1914.1,6.8,0,Outdated,Medium Risk
DEV-1813,IoT_Gateway,Embedded Linux,15,9.0,4,9,3,5,No,Outdated,0,228.9,8.6,2,Partially Patched,Medium Risk
DEV-1814,IoT_Gateway,Embedded Linux,57,16.0,3,5,4,4,Yes,Active,2,50.0,7.9,4,Partially Patched,High Risk
DEV-1815,Desktop,Windows 10,69,28.0,2,3,5,6,No,Active,0,1556.4,7.4,1,Partially Patched,High Risk
DEV-1816,Server,Ubuntu Linux,22,9.0,3,7,1,1,No,Active,1,2732.0,6.0,0,Partially Patched,Low Risk
DEV-1817,Desktop,macOS,64,28.0,3,4,6,7,Yes,Active,1,1661.1,6.9,0,Outdated,Medium Risk
DEV-1818,Laptop,macOS,41,18.0,4,4,3,4,Yes,Active,0,1985.4,4.7,1,Partially Patched,Low Risk
DEV-1819,Laptop,Windows 10,71,32.0,5,5,9,8,Yes,Active,1,1633.3,5.1,0,Outdated,High Risk
DEV-1820,Smartphone,Android,56,18.0,0,1,7,4,No,Active,0,1234.1,8.9,0,Outdated,Medium Risk
DEV-1821,Laptop,Windows 11,23,9.0,5,1,4,6,No,Active,1,880.8,4.4,2,,Medium Risk
DEV-1822,Laptop,macOS,25,13.0,2,2,2,3,Yes,Outdated,2,2529.8,4.2,0,Fully Patched,Low Risk
DEV-1823,Desktop,Windows 11,6,1.0,6,2,0,2,Yes,Disabled,1,958.0,4.8,0,Fully Patched,Low Risk
DEV-1824,Desktop,Windows 11,34,19.0,1,6,7,4,Yes,Active,1,640.1,4.4,3,Outdated,High Risk
DEV-1825,IoT_Gateway,Embedded Linux,63,24.0,4,2,4,6,No,Active,2,155.8,4.6,1,Outdated,High Risk
DEV-1826,Laptop,Windows 10,9,6.0,20,5,1,4,No,Active,0,1339.7,6.0,0,Outdated,Medium Risk
DEV-1827,Laptop,Windows 10,60,25.0,6,3,4,6,No,Outdated,0,583.8,6.1,0,Partially Patched,Medium Risk
DEV-1828,Smartphone,iOS,49,17.0,4,1,3,3,Yes,Disabled,0,530.3,7.3,1,Fully Patched,Low Risk
DEV-1829,Desktop,Windows 11,51,22.0,3,2,5,3,Yes,Outdated,0,1681.0,9.9,1,Partially Patched,Medium Risk
DEV-1830,Laptop,Windows 11,60,20.0,3,5,6,5,Yes,Active,2,867.1,4.8,1,Outdated,High Risk
DEV-1831,Desktop,macOS,70,28.0,2,5,6,5,Yes,Outdated,0,2355.3,5.4,0,Partially Patched,Medium Risk
DEV-1832,Laptop,macOS,37,16.0,1,11,4,5,No,Active,4,1211.1,1.8,1,Outdated,High Risk
DEV-1833,Laptop,Windows 11,31,8.0,4,15,1,4,No,Active,0,369.7,2.9,0,Partially Patched,Low Risk
DEV-1834,Desktop,Windows 10,41,20.0,3,6,4,6,Yes,Active,2,1190.2,5.2,2,Outdated,Medium Risk
DEV-1835,Desktop,Windows 11,62,27.0,7,4,4,6,Yes,Active,1,464.6,6.4,0,Partially Patched,Medium Risk
DEV-1836,IoT_Gateway,FreeRTOS,58,27.0,3,4,4,9,No,Outdated,2,57.4,6.5,0,Outdated,High Risk
DEV-1837,Desktop,Windows 11,14,7.0,4,4,1,4,No,Outdated,0,724.1,6.7,0,Partially Patched,Low Risk
DEV-1838,Server,Windows Server,36,11.0,35,13,3,3,Yes,Active,0,8147.3,8.0,1,Partially Patched,High Risk
DEV-1839,Server,RedHat Linux,36,16.0,3,16,2,3,Yes,Disabled,0,6349.9,8.9,1,Partially Patched,Medium Risk
DEV-1840,Laptop,Windows 10,8,7.0,3,5,6,2,Yes,Outdated,0,346.7,5.0,0,Partially Patched,Medium Risk
DEV-1841,Server,Ubuntu Linux,26,7.0,3,19,9,1,Yes,Active,2,8411.8,3.9,0,Partially Patched,High Risk
DEV-1842,Laptop,Windows 10,36,11.0,5,4,2,4,Yes,Outdated,4,2940.8,6.8,0,Partially Patched,Medium Risk
DEV-1843,Tablet,Android,48,20.0,3,2,4,7,Yes,Active,1,663.5,7.4,0,Outdated,Medium Risk
DEV-1844,Laptop,Windows 11,28,11.0,5,1,4,4,Yes,Active,1,824.6,5.8,0,Outdated,Low Risk
DEV-1845,Desktop,Windows 10,68,29.0,8,15,9,5,No,Disabled,2,1056.7,5.1,2,Outdated,High Risk
DEV-1846,Laptop,Ubuntu Linux,62,25.0,7,1,7,4,Yes,Disabled,2,1753.1,4.5,1,Outdated,High Risk
DEV-1847,Tablet,iPadOS,51,23.0,2,4,4,3,Yes,Disabled,1,50.0,5.4,3,Partially Patched,High Risk
DEV-1848,Desktop,Windows 10,42,23.0,4,3,3,4,No,Active,2,1047.0,6.9,2,Outdated,High Risk
DEV-1849,Server,Ubuntu Linux,29,15.0,1,7,3,6,Yes,Active,1,2702.1,4.2,0,Outdated,Medium Risk
DEV-1850,Laptop,Windows 10,10,6.0,3,4,1,5,No,Active,0,1518.2,3.9,0,Outdated,Medium Risk
DEV-1851,Smartphone,Android,39,13.0,6,2,2,2,Yes,Active,0,216.5,6.7,2,Fully Patched,Low Risk
DEV-1852,Laptop,Windows 10,1,0.0,2,3,2,3,Yes,Active,0,3382.4,3.8,0,Fully Patched,Low Risk
DEV-1853,IoT_Gateway,FreeRTOS,39,20.0,1,7,3,4,No,Active,0,339.5,5.8,0,Outdated,Low Risk
DEV-1854,Laptop,Windows 10,21,8.0,5,6,4,3,No,Active,0,1605.8,5.7,0,Fully Patched,Medium Risk
DEV-1855,Laptop,Windows 11,65,24.0,4,3,4,5,Yes,Disabled,1,1155.7,5.5,0,Outdated,Medium Risk
DEV-1856,Laptop,Windows 11,15,16.0,3,3,3,5,No,Active,3,760.9,4.2,0,Partially Patched,Medium Risk
DEV-1857,Desktop,Windows 10,4,9.0,5,5,2,1,No,Active,2,510.7,9.0,0,Fully Patched,Low Risk
DEV-1858,Server,Ubuntu Linux,60,25.0,0,12,4,6,No,Active,0,7037.9,6.3,0,Outdated,Medium Risk
DEV-1859,Laptop,macOS,61,22.0,5,5,5,4,No,Disabled,1,521.8,4.5,0,Partially Patched,High Risk
DEV-1860,Smartphone,iOS,20,12.0,1,6,2,4,Yes,Active,1,461.2,6.2,1,Partially Patched,Low Risk
DEV-1861,Desktop,Windows 10,10,4.0,5,3,3,2,Yes,Active,0,983.2,9.2,0,Partially Patched,Low Risk
DEV-1862,Desktop,Windows 11,34,19.0,3,2,8,7,Yes,Active,0,2296.8,5.7,0,Outdated,Medium Risk
DEV-1863,Desktop,Windows 11,48,19.0,2,6,6,6,Yes,Active,0,1942.5,8.6,0,Partially Patched,Medium Risk
DEV-1864,Desktop,Windows 11,33,21.0,6,4,4,5,Yes,Active,1,2739.4,3.2,0,Outdated,Medium Risk
DEV-1865,Server,Ubuntu Linux,61,24.0,0,10,5,8,No,Active,0,3460.5,3.8,1,Outdated,High Risk
DEV-1866,Laptop,Windows 10,10,15.0,3,4,2,4,No,Active,0,1062.1,1.2,1,Outdated,Medium Risk
DEV-1867,Laptop,Windows 10,54,24.0,1,5,5,5,Yes,active,0,2101.1,9.5,0,Outdated,Medium Risk
DEV-1868,IoT_Gateway,Embedded Linux,65,33.0,4,7,10,5,No,Active,0,326.1,2.1,0,Outdated,High Risk
DEV-1869,IoT_Gateway,Embedded Linux,1,0.0,3,6,0,0,No,Active,1,156.2,5.8,0,Fully Patched,Low Risk
DEV-1870,Desktop,Windows 11,5,0.0,22,5,2,0,No,Active,4,4553.6,9.0,0,Fully Patched,Medium Risk
DEV-1871,Laptop,Windows 11,15,0.0,3,2,3,2,Yes,Active,0,2767.6,7.4,0,Partially Patched,Low Risk
DEV-1872,Server,Ubuntu Linux,28,18.0,4,15,9,4,Yes,Outdated,1,6729.1,6.3,0,Partially Patched,High Risk
DEV-1873,Desktop,macOS,23,11.0,17,5,2,2,Yes,Active,1,374.7,8.1,0,Fully Patched,Low Risk
DEV-1874,Laptop,Windows 11,17,3.0,4,1,1,1,Yes,Active,0,1381.5,4.2,3,Fully Patched,Low Risk
DEV-1875,Laptop,Windows 10,13,12.0,2,5,2,4,Yes,Active,0,1116.4,6.5,2,Partially Patched,Low Risk
DEV-1876,Smartphone,Android,14,12.0,17,5,4,2,Yes,Active,3,1032.1,5.3,0,Partially Patched,Medium Risk
DEV-1877,Server,Windows Server,11,11.0,8,14,2,4,Yes,Outdated,7,3451.4,5.2,1,Partially Patched,High Risk
DEV-1878,Laptop,Windows 10,28,7.0,2,1,1,3,No,Outdated,2,1020.4,5.9,0,Fully Patched,Low Risk
DEV-1879,Laptop,Windows 11,42,23.0,2,1,4,3,No,Active,0,2206.2,7.9,0,Partially Patched,Low Risk
DEV-1880,Laptop,Windows 10,61,27.0,7,2,5,5,Yes,Disabled,1,1789.3,8.6,0,Partially Patched,High Risk
DEV-1881,Smartphone,iOS,64,33.0,3,3,6,6,Yes,Active,1,180.9,5.0,0,Outdated,High Risk
DEV-1882,Laptop,Ubuntu Linux,31,16.0,3,1,3,3,Yes,Active,0,2404.5,3.3,2,Fully Patched,Low Risk
DEV-1883,Laptop,Windows 11,10,6.0,2,3,5,4,Yes,Active,1,1407.3,3.9,0,Partially Patched,Low Risk
DEV-1884,Smartphone,iOS,8,10.0,5,12,2,1,Yes,Active,0,417.1,9.4,0,Partially Patched,Low Risk
DEV-1885,Laptop,Ubuntu Linux,21,13.0,3,4,4,4,Yes,Active,0,2757.6,8.5,1,Partially Patched,Low Risk
DEV-1886,Server,Windows Server,59,29.0,1,10,6,9,No,Active,0,4683.6,3.3,0,Outdated,High Risk
DEV-1887,Laptop,Windows 10,50,20.0,25,1,3,6,Yes,Outdated,2,1996.6,8.8,1,Outdated,High Risk
DEV-1888,Laptop,Windows 10,69,28.0,4,4,7,5,Yes,Active,4,3219.0,4.1,0,Partially Patched,High Risk
DEV-1889,Laptop,Windows 10,70,23.0,2,5,3,7,Yes,Active,0,,6.8,0,Outdated,Medium Risk
DEV-1890,Smartphone,iOS,30,11.0,7,5,3,5,No,Outdated,2,644.8,4.1,1,Partially Patched,High Risk
DEV-1891,IoT_Gateway,Embedded Linux,17,11.0,0,5,3,4,Yes,Outdated,0,317.6,9.8,0,Outdated,Medium Risk
DEV-1892,Smartphone,Android,20,12.0,3,4,3,5,Yes,Active,2,50.0,4.4,0,Partially Patched,Low Risk
DEV-1893,Desktop,Windows 10,48,17.0,1,13,3,2,Yes,Active,1,1723.9,3.4,2,Partially Patched,Medium Risk
DEV-1894,Server,RedHat Linux,2,7.0,7,14,2,3,No,Active,0,5534.1,4.6,0,Fully Patched,Medium Risk
DEV-1895,Laptop,macOS,37,28.0,5,2,6,5,Yes,Active,1,1624.9,10.0,0,Partially Patched,Medium Risk
DEV-1896,Laptop,Windows 11,1,0.0,4,1,1,3,Yes,Active,5,518.5,6.0,0,Partially Patched,Low Risk
DEV-1897,IoT_Gateway,Embedded Linux,4,2.0,4,2,2,2,No,Active,0,694.4,3.4,0,Fully Patched,Low Risk
DEV-1898,Laptop,Windows 10,54,21.0,3,2,5,6,Yes,Active,0,542.9,3.9,0,Partially Patched,Medium Risk
DEV-1899,Laptop,macOS,25,11.0,2,5,2,3,No,Outdated,0,740.4,2.0,0,Fully Patched,Low Risk
DEV-1900,Laptop,Windows 10,3,4.0,4,6,0,1,Yes,Active,0,1965.8,6.6,0,Fully Patched,Low Risk
DEV-1901,Laptop,Windows 11,9,2.0,5,6,1,1,Yes,Active,0,1006.7,3.0,0,Fully Patched,Low Risk
DEV-1902,Laptop,Ubuntu Linux,34,14.0,3,4,4,7,Yes,Active,2,1070.6,7.7,1,Outdated,Medium Risk
DEV-1903,Server,Ubuntu Linux,43,19.0,5,12,3,6,No,Active,0,4540.1,7.1,0,Partially Patched,Medium Risk
DEV-1904,Desktop,macOS,22,12.0,5,6,2,4,Yes,Outdated,1,913.3,5.3,1,Partially Patched,Medium Risk
DEV-1905,IoT_Gateway,Embedded Linux,70,35.0,2,5,5,6,No,Active,0,436.1,8.0,0,Outdated,Medium Risk
DEV-1906,Smartphone,Android,2,2.0,4,1,1,1,Yes,Active,4,2118.3,7.4,0,,Low Risk
DEV-1907,Laptop,Windows 11,66,26.0,1,3,5,7,Yes,Disabled,2,1373.8,5.8,0,Outdated,High Risk
DEV-1908,Laptop,Windows 10,32,17.0,3,4,3,4,Yes,Disabled,1,1276.4,4.0,1,Outdated,Medium Risk
DEV-1909,Desktop,Windows 11,16,10.0,0,5,2,3,Yes,Outdated,0,786.9,6.3,0,Fully Patched,Low Risk
DEV-1910,Server,Ubuntu Linux,1,1.0,4,5,1,1,Yes,Active,2,6619.5,6.3,0,Partially Patched,Low Risk
DEV-1911,Laptop,Windows 11,72,32.0,5,3,7,5,No,Active,0,1203.7,6.5,0,Outdated,High Risk
DEV-1912,Server,Ubuntu Linux,48,19.0,3,5,3,7,Yes,Active,0,8714.9,5.7,0,Outdated,Low Risk
DEV-1913,Desktop,Ubuntu Linux,50,19.0,3,6,3,4,Yes,Active,1,601.6,6.2,3,Partially Patched,Medium Risk
DEV-1914,Server,Windows Server,13,0.0,2,4,1,0,No,Active,0,5003.0,6.1,0,Fully Patched,Low Risk
DEV-1915,Desktop,Windows 11,15,6.0,8,3,4,4,Yes,Active,1,2022.8,8.2,0,Partially Patched,Low Risk
DEV-1916,Laptop,Windows 10,53,16.0,5,5,3,3,Yes,Outdated,0,1889.3,3.0,0,Partially Patched,Low Risk
DEV-1917,IoT_Gateway,Embedded Linux,44,17.0,1,2,6,5,No,Outdated,2,259.8,3.5,3,Outdated,High Risk
DEV-1918,Smartphone,Android,8,7.0,2,6,1,1,No,Outdated,2,353.3,5.7,1,Partially Patched,Medium Risk
DEV-1919,Laptop,macOS,46,14.0,2,2,2,3,Yes,Active,1,896.1,4.0,0,Partially Patched,Low Risk
DEV-1920,IoT_Gateway,FreeRTOS,69,28.0,5,1,5,7,No,Active,0,393.5,5.9,0,Outdated,High Risk
DEV-1921,Desktop,Windows 10,19,9.0,3,1,3,2,Yes,Disabled,1,2334.9,3.3,0,Partially Patched,Low Risk
DEV-1922,IoT_Gateway,Embedded Linux,38,16.0,4,4,3,4,Yes,Outdated,0,531.2,3.6,0,Partially Patched,Low Risk
DEV-1923,Smartphone,Android,11,4.0,2,6,1,1,Yes,Active,0,490.7,9.6,0,Partially Patched,Low Risk
DEV-1924,Desktop,Ubuntu Linux,43,20.0,4,4,3,4,No,Disabled,6,969.4,5.0,1,Outdated,High Risk
DEV-1925,Laptop,Windows 11,20,11.0,1,6,2,1,Yes,Outdated,4,1624.4,3.2,0,Partially Patched,Medium Risk
DEV-1926,Laptop,Windows 10,20,10.0,6,6,2,2,Yes,Active,2,1207.9,5.3,0,Partially Patched,Low Risk
DEV-1927,Desktop,Windows 10,21,8.0,4,1,2,3,No,Active,2,1000.7,7.6,0,Partially Patched,Low Risk
DEV-1928,Server,RedHat Linux,57,28.0,3,7,5,6,Yes,Active,1,4938.6,7.9,2,Partially Patched,Medium Risk
DEV-1929,Laptop,Windows 11,50,16.0,6,6,4,4,No,Outdated,0,1857.8,2.6,0,Outdated,Medium Risk
DEV-1930,Laptop,Ubuntu Linux,26,15.0,3,2,3,5,Yes,Active,1,996.3,4.0,1,Outdated,Medium Risk
DEV-1931,Smartphone,Android,30,15.0,17,7,3,4,Yes,Active,0,395.3,5.9,0,Outdated,Medium Risk
DEV-1932,Tablet,iPadOS,31,15.0,7,3,3,5,Yes,Disabled,1,534.0,5.4,0,Partially Patched,Medium Risk
DEV-1933,Desktop,Windows 11,42,18.0,7,1,9,4,No,Outdated,0,731.3,2.3,3,Outdated,High Risk
DEV-1934,Laptop,Windows 11,68,21.0,5,6,5,3,Yes,Active,0,1774.6,2.6,1,Fully Patched,Medium Risk
DEV-1935,Laptop,Windows 10,61,31.0,2,5,7,9,No,Outdated,0,768.0,3.4,0,Outdated,High Risk
DEV-1936,Laptop,Windows 10,61,29.0,2,5,6,8,No,Active,0,1266.5,2.0,0,Outdated,High Risk
DEV-1937,IoT_Gateway,Embedded Linux,70,26.0,2,9,5,8,No,Outdated,0,279.5,4.6,0,Outdated,High Risk
DEV-1938,Laptop,Windows 11,68,32.0,2,3,5,8,No,Disabled,0,135.2,7.9,0,Outdated,High Risk
DEV-1939,Server,Ubuntu Linux,17,9.0,4,4,3,2,No,Outdated,1,4869.8,4.2,0,Partially Patched,Medium Risk
DEV-1940,Laptop,macOS,19,7.0,5,3,1,1,Yes,Active,0,1771.3,7.7,0,Partially Patched,Low Risk
DEV-1941,Server,Windows Server,51,27.0,4,17,4,8,Yes,Active,0,3014.7,5.6,0,Outdated,High Risk
DEV-1942,Server,Ubuntu Linux,70,28.0,5,5,6,5,Yes,Outdated,3,5460.0,5.1,0,Partially Patched,High Risk
DEV-1943,Smartphone,Android,63,32.0,4,2,5,8,Yes,Outdated,0,444.3,2.2,0,Outdated,Medium Risk
DEV-1944,Laptop,Windows 11,30,16.0,5,3,6,4,No,Active,0,880.6,7.8,3,Partially Patched,High Risk
DEV-1945,Laptop,Windows 11,25,15.0,2,4,4,6,No,Outdated,1,815.3,5.7,0,Outdated,High Risk
DEV-1946,Laptop,Windows 10,71,32.0,4,2,6,6,Yes,Active,0,1094.4,2.3,0,Partially Patched,Medium Risk
DEV-1947,IoT_Gateway,Embedded Linux,26,14.0,2,8,2,3,No,Active,0,542.9,6.3,1,Partially Patched,Medium Risk
DEV-1948,IoT_Gateway,Embedded Linux,56,25.0,0,5,5,4,No,Active,2,326.3,4.3,0,Partially Patched,Medium Risk
DEV-1949,Server,Ubuntu Linux,22,7.0,6,4,2,3,Yes,Disabled,0,5367.8,5.6,0,Partially Patched,Low Risk
DEV-1950,Server,Ubuntu Linux,19,9.0,30,9,2,3,No,Outdated,1,7781.4,6.0,0,Partially Patched,High Risk
DEV-1951,Server,RedHat Linux,31,18.0,5,15,7,5,Yes,Active,1,6251.5,7.9,1,Outdated,High Risk
DEV-1952,Laptop,Ubuntu Linux,26,15.0,5,5,2,3,Yes,Active,1,2154.5,3.2,0,Fully Patched,Low Risk
DEV-1953,IoT_Gateway,Embedded Linux,42,20.0,2,1,5,6,No,Active,2,152.8,6.6,0,Partially Patched,Medium Risk
DEV-1954,Desktop,Windows 11,41,10.0,3,5,4,1,Yes,Active,1,1166.4,8.2,0,Partially Patched,Low Risk
DEV-1955,Desktop,macOS,23,10.0,5,4,6,3,No,Active,0,2749.5,10.0,0,Partially Patched,Medium Risk
DEV-1956,Desktop,Ubuntu Linux,47,19.0,17,9,4,5,Yes,Disabled,1,463.6,7.6,0,Partially Patched,High Risk
DEV-1957,Laptop,Windows 10,13,2.0,4,1,1,2,Yes,Disabled,5,1973.1,6.2,0,Partially Patched,Low Risk
DEV-1958,Laptop,Windows 11,66,32.0,2,5,9,6,Yes,Active,1,1416.4,6.1,0,Partially Patched,High Risk
DEV-1959,Smartphone,Android,66,20.0,2,6,5,7,Yes,Active,0,448.8,8.6,1,Outdated,Medium Risk
DEV-1960,Laptop,Windows 10,16,11.0,3,6,3,3,No,Outdated,0,4627.3,4.9,0,Partially Patched,Medium Risk
DEV-1961,Server,Ubuntu Linux,28,18.0,5,16,5,5,Yes,Active,1,3060.5,7.1,0,Partially Patched,Medium Risk
DEV-1962,Laptop,Windows 11,35,15.0,7,4,3,2,Yes,Outdated,2,317.4,9.9,1,Fully Patched,Medium Risk
DEV-1963,Desktop,Windows 10,41,18.0,4,4,3,4,No,Outdated,1,1874.5,5.3,1,Partially Patched,Medium Risk
DEV-1964,Laptop,Windows 11,31,18.0,4,6,3,4,Yes,Active,1,539.9,1.5,0,Partially Patched,Low Risk
DEV-1965,Desktop,macOS,32,11.0,2,6,3,3,No,Disabled,0,1634.7,3.8,4,Partially Patched,High Risk
DEV-1966,Smartphone,Android,54,26.0,6,4,5,7,No,Active,1,623.6,6.1,0,Outdated,High Risk
DEV-1967,Laptop,Windows 11,72,27.0,1,3,5,4,Yes,Active,0,306.1,3.8,0,Outdated,Medium Risk
DEV-1968,Server,RedHat Linux,59,20.0,2,5,4,3,No,Active,2,10330.8,4.8,0,Partially Patched,Medium Risk
DEV-1969,Desktop,Windows 11,41,19.0,2,5,4,5,No,Disabled,1,835.6,4.9,1,Partially Patched,High Risk
DEV-1970,Server,Windows Server,66,28.0,2,11,5,5,No,Active,1,5837.4,6.6,1,Outdated,High Risk
DEV-1971,IoT_Gateway,Embedded Linux,54,16.0,7,3,4,3,No,Disabled,1,906.6,3.6,1,Partially Patched,Medium Risk
DEV-1972,Smartphone,Android,40,23.0,3,5,7,4,No,Disabled,3,1826.5,4.3,0,Outdated,High Risk
DEV-1973,Laptop,Windows 10,28,11.0,24,6,4,3,Yes,Outdated,1,3660.2,8.3,1,Fully Patched,High Risk
DEV-1974,Laptop,Windows 11,37,18.0,3,3,3,6,Yes,Active,0,1579.8,4.5,0,Outdated,Low Risk
DEV-1975,Laptop,Ubuntu Linux,65,34.0,19,6,6,9,Yes,Active,0,,7.0,2,Outdated,High Risk
DEV-1976,Server,Ubuntu Linux,55,24.0,6,10,6,6,Yes,Disabled,0,3868.9,5.5,0,Partially Patched,High Risk
DEV-1977,Laptop,Windows 10,4,8.0,7,6,2,2,No,Disabled,0,903.3,5.5,0,Partially Patched,Medium Risk
DEV-1978,Desktop,Windows 11,10,2.0,7,6,1,3,Yes,Outdated,1,2412.1,7.0,3,Partially Patched,Medium Risk
DEV-1979,Server,Ubuntu Linux,47,26.0,5,10,4,5,No,Active,0,9246.2,1.8,0,Partially Patched,Medium Risk
DEV-1980,Laptop,macOS,14,4.0,4,2,1,2,Yes,Active,1,787.6,6.4,0,Fully Patched,Low Risk
DEV-1981,Smartphone,iOS,38,14.0,3,6,2,3,Yes,Outdated,1,392.6,6.6,0,Partially Patched,Low Risk
DEV-1982,Laptop,Windows 11,12,0.0,1,5,0,1,No,Outdated,0,2025.8,7.2,1,Partially Patched,Low Risk
DEV-1983,Laptop,Windows 11,45,21.0,2,4,4,3,Yes,Active,0,508.3,4.7,0,Partially Patched,Low Risk
DEV-1984,Smartphone,iOS,17,11.0,1,2,2,2,Yes,Active,0,894.1,5.5,0,Partially Patched,Low Risk
DEV-1985,Desktop,Ubuntu Linux,35,19.0,6,5,5,6,Yes,Active,0,835.5,1.0,0,Outdated,Medium Risk
DEV-1986,Smartphone,Android,66,22.0,5,1,4,6,Yes,Disabled,0,996.5,4.2,0,Outdated,High Risk
DEV-1987,Desktop,Windows 10,41,19.0,2,6,4,5,Yes,Outdated,2,2583.7,5.9,2,Outdated,High Risk
DEV-1988,Laptop,Windows 11,67,30.0,4,5,6,6,No,Active,0,,8.4,3,Partially Patched,High Risk
DEV-1989,Smartphone,iOS,29,16.0,4,5,7,2,Yes,Outdated,0,490.2,9.2,4,Partially Patched,Medium Risk
DEV-1990,Smartphone,Android,18,6.0,5,5,1,6,No,Disabled,0,1446.0,4.8,0,Outdated,Medium Risk
DEV-1991,Smartphone,Android,20,0.0,8,2,0,2,Yes,Active,0,1695.2,7.2,1,Fully Patched,Low Risk
DEV-1992,Laptop,macOS,14,10.0,15,6,2,2,Yes,Active,0,1149.5,5.2,0,Partially Patched,Low Risk
DEV-1993,Server,Ubuntu Linux,34,15.0,18,16,4,3,No,Active,1,6573.2,2.3,0,Partially Patched,High Risk
DEV-1994,Desktop,Windows 10,49,22.0,5,4,8,6,Yes,Outdated,0,834.6,6.7,1,Outdated,High Risk
DEV-1995,Laptop,Windows 10,54,23.0,2,6,4,5,No,Disabled,6,607.7,9.2,1,Outdated,High Risk
DEV-1996,IoT_Gateway,Embedded Linux,31,15.0,17,9,5,5,No,Active,0,132.7,4.7,0,Partially Patched,High Risk
DEV-1997,Laptop,Windows 11,58,28.0,3,2,5,4,Yes,Active,0,1404.2,3.7,3,Partially Patched,Medium Risk
DEV-1998,Tablet,Android,42,11.0,2,3,1,2,Yes,Active,1,499.8,5.6,1,Partially Patched,Low Risk
DEV-1999,Desktop,Windows 11,58,29.0,3,2,8,5,Yes,Outdated,1,572.7,5.3,1,Partially Patched,High Risk
DEV-2000,Laptop,Windows 10,30,13.0,3,11,2,2,Yes,Disabled,0,242.7,10.0,2,Partially Patched,Medium Risk
DEV-2001,Desktop,macOS,25,18.0,1,5,3,3,Yes,Active,0,643.5,7.5,0,Partially Patched,Low Risk
DEV-2002,IoT_Gateway,Embedded Linux,63,25.0,5,4,12,4,No,Outdated,6,429.0,5.8,1,Outdated,High Risk
DEV-2003,Smartphone,Android,19,6.0,3,3,1,2,Yes,Disabled,2,1049.8,1.0,0,Fully Patched,Low Risk
DEV-2004,Smartphone,Android,72,30.0,1,5,5,5,Yes,Active,1,1225.3,5.2,0,Partially Patched,Medium Risk
DEV-2005,Server,Ubuntu Linux,8,7.0,5,11,1,2,No,Active,2,6396.2,9.2,0,Fully Patched,Medium Risk
DEV-2006,Smartphone,Android,3,2.0,7,3,1,3,Yes,Active,4,2033.3,5.7,1,Partially Patched,Medium Risk
DEV-2007,Smartphone,Android,67,31.0,30,6,5,6,Yes,Active,1,500.7,7.1,2,Partially Patched,High Risk
DEV-2008,Laptop,Windows 10,17,7.0,4,6,1,3,Yes,Active,0,1303.0,6.3,3,Fully Patched,Low Risk
DEV-2009,Desktop,Windows 11,14,7.0,4,4,2,5,Yes,Outdated,1,1251.5,4.5,0,Partially Patched,Low Risk
DEV-2010,Laptop,Windows 11,9,14.0,5,5,6,6,Yes,Active,2,896.5,8.9,0,Partially Patched,Medium Risk
DEV-2011,Tablet,Android,62,28.0,2,3,5,9,Yes,Active,2,738.7,5.9,1,Outdated,High Risk
DEV-2012,IoT_Gateway,Embedded Linux,21,12.0,2,7,3,2,No,Active,0,50.0,4.1,2,Fully Patched,Medium Risk
DEV-2013,Laptop,Windows 11,37,10.0,3,6,3,2,Yes,Outdated,1,1926.2,5.5,1,Partially Patched,Medium Risk
DEV-2014,Smartphone,Android,11,11.0,5,5,1,5,No,Disabled,2,1111.9,8.4,0,Outdated,Medium Risk
DEV-2015,IoT_Gateway,Embedded Linux,20,14.0,26,2,2,3,No,Active,0,492.1,2.5,1,Partially Patched,High Risk
DEV-2016,Laptop,macOS,35,13.0,2,6,3,5,Yes,Active,1,714.9,6.0,0,Outdated,Medium Risk
DEV-2017,Server,Windows Server,53,27.0,1,12,6,7,Yes,Active,0,3978.3,5.6,1,Outdated,High Risk
DEV-2018,IoT_Gateway,Embedded Linux,47,22.0,4,3,4,3,Yes,Active,0,330.7,2.4,0,Partially Patched,Low Risk
DEV-2019,Laptop,Windows 11,52,22.0,1,6,3,5,Yes,Active,6,1060.4,7.0,0,Partially Patched,Medium Risk
DEV-2020,Smartphone,Android,8,10.0,6,4,1,3,Yes,Active,1,1110.1,6.0,1,Partially Patched,Low Risk
DEV-2021,Laptop,Windows 11,4,1.0,1,3,1,0,Yes,Active,1,1268.7,7.3,0,Fully Patched,Low Risk
DEV-2022,IoT_Gateway,Embedded Linux,27,9.0,5,1,2,3,No,Active,0,161.3,7.8,0,Partially Patched,Low Risk
DEV-2023,Tablet,iPadOS,44,20.0,32,3,4,6,No,Outdated,0,459.7,5.4,0,Outdated,High Risk
DEV-2024,IoT_Gateway,Embedded Linux,40,20.0,5,6,5,7,Yes,Active,0,342.6,4.4,0,Outdated,Medium Risk
DEV-2025,Desktop,macOS,47,24.0,3,3,7,4,No,Active,0,688.4,2.7,0,Partially Patched,Medium Risk
DEV-2026,IoT_Gateway,Embedded Linux,44,18.0,1,4,9,4,No,Active,0,889.8,4.2,0,Partially Patched,Medium Risk
DEV-2027,Smartphone,Android,48,17.0,3,1,4,4,Yes,Outdated,0,1109.9,5.5,0,Outdated,Medium Risk
DEV-2028,Laptop,Windows 10,52,32.0,1,6,6,8,Yes,Active,0,978.0,3.6,0,Outdated,Medium Risk
DEV-2029,Smartphone,Android,68,24.0,2,1,4,5,Yes,Outdated,0,347.4,6.7,0,Outdated,Medium Risk
DEV-2030,Laptop,Windows 10,11,6.0,4,4,1,3,Yes,Active,0,780.3,3.7,0,Partially Patched,Low Risk
DEV-2031,Server,Ubuntu Linux,4,6.0,2,11,2,1,No,Outdated,1,5466.4,2.0,0,Fully Patched,Low Risk
DEV-2032,Laptop,Windows 11,48,25.0,2,3,17,6,Yes,Active,0,626.7,4.3,0,Partially Patched,High Risk
DEV-2033,Laptop,Ubuntu Linux,26,10.0,20,3,1,1,Yes,Active,0,1269.1,5.9,1,Partially Patched,Low Risk
DEV-2034,Laptop,Windows 11,39,10.0,4,12,4,1,Yes,Outdated,0,1127.9,3.0,1,Fully Patched,Medium Risk
DEV-2035,Smartphone,iOS,58,22.0,4,1,13,7,Yes,Active,0,177.9,3.7,1,Outdated,High Risk
DEV-2036,Laptop,Ubuntu Linux,19,13.0,1,3,4,4,No,Active,0,1036.4,4.2,0,Partially Patched,Medium Risk
DEV-2037,Smartphone,iOS,58,27.0,5,2,6,5,Yes,Active,0,331.1,4.5,0,Partially Patched,Medium Risk
DEV-2038,Laptop,Windows 10,28,15.0,2,12,2,3,Yes,Disabled,1,1404.7,6.1,0,Fully Patched,Low Risk
DEV-2039,Laptop,Windows 10,66,31.0,2,3,5,7,No,Active,0,523.9,6.8,1,Outdated,High Risk
DEV-2040,Desktop,macOS,10,11.0,4,5,2,2,Yes,Active,0,487.1,4.6,0,Partially Patched,Low Risk
DEV-2041,Smartphone,Android,58,22.0,35,1,6,7,Yes,Active,0,423.3,3.4,0,Outdated,High Risk
DEV-2042,Laptop,Windows 10,14,2.0,1,1,0,1,Yes,Outdated,0,1356.0,5.8,1,Fully Patched,Low Risk
DEV-2043,Server,RedHat Linux,15,9.0,21,11,2,2,Yes,Outdated,0,5089.8,6.5,2,Partially Patched,High Risk
DEV-2044,IoT_Gateway,Embedded Linux,33,11.0,1,2,3,4,No,Active,1,165.3,8.7,3,Partially Patched,Medium Risk
DEV-2045,Server,Ubuntu Linux,17,3.0,6,13,1,1,Yes,Active,0,6015.9,7.8,1,Partially Patched,Low Risk
DEV-2046,Laptop,Windows 11,24,16.0,6,1,3,4,Yes,Active,2,647.4,3.0,0,Outdated,Medium Risk
DEV-2047,Laptop,Windows 10,30,15.0,2,5,8,4,Yes,Outdated,0,533.6,5.2,3,Outdated,High Risk
DEV-2048,IoT_Gateway,FreeRTOS,62,26.0,0,4,4,5,No,Active,2,61.6,6.4,1,Outdated,High Risk
DEV-2049,Laptop,Windows 11,13,7.0,3,1,2,2,Yes,Active,2,1583.1,3.8,1,Partially Patched,Low Risk
DEV-2050,IoT_Gateway,FreeRTOS,62,26.0,2,13,5,5,No,Active,0,845.6,4.8,0,Outdated,High Risk
DEV-2051,Desktop,Windows 10,47,25.0,1,3,4,5,Yes,Active,0,750.4,6.8,0,Partially Patched,Low Risk
DEV-2052,IoT_Gateway,Embedded Linux,16,2.0,2,16,1,3,No,Active,0,80.7,6.0,0,Partially Patched,Low Risk
DEV-2053,Smartphone,Android,66,22.0,1,4,5,5,No,Active,0,971.0,5.5,0,Partially Patched,Medium Risk
DEV-2054,Tablet,iPadOS,43,15.0,13,1,4,4,Yes,Active,4,1107.5,4.2,0,Partially Patched,Medium Risk
DEV-2055,Desktop,Windows 11,8,6.0,7,2,1,3,Yes,Outdated,0,881.5,2.6,0,Partially Patched,Low Risk
DEV-2056,Smartphone,iOS,3,10.0,2,2,4,6,Yes,Active,0,478.8,4.9,0,Outdated,Low Risk
DEV-2057,Desktop,Windows 11,12,10.0,2,5,5,4,Yes,Active,2,1372.0,5.3,0,Partially Patched,Medium Risk
DEV-2058,Desktop,macOS,16,10.0,3,4,1,3,Yes,Active,7,3428.8,2.6,0,Partially Patched,Medium Risk
DEV-2059,Server,Windows Server,59,25.0,3,16,4,5,Yes,Active,1,3104.9,5.6,0,Partially Patched,Medium Risk
DEV-2060,IoT_Gateway,Embedded Linux,49,16.0,3,9,3,4,No,Active,1,111.8,6.3,0,Partially Patched,Medium Risk
DEV-2061,Tablet,Android,63,29.0,5,1,5,6,Yes,Disabled,0,440.7,4.1,0,Outdated,High Risk
DEV-2062,Smartphone,iOS,62,34.0,0,3,6,8,Yes,Active,0,50.0,6.3,3,Outdated,High Risk
DEV-2063,Desktop,Windows 11,49,20.0,1,4,3,6,Yes,Active,1,1642.0,6.1,0,Partially Patched,Medium Risk
DEV-2064,Desktop,macOS,51,20.0,4,4,7,6,Yes,Outdated,0,1633.9,4.9,0,Partially Patched,Medium Risk
DEV-2065,Smartphone,Android,33,14.0,3,2,3,2,No,Active,0,244.2,4.7,0,Partially Patched,Low Risk
DEV-2066,Laptop,Windows 11,30,16.0,17,2,10,3,Yes,Outdated,0,1334.9,4.8,0,Partially Patched,High Risk
DEV-2067,Laptop,Ubuntu Linux,59,26.0,3,5,4,4,Yes,Outdated,0,1628.3,3.8,0,Partially Patched,Medium Risk
DEV-2068,Desktop,Windows 10,15,11.0,3,3,2,3,No,Outdated,0,1219.8,6.2,4,Partially Patched,Medium Risk
DEV-2069,Laptop,macOS,23,11.0,6,1,2,4,Yes,Active,2,479.5,3.8,0,Outdated,Medium Risk
DEV-2070,Laptop,Windows 11,45,19.0,5,4,6,4,No,Disabled,1,2394.6,3.9,0,Outdated,High Risk
DEV-2071,Laptop,Windows 10,62,27.0,1,5,5,7,Yes,Active,2,873.8,6.5,0,Outdated,Medium Risk
DEV-2072,Laptop,Windows 10,71,28.0,5,3,6,7,No,Outdated,1,1795.4,5.0,1,Outdated,High Risk
DEV-2073,Laptop,Windows 10,15,14.0,1,2,3,5,Yes,Active,0,1850.2,5.6,0,Outdated,Low Risk
DEV-2074,Tablet,iPadOS,46,23.0,3,3,3,5,Yes,Disabled,0,704.1,2.1,0,Outdated,Medium Risk
DEV-2075,Desktop,Windows 10,64,23.0,4,5,5,4,No,Active,0,764.3,4.5,0,Partially Patched,Medium Risk
DEV-2076,Desktop,Windows 10,46,17.0,3,1,4,4,Yes,Active,0,1336.5,8.9,3,Partially Patched,Medium Risk
DEV-2077,Smartphone,Android,56,26.0,1,2,4,6,Yes,Outdated,6,,1.9,1,Partially Patched,High Risk
DEV-2078,Laptop,macOS,44,20.0,2,6,3,6,Yes,Active,0,2983.7,9.0,0,Outdated,Medium Risk
DEV-2079,IoT_Gateway,Embedded Linux,29,14.0,4,1,3,4,No,Active,0,50.0,6.0,0,Partially Patched,Low Risk
DEV-2080,Smartphone,Android,62,26.0,7,2,5,8,Yes,Active,2,494.1,4.4,0,Outdated,High Risk
DEV-2081,Laptop,Windows 11,52,24.0,3,5,6,8,Yes,Active,0,1473.8,5.1,0,Outdated,Medium Risk
DEV-2082,Desktop,Windows 10,54,22.0,23,2,4,6,Yes,Active,1,817.5,8.0,0,Outdated,High Risk
DEV-2083,IoT_Gateway,Embedded Linux,57,27.0,6,5,6,6,No,Active,0,525.2,1.0,0,Partially Patched,Medium Risk
DEV-2084,IoT_Gateway,Embedded Linux,66,31.0,3,1,6,7,No,Active,0,377.2,8.3,0,Outdated,Medium Risk
DEV-2085,Desktop,Windows 11,22,17.0,4,5,4,3,No,Active,0,2290.5,6.0,0,Fully Patched,Low Risk
DEV-2086,Server,Ubuntu Linux,20,7.0,1,15,2,3,Yes,Active,1,,7.5,0,Fully Patched,Low Risk
DEV-2087,Laptop,Windows 10,33,15.0,5,2,4,3,Yes,Disabled,1,729.3,2.0,0,Partially Patched,Medium Risk
DEV-2088,Tablet,iPadOS,72,25.0,4,2,5,6,Yes,Disabled,0,213.0,5.0,4,Partially Patched,High Risk
DEV-2089,Laptop,Windows 11,25,19.0,3,6,5,3,No,Outdated,0,466.4,1.0,1,Partially Patched,Medium Risk
DEV-2090,IoT_Gateway,Embedded Linux,46,12.0,5,17,3,4,No,Outdated,8,108.2,7.9,0,Outdated,High Risk
DEV-2091,Server,Ubuntu Linux,57,31.0,3,5,5,7,Yes,Disabled,1,4431.9,3.5,0,Outdated,High Risk
DEV-2092,Server,RedHat Linux,5,4.0,1,13,1,2,Yes,Active,0,7424.7,3.5,0,Fully Patched,Low Risk
DEV-2093,Desktop,Ubuntu Linux,55,25.0,1,4,4,6,Yes,Disabled,3,777.5,1.6,0,Partially Patched,High Risk
DEV-2094,Laptop,Windows 11,61,25.0,4,1,4,7,No,Disabled,0,1567.7,6.4,0,Outdated,High Risk
DEV-2095,Laptop,Windows 10,8,5.0,3,6,2,5,Yes,Active,0,1100.5,5.6,4,Partially Patched,Medium Risk
DEV-2096,Laptop,Windows 11,16,10.0,2,6,3,3,No,Active,0,1751.4,4.0,0,Partially Patched,Low Risk
DEV-2097,Laptop,Windows 11,48,14.0,1,6,3,7,Yes,Active,0,2151.3,6.0,4,Outdated,High Risk
DEV-2098,Smartphone,Android,61,23.0,3,3,4,6,Yes,Outdated,2,639.1,3.9,0,Partially Patched,Medium Risk
DEV-2099,Desktop,Windows 11,15,4.0,4,5,1,0,Yes,Outdated,1,544.5,2.0,0,Fully Patched,Low Risk
DEV-2100,Laptop,Windows 10,65,29.0,35,1,4,5,Yes,Disabled,0,1506.0,4.8,0,Outdated,High Risk
DEV-2101,Tablet,Android,22,10.0,2,3,1,2,No,Active,0,1396.7,8.8,0,Fully Patched,Low Risk
DEV-2102,IoT_Gateway,Embedded Linux,3,5.0,2,9,2,1,No,Active,0,104.5,7.4,1,Partially Patched,Low Risk
DEV-2103,IoT_Gateway,Embedded Linux,54,24.0,6,8,4,6,No,Active,2,567.8,6.4,0,Outdated,High Risk
DEV-2104,Tablet,Android,14,11.0,4,5,2,2,No,Active,1,318.0,6.0,0,Partially Patched,Low Risk
DEV-2105,Laptop,Windows 10,36,13.0,3,6,2,4,Yes,Active,1,1248.7,4.8,0,Partially Patched,Low Risk
DEV-2106,Desktop,Ubuntu Linux,67,29.0,5,4,5,6,Yes,Outdated,1,,7.0,0,Partially Patched,Medium Risk
DEV-2107,Smartphone,Android,10,10.0,3,4,1,5,Yes,Outdated,1,474.5,6.6,1,Partially Patched,Medium Risk
DEV-2108,Smartphone,iOS,49,25.0,3,4,4,5,Yes,Disabled,0,1494.2,5.3,1,Outdated,High Risk
DEV-2109,Laptop,Windows 10,65,22.0,5,1,3,4,Yes,Outdated,0,469.2,5.9,1,Partially Patched,Medium Risk
DEV-2110,Smartphone,Android,57,20.0,8,5,3,4,Yes,Active,0,1276.5,2.3,3,Partially Patched,Medium Risk
DEV-2111,Laptop,Windows 10,27,12.0,5,2,4,3,Yes,Active,0,991.6,4.5,0,Partially Patched,Low Risk
DEV-2112,Laptop,Windows 11,5,3.0,0,2,1,2,Yes,Active,0,1075.7,3.1,0,Fully Patched,Low Risk
DEV-2113,Desktop,Windows 11,71,30.0,5,4,6,7,No,Active,0,458.6,3.1,0,Outdated,High Risk
DEV-2114,Server,RedHat Linux,57,27.0,5,10,5,7,Yes,Active,2,3477.3,6.4,0,Outdated,High Risk
DEV-2115,Server,Ubuntu Linux,15,9.0,4,4,5,1,Yes,Active,1,7123.7,3.0,1,Partially Patched,Low Risk
DEV-2116,Laptop,Ubuntu Linux,30,,2,2,4,4,Yes,Active,1,1633.5,7.0,0,Outdated,Low Risk
DEV-2117,IoT_Gateway,Embedded Linux,20,12.0,3,9,2,2,No,Active,0,549.9,7.6,0,Partially Patched,Low Risk
DEV-2118,Laptop,Windows 11,37,21.0,3,5,3,4,No,Active,3,636.3,5.4,2,Partially Patched,Medium Risk
DEV-2119,Laptop,Windows 10,3,0.0,6,4,0,0,No,Active,0,1617.5,4.3,0,Fully Patched,Low Risk
DEV-2120,IoT_Gateway,Embedded Linux,41,16.0,3,4,4,5,Yes,Active,0,203.3,7.6,0,Outdated,Low Risk
DEV-2121,Tablet,Android,39,14.0,1,3,3,3,Yes,Active,1,950.8,6.6,0,Partially Patched,Low Risk
DEV-2122,IoT_Gateway,Embedded Linux,26,14.0,0,7,2,4,No,Active,2,50.0,7.9,2,Outdated,Medium Risk
DEV-2123,Smartphone,iOS,2,0.0,0,6,3,0,Yes,Disabled,1,516.5,3.3,0,Fully Patched,Low Risk
DEV-2124,Server,RedHat Linux,23,11.0,8,6,2,4,No,Active,0,5798.2,5.0,4,Outdated,High Risk
DEV-2125,Server,RedHat Linux,23,14.0,4,17,3,4,No,Active,1,5415.8,5.1,0,Partially Patched,Medium Risk
DEV-2126,Laptop,Windows 10,16,5.0,1,1,3,3,No,Outdated,0,752.8,5.9,0,Fully Patched,Low Risk
DEV-2127,Desktop,Ubuntu Linux,9,7.0,4,6,3,1,No,Active,1,1749.5,6.7,0,Partially Patched,Low Risk
DEV-2128,Desktop,Windows 11,13,13.0,2,3,3,4,Yes,Active,0,,5.8,0,Outdated,Low Risk
DEV-2129,Laptop,Windows 11,28,16.0,3,2,5,2,Yes,Outdated,0,499.5,8.2,1,Partially Patched,Low Risk
DEV-2130,Smartphone,Android,27,6.0,4,8,5,2,Yes,Active,0,101.2,4.8,0,Partially Patched,Low Risk
DEV-2131,Desktop,Windows 11,51,21.0,7,13,7,5,Yes,Active,4,1393.7,3.4,3,Partially Patched,High Risk
DEV-2132,Laptop,Windows 10,64,29.0,4,2,5,6,Yes,Active,0,582.7,4.2,1,Outdated,Medium Risk
DEV-2133,Laptop,Windows 10,52,25.0,3,1,4,7,Yes,Active,0,1315.7,3.9,0,Outdated,Medium Risk
DEV-2134,Smartphone,Android,38,16.0,2,3,3,3,Yes,Active,3,738.1,4.6,0,Fully Patched,Low Risk
DEV-2135,Laptop,Windows 11,65,25.0,2,5,6,5,Yes,Active,0,244.7,5.0,0,Partially Patched,Medium Risk
DEV-2136,IoT_Gateway,Embedded Linux,18,9.0,4,6,1,5,No,Outdated,0,174.9,5.0,2,Partially Patched,Medium Risk
DEV-2137,Desktop,Windows 11,63,22.0,2,3,4,4,No,Active,0,865.3,6.0,0,Outdated,Medium Risk
DEV-2138,Desktop,Windows 10,51,26.0,6,4,4,5,No,Active,2,927.8,4.6,0,Partially Patched,Medium Risk
DEV-2139,Server,RedHat Linux,9,13.0,2,8,3,4,Yes,Active,1,3310.4,7.6,0,Partially Patched,Low Risk
DEV-2140,Smartphone,Android,13,8.0,3,4,2,6,Yes,Active,1,1017.0,1.6,0,Partially Patched,Low Risk
DEV-2141,Laptop,Windows 11,40,17.0,27,1,3,3,No,Active,2,2300.5,1.0,0,Fully Patched,High Risk
DEV-2142,Smartphone,Android,55,27.0,4,4,6,7,Yes,Active,0,284.0,7.5,1,Outdated,Medium Risk
DEV-2143,Server,RedHat Linux,43,22.0,6,6,4,8,Yes,Outdated,1,3583.3,7.3,0,Outdated,High Risk
DEV-2144,Laptop,Ubuntu Linux,44,18.0,8,5,3,4,Yes,Active,0,268.0,8.0,0,Partially Patched,Medium Risk
DEV-2145,IoT_Gateway,Embedded Linux,68,29.0,5,7,9,5,No,Active,0,107.1,6.8,0,Partially Patched,High Risk
DEV-2146,Smartphone,Android,33,12.0,2,4,3,4,No,Active,0,397.4,5.5,1,Partially Patched,Low Risk
DEV-2147,Server,Ubuntu Linux,24,12.0,7,15,2,5,No,Disabled,2,3298.0,5.0,0,Partially Patched,High Risk
DEV-2148,IoT_Gateway,Embedded Linux,36,17.0,0,7,8,4,No,Active,2,58.7,2.3,0,Partially Patched,High Risk
DEV-2149,IoT_Gateway,Embedded Linux,10,2.0,3,6,1,2,No,Outdated,1,534.5,5.8,0,Fully Patched,Low Risk
DEV-2150,Smartphone,Android,20,5.0,5,1,2,2,Yes,Active,0,613.8,2.6,0,Partially Patched,Low Risk
DEV-2151,Smartphone,Android,12,1.0,21,3,2,1,Yes,Outdated,4,968.8,10.0,0,Fully Patched,Medium Risk
DEV-2152,Smartphone,iOS,62,28.0,4,4,5,4,Yes,Active,1,412.0,3.4,3,Outdated,High Risk
DEV-2153,Smartphone,Android,18,9.0,2,3,2,1,Yes,Active,0,294.3,5.3,0,Partially Patched,Low Risk
DEV-2154,Server,Ubuntu Linux,63,26.0,3,18,4,6,Yes,Active,0,6933.2,8.5,1,Partially Patched,High Risk
DEV-2155,Smartphone,Android,25,13.0,16,1,3,3,No,Active,3,763.2,4.8,2,Partially Patched,High Risk
DEV-2156,Laptop,Windows 10,12,3.0,2,6,1,2,Yes,Active,0,598.8,4.8,0,Partially Patched,Low Risk
DEV-2157,IoT_Gateway,FreeRTOS,21,6.0,32,1,2,3,No,Active,5,331.2,1.0,0,Partially Patched,High Risk
DEV-2158,IoT_Gateway,FreeRTOS,25,12.0,2,9,3,2,No,Active,1,261.2,2.9,2,Fully Patched,Medium Risk
DEV-2159,Laptop,Windows 10,11,0.0,3,3,1,2,Yes,Active,2,1217.5,6.6,0,Fully Patched,Low Risk
DEV-2160,Smartphone,Android,64,26.0,1,6,6,5,Yes,Active,1,363.4,8.8,0,Partially Patched,Medium Risk
DEV-2161,Laptop,Windows 11,50,31.0,3,6,5,10,No,Disabled,0,1257.3,3.7,0,Outdated,High Risk
DEV-2162,Laptop,Windows 10,62,21.0,6,4,3,6,Yes,Active,2,1360.8,5.9,0,Outdated,Medium Risk
DEV-2163,Smartphone,Android,49,19.0,6,4,3,3,Yes,Outdated,1,765.6,10.0,0,Partially Patched,Medium Risk
DEV-2164,Laptop,Windows 10,14,0.0,4,3,6,1,Yes,Active,1,1590.6,6.6,0,Partially Patched,Low Risk
DEV-2165,Smartphone,Android,1,1.0,6,3,2,2,Yes,Disabled,1,541.6,7.5,0,Partially Patched,Low Risk
DEV-2166,Smartphone,Android,25,19.0,35,2,7,5,Yes,Active,1,309.6,4.0,0,Outdated,High Risk
DEV-2167,Desktop,Windows 11,59,27.0,7,5,4,6,Yes,Active,0,276.6,8.6,1,Partially Patched,Medium Risk
DEV-2168,Laptop,Windows 11,72,28.0,4,5,5,7,Yes,Active,0,1661.6,4.1,0,Outdated,Medium Risk
DEV-2169,Laptop,Windows 11,69,36.0,13,1,7,7,Yes,Active,1,1206.8,3.8,2,Outdated,High Risk
DEV-2170,Server,Ubuntu Linux,5,0.0,4,15,1,0,Yes,Outdated,1,5126.3,8.5,0,Fully Patched,Low Risk
DEV-2171,Tablet,Windows 11,19,11.0,4,6,3,4,Yes,Active,0,110.9,4.2,1,Outdated,Low Risk
DEV-2172,Server,Ubuntu Linux,23,11.0,1,12,2,2,Yes,Active,4,8296.1,5.5,0,Partially Patched,Medium Risk
DEV-2173,Laptop,Windows 10,9,4.0,16,6,2,1,No,Active,0,876.3,8.8,0,Partially Patched,Low Risk
DEV-2174,Server,Windows Server,50,25.0,4,7,6,5,No,Active,0,6543.3,3.7,1,Outdated,High Risk
DEV-2175,Desktop,Ubuntu Linux,16,3.0,2,14,1,3,Yes,Active,1,289.7,5.0,0,Fully Patched,Low Risk
DEV-2176,Smartphone,Android,33,16.0,4,2,7,4,Yes,Active,0,259.0,4.3,3,Partially Patched,High Risk
DEV-2177,Laptop,macOS,2,3.0,5,3,1,5,Yes,Active,0,462.4,4.8,1,Partially Patched,Low Risk
DEV-2178,Smartphone,Android,14,4.0,8,3,2,3,No,Active,1,666.0,5.6,0,Partially Patched,Low Risk
DEV-2179,Desktop,Windows 11,1,10.0,33,3,3,5,No,Active,0,1262.0,8.2,1,Partially Patched,High Risk
DEV-2180,Tablet,Android,58,24.0,1,5,5,6,No,Outdated,0,387.9,8.8,0,Partially Patched,Medium Risk
DEV-2181,Laptop,Windows 10,16,7.0,8,3,1,4,Yes,Active,1,485.3,5.8,0,Outdated,Low Risk
DEV-2182,Server,RedHat Linux,47,16.0,2,16,4,2,Yes,Disabled,2,10699.9,4.0,0,Partially Patched,High Risk
DEV-2183,IoT_Gateway,Embedded Linux,44,18.0,4,6,3,5,No,Active,0,90.1,6.9,2,Partially Patched,Medium Risk
DEV-2184,Laptop,Windows 11,14,16.0,3,1,8,7,Yes,Active,0,991.4,5.5,0,Outdated,Medium Risk
DEV-2185,IoT_Gateway,Embedded Linux,24,10.0,7,7,1,4,Yes,Active,1,691.3,5.6,1,Outdated,Medium Risk
DEV-2186,Smartphone,Android,55,26.0,3,5,4,4,Yes,Active,2,378.8,3.4,0,Outdated,Medium Risk
DEV-2187,Laptop,Windows 10,15,11.0,2,4,6,2,Yes,Active,0,2467.1,2.3,1,Fully Patched,Low Risk
DEV-2188,Laptop,Windows 10,72,30.0,3,2,5,6,No,Outdated,0,1375.3,5.5,1,Outdated,High Risk
DEV-2189,Smartphone,iOS,34,13.0,3,2,2,4,Yes,Disabled,0,1122.9,3.4,0,Partially Patched,Medium Risk
DEV-2190,Laptop,macOS,2,4.0,3,4,3,1,Yes,Active,1,2308.3,4.4,1,Partially Patched,Low Risk
DEV-2191,Server,Windows Server,27,11.0,6,9,2,1,No,Disabled,0,3003.9,8.5,0,Partially Patched,Medium Risk
DEV-2192,Laptop,Windows 10,72,29.0,15,1,4,5,Yes,Active,0,4142.1,5.4,0,Outdated,Medium Risk
DEV-2193,Server,RedHat Linux,23,14.0,5,5,2,3,No,Active,1,8997.4,7.7,2,Partially Patched,Medium Risk
DEV-2194,Laptop,Windows 10,68,28.0,3,11,7,6,Yes,Outdated,2,1069.3,6.1,3,Partially Patched,High Risk
DEV-2195,IoT_Gateway,Embedded Linux,14,12.0,6,5,2,3,No,Active,0,456.9,6.7,0,Partially Patched,Low Risk
DEV-2196,Tablet,Android,63,26.0,4,15,6,5,Yes,Outdated,0,399.3,4.4,0,Partially Patched,Medium Risk
DEV-2197,Tablet,Android,65,22.0,3,2,4,4,Yes,Outdated,0,1080.5,7.8,0,Outdated,Medium Risk
DEV-2198,Smartphone,Android,68,15.0,2,6,2,7,Yes,Disabled,0,405.6,6.1,1,Outdated,Medium Risk
DEV-2199,Laptop,Windows 10,63,19.0,2,6,3,7,Yes,Active,0,2023.7,5.0,1,Outdated,Medium Risk
DEV-2200,Smartphone,iOS,64,20.0,32,5,8,7,No,Active,0,575.3,6.1,0,Outdated,High Risk
DEV-2201,Laptop,Windows 11,32,15.0,3,6,3,2,No,Disabled,1,2152.6,4.1,0,Fully Patched,Medium Risk
DEV-2202,Laptop,Windows 11,13,3.0,8,5,0,1,No,Outdated,3,1100.5,4.9,0,Partially Patched,Medium Risk
DEV-2203,Laptop,Ubuntu Linux,66,20.0,4,13,3,5,No,Outdated,0,1986.3,5.4,0,Partially Patched,Medium Risk
DEV-2204,Desktop,Windows 11,19,9.0,0,2,2,1,Yes,Outdated,1,1294.9,4.4,0,Partially Patched,Low Risk
DEV-2205,Smartphone,Android,24,7.0,1,6,2,3,Yes,Outdated,0,683.5,8.6,0,Fully Patched,Low Risk
DEV-2206,Smartphone,Android,11,8.0,1,5,1,3,No,Active,1,235.9,4.7,2,Fully Patched,Low Risk
DEV-2207,Desktop,Windows 10,59,27.0,5,2,4,6,Yes,Outdated,3,1056.5,9.7,0,Outdated,High Risk
DEV-2208,Laptop,Windows 11,15,10.0,4,6,3,2,Yes,Active,0,2360.9,5.6,1,Partially Patched,Low Risk
DEV-2209,Tablet,Android,10,0.0,2,1,0,2,No,Outdated,2,434.3,5.0,2,Partially Patched,Medium Risk
DEV-2210,Desktop,Windows 11,41,18.0,8,3,3,4,Yes,Active,0,1326.4,4.5,0,Partially Patched,Low Risk
DEV-2211,Desktop,Windows 10,27,12.0,3,3,2,6,Yes,Disabled,1,1133.8,6.3,0,Partially Patched,Medium Risk
DEV-2212,Laptop,Windows 10,60,21.0,4,4,4,12,Yes,Disabled,6,1444.9,7.3,2,Outdated,High Risk
DEV-2213,Smartphone,Android,52,14.0,22,6,2,5,No,Active,0,177.3,1.0,0,Outdated,High Risk
DEV-2214,Smartphone,Android,28,12.0,29,3,2,2,No,Outdated,2,411.0,5.5,4,Fully Patched,High Risk
DEV-2215,Laptop,macOS,65,32.0,3,1,7,9,Yes,Disabled,0,1234.5,1.5,0,Outdated,High Risk
DEV-2216,Laptop,Windows 11,17,0.0,3,6,0,0,No,Active,0,390.2,7.5,0,Fully Patched,Low Risk
DEV-2217,Smartphone,Android,44,16.0,3,3,3,4,Yes,Outdated,1,2046.7,7.5,1,Outdated,Medium Risk
DEV-2218,Server,RedHat Linux,10,6.0,1,6,2,2,Yes,Active,0,6618.1,5.6,0,Partially Patched,Low Risk
DEV-2219,Laptop,Windows 11,63,31.0,2,1,7,9,Yes,Active,1,1873.2,5.9,1,Outdated,High Risk
DEV-2220,Tablet,Android,47,19.0,4,5,3,5,Yes,Outdated,1,978.6,2.6,0,Outdated,Medium Risk
DEV-2221,Laptop,Windows 10,38,24.0,6,3,4,5,Yes,Outdated,0,1558.6,4.4,0,Partially Patched,Medium Risk
DEV-2222,Desktop,macOS,70,22.0,8,4,3,7,Yes,Active,0,3443.2,4.3,0,Outdated,Medium Risk
DEV-2223,IoT_Gateway,Embedded Linux,53,15.0,1,8,6,4,No,Outdated,0,139.2,4.6,0,Outdated,High Risk
DEV-2224,Desktop,Windows 10,44,23.0,2,3,5,4,Yes,Active,0,425.7,7.2,1,Outdated,Medium Risk
DEV-2225,Server,RedHat Linux,54,14.0,2,6,2,4,Yes,Active,0,4465.6,8.1,0,Outdated,Low Risk
DEV-2226,Desktop,Windows 11,20,11.0,2,1,2,3,Yes,Active,0,2330.3,6.7,1,Partially Patched,Low Risk
DEV-2227,Laptop,Windows 10,31,13.0,1,1,4,5,Yes,Active,0,,4.9,3,Partially Patched,Medium Risk
DEV-2228,Tablet,Android,7,1.0,3,13,0,0,Yes,Disabled,0,527.1,4.0,0,Fully Patched,Low Risk
DEV-2229,Desktop,Windows 11,58,23.0,3,4,5,4,Yes,Outdated,0,800.2,5.7,2,Outdated,High Risk
DEV-2230,IoT_Gateway,Embedded Linux,10,0.0,31,2,3,1,No,Outdated,0,495.3,6.1,0,Partially Patched,High Risk
DEV-2231,Laptop,Windows 10,10,4.0,3,1,0,0,Yes,Active,0,2159.5,5.1,2,Fully Patched,Low Risk
DEV-2232,Laptop,Windows 11,39,17.0,1,2,3,3,Yes,Active,1,398.8,4.2,3,Partially Patched,Medium Risk
DEV-2233,Laptop,Ubuntu Linux,28,11.0,1,4,1,3,Yes,Active,0,281.2,6.7,0,Partially Patched,Low Risk
DEV-2234,Server,Ubuntu Linux,30,11.0,6,14,2,4,No,Outdated,1,5313.2,6.9,0,Partially Patched,Medium Risk
DEV-2235,Desktop,Windows 11,37,17.0,2,6,4,3,Yes,Active,0,1268.5,2.9,1,Partially Patched,Low Risk
DEV-2236,IoT_Gateway,Embedded Linux,67,35.0,2,7,5,6,Yes,Active,0,179.4,4.7,2,Outdated,High Risk
DEV-2237,Desktop,macOS,43,18.0,5,6,3,4,Yes,Disabled,1,529.7,7.1,0,Partially Patched,Medium Risk
DEV-2238,Tablet,iPadOS,52,26.0,5,11,5,4,No,Active,3,292.2,7.5,0,Outdated,High Risk
DEV-2239,Laptop,Windows 11,56,20.0,3,4,6,3,No,Active,0,1881.6,5.6,0,Fully Patched,Medium Risk
DEV-2240,IoT_Gateway,Embedded Linux,68,23.0,2,4,4,5,Yes,Active,0,50.0,6.2,1,Partially Patched,Medium Risk
DEV-2241,Smartphone,Android,9,7.0,6,1,1,2,Yes,Active,0,1213.9,6.0,0,Partially Patched,Low Risk
DEV-2242,Smartphone,iOS,23,10.0,5,2,2,4,Yes,Active,0,326.2,7.4,0,Outdated,Low Risk
DEV-2243,Smartphone,Android,63,31.0,1,6,6,6,Yes,Outdated,1,2263.7,3.3,0,Partially Patched,Medium Risk
DEV-2244,Smartphone,Android,61,31.0,5,1,5,6,Yes,Disabled,1,225.5,6.0,2,Partially Patched,High Risk
DEV-2245,Server,Windows Server,40,21.0,4,13,3,5,No,Active,1,6799.4,3.7,0,Partially Patched,Medium Risk
DEV-2246,Laptop,Windows 11,44,22.0,5,1,11,3,No,Active,5,5177.6,7.7,3,Fully Patched,High Risk
DEV-2247,Laptop,Windows 11,24,0.0,3,1,0,3,Yes,Active,0,896.3,3.4,0,Partially Patched,Low Risk
DEV-2248,IoT_Gateway,Embedded Linux,51,24.0,3,15,4,6,No,Active,0,218.9,6.3,0,Partially Patched,Medium Risk
DEV-2249,Server,Windows Server,58,28.0,3,12,7,4,Yes,Active,4,9019.9,3.7,0,Outdated,High Risk
DEV-2250,Smartphone,Android,33,10.0,8,3,1,5,Yes,Active,1,991.8,7.0,0,Partially Patched,Low Risk
DEV-2251,Desktop,Windows 11,16,8.0,3,4,1,6,No,Outdated,0,2394.4,6.4,1,Partially Patched,Medium Risk
DEV-2252,Laptop,Windows 11,22,6.0,20,2,1,4,Yes,Active,0,2705.8,6.0,1,Partially Patched,Medium Risk
DEV-2253,Laptop,Windows 10,57,28.0,4,2,6,5,Yes,Outdated,0,445.0,9.4,1,Outdated,High Risk
DEV-2254,Smartphone,Android,62,22.0,9,3,11,6,Yes,Disabled,1,692.0,4.1,3,Partially Patched,High Risk
DEV-2255,Desktop,Windows 10,71,27.0,3,2,5,5,Yes,Active,2,2674.0,7.4,0,Partially Patched,Medium Risk
DEV-2256,Laptop,Ubuntu Linux,72,28.0,7,6,4,8,Yes,Active,0,,7.8,3,Outdated,High Risk
DEV-2257,Desktop,Windows 10,70,36.0,1,1,6,7,No,Disabled,0,1556.5,7.4,0,Outdated,High Risk
DEV-2258,Laptop,Windows 11,30,18.0,20,3,4,7,Yes,Active,0,,4.1,1,Outdated,High Risk
DEV-2259,Server,Ubuntu Linux,23,17.0,4,9,4,4,Yes,Outdated,0,4495.5,5.0,0,Outdated,Medium Risk
DEV-2260,Laptop,Windows 11,32,7.0,0,4,2,3,No,Active,7,1123.2,4.3,0,Fully Patched,Medium Risk
DEV-2261,Smartphone,iOS,57,19.0,4,6,4,6,Yes,Active,5,252.2,4.9,0,Partially Patched,High Risk
DEV-2262,Laptop,Windows 10,9,10.0,5,2,8,4,Yes,Active,0,1268.0,3.8,2,Partially Patched,Medium Risk
DEV-2263,Desktop,Windows 11,31,7.0,1,1,1,2,Yes,Active,4,2791.3,4.8,1,Partially Patched,Low Risk
DEV-2264,Laptop,Windows 10,71,27.0,3,4,4,7,Yes,Active,1,2732.4,8.4,0,Outdated,Medium Risk
DEV-2265,Laptop,Windows 10,9,13.0,3,5,5,5,Yes,Outdated,0,905.3,4.9,2,Partially Patched,Medium Risk
DEV-2266,Desktop,Windows 10,13,3.0,4,1,1,1,Yes,Active,1,344.4,5.7,2,Partially Patched,Low Risk
DEV-2267,Desktop,Windows 11,58,17.0,0,10,3,4,No,Active,0,1302.6,4.0,0,Outdated,Medium Risk
DEV-2268,Server,RedHat Linux,3,3.0,3,4,1,1,Yes,Active,2,2218.6,5.5,2,Partially Patched,Low Risk
DEV-2269,Laptop,Ubuntu Linux,35,8.0,2,5,2,2,Yes,Outdated,0,953.4,7.2,0,Partially Patched,Low Risk
DEV-2270,Smartphone,Android,21,15.0,5,5,3,7,Yes,Outdated,2,1173.8,6.5,1,Outdated,Medium Risk
DEV-2271,IoT_Gateway,FreeRTOS,64,24.0,6,1,7,4,No,Outdated,0,165.9,8.3,0,Partially Patched,High Risk
DEV-2272,Smartphone,Android,52,18.0,1,4,3,4,No,Active,0,880.4,3.1,0,Partially Patched,Medium Risk
DEV-2273,Laptop,Windows 10,34,15.0,6,6,3,5,Yes,Active,1,585.0,4.0,1,Partially Patched,Medium Risk
DEV-2274,Desktop,Windows 10,35,14.0,3,4,2,2,Yes,Outdated,1,2500.7,4.7,0,Partially Patched,Low Risk
DEV-2275,Laptop,Windows 10,15,9.0,24,5,3,4,Yes,Outdated,0,974.5,8.5,0,Partially Patched,Medium Risk
DEV-2276,Laptop,Windows 10,6,6.0,2,16,1,2,Yes,Active,0,2252.3,6.1,1,Partially Patched,Low Risk
DEV-2277,Tablet,Android,32,13.0,5,3,4,2,Yes,Disabled,4,1273.4,2.7,0,Partially Patched,Medium Risk
DEV-2278,Laptop,Windows 11,52,18.0,2,4,3,5,Yes,Active,1,1015.9,7.7,1,Outdated,Medium Risk
DEV-2279,Desktop,Windows 11,28,16.0,3,3,3,4,Yes,Active,2,534.8,5.7,0,Partially Patched,Low Risk
DEV-2280,Server,Ubuntu Linux,64,,3,7,5,4,Yes,Disabled,1,5431.2,7.3,0,Partially Patched,High Risk
DEV-2281,Smartphone,iOS,19,6.0,4,2,1,2,Yes,Outdated,1,197.7,8.7,0,Fully Patched,Low Risk
DEV-2282,Server,Ubuntu Linux,15,8.0,1,11,1,3,Yes,Outdated,0,4618.6,3.5,2,Partially Patched,Low Risk
DEV-2283,Laptop,Windows 11,6,0.0,1,4,1,1,No,Outdated,0,1318.0,8.7,1,Partially Patched,Low Risk
DEV-2284,Laptop,Windows 10,38,18.0,2,2,3,3,Yes,Active,0,1229.7,5.4,0,Fully Patched,Low Risk
DEV-2285,Desktop,Windows 10,26,13.0,2,13,6,3,Yes,Active,2,485.3,4.7,1,Partially Patched,Medium Risk
DEV-2286,Laptop,macOS,51,26.0,3,5,4,5,Yes,Active,1,2257.4,5.8,0,Partially Patched,Medium Risk
DEV-2287,Desktop,Windows 10,53,21.0,4,3,5,7,Yes,Active,1,1277.7,3.1,0,Outdated,Medium Risk
DEV-2288,Laptop,Windows 11,56,29.0,2,6,7,7,Yes,Active,1,2491.6,5.5,0,Outdated,High Risk
DEV-2289,Laptop,macOS,59,27.0,32,6,5,6,No,Active,2,2352.3,5.0,1,Outdated,High Risk
DEV-2290,Desktop,Windows 10,70,29.0,4,5,5,6,Yes,Disabled,0,2109.4,3.6,0,Partially Patched,High Risk
DEV-2291,Laptop,Windows 11,58,32.0,5,1,5,9,No,Active,2,3900.9,4.2,1,Outdated,High Risk
DEV-2292,Server,RedHat Linux,13,7.0,5,11,7,3,No,Active,0,4438.8,7.8,3,Partially Patched,High Risk
DEV-2293,Smartphone,iOS,43,17.0,7,1,4,2,No,Outdated,1,361.7,5.1,3,Partially Patched,High Risk
DEV-2294,Smartphone,Android,51,22.0,2,6,4,4,Yes,Outdated,0,1031.6,3.5,0,Partially Patched,Medium Risk
DEV-2295,Laptop,Windows 11,19,7.0,4,6,1,3,Yes,Active,0,713.4,6.4,2,Partially Patched,Low Risk
DEV-2296,Laptop,Windows 11,21,11.0,3,5,1,4,Yes,Disabled,0,1217.7,7.0,0,Partially Patched,Low Risk
DEV-2297,Laptop,Windows 11,24,16.0,2,4,4,5,Yes,Active,0,1776.5,5.5,1,Partially Patched,Low Risk
DEV-2298,Server,Ubuntu Linux,26,12.0,3,15,6,4,No,Active,0,8873.4,3.0,2,Partially Patched,High Risk
DEV-2299,Smartphone,Android,45,20.0,1,3,3,7,Yes,Active,0,533.1,1.0,1,Outdated,Medium Risk
DEV-2300,Laptop,Windows 11,28,16.0,1,10,4,3,Yes,Active,0,124.2,3.7,0,Fully Patched,Low Risk
DEV-2301,IoT_Gateway,FreeRTOS,29,18.0,4,1,3,3,No,Outdated,0,499.8,7.6,0,Partially Patched,Medium Risk
DEV-2302,Laptop,macOS,17,6.0,2,5,3,4,Yes,Active,0,2459.3,7.4,1,Partially Patched,Low Risk
DEV-2303,Desktop,Windows 10,68,29.0,3,5,5,5,No,Disabled,0,1007.0,3.9,3,Partially Patched,High Risk
DEV-2304,Smartphone,iOS,44,22.0,0,3,5,4,Yes,Active,3,877.8,5.0,2,Outdated,Medium Risk
DEV-2305,IoT_Gateway,Embedded Linux,61,27.0,5,6,8,4,No,Active,3,584.9,6.9,0,Partially Patched,High Risk
DEV-2306,Smartphone,Android,68,21.0,15,1,4,6,No,Active,1,1219.0,5.2,0,Outdated,High Risk
DEV-2307,Smartphone,Android,25,15.0,4,3,6,2,Yes,Outdated,1,1001.1,7.4,0,Partially Patched,Medium Risk
DEV-2308,Laptop,macOS,67,30.0,5,1,5,6,Yes,Active,1,1607.3,5.3,0,Partially Patched,Medium Risk
DEV-2309,Smartphone,iOS,2,5.0,3,1,6,2,Yes,Active,0,2254.5,6.5,0,Fully Patched,Low Risk
DEV-2310,Laptop,Windows 11,49,16.0,3,4,5,2,Yes,Active,0,1430.4,4.9,1,Partially Patched,Low Risk
DEV-2311,IoT_Gateway,FreeRTOS,70,30.0,1,7,5,8,Yes,Active,0,50.0,3.9,1,Outdated,Medium Risk
DEV-2312,Desktop,Windows 11,26,15.0,6,4,3,5,Yes,Active,0,1061.1,7.8,0,Partially Patched,Low Risk
DEV-2313,Smartphone,iOS,72,27.0,2,3,8,9,Yes,Active,0,554.3,2.5,1,Outdated,High Risk
DEV-2314,Desktop,Ubuntu Linux,27,10.0,5,2,1,3,Yes,Active,1,1716.3,4.3,1,Partially Patched,Low Risk
DEV-2315,Server,Ubuntu Linux,18,12.0,1,6,2,5,No,Outdated,0,4347.6,5.3,0,Outdated,Medium Risk
DEV-2316,Desktop,Windows 10,54,20.0,4,3,5,7,No,Active,1,1378.5,7.2,1,Outdated,High Risk
DEV-2317,Smartphone,Android,1,1.0,5,2,0,5,Yes,Active,1,1159.3,3.7,1,Partially Patched,Low Risk
DEV-2318,Laptop,Windows 10,61,22.0,5,1,5,4,Yes,Active,0,3665.6,5.8,0,Outdated,Medium Risk
DEV-2319,Laptop,Windows 10,3,10.0,1,5,2,6,No,Active,0,554.8,2.7,0,Outdated,Low Risk
DEV-2320,Laptop,Windows 10,68,31.0,3,2,5,6,Yes,Active,0,1259.4,6.4,0,Partially Patched,Medium Risk
DEV-2321,Laptop,Ubuntu Linux,41,17.0,3,5,4,3,No,Active,2,530.3,9.1,0,Partially Patched,Medium Risk
DEV-2322,IoT_Gateway,Embedded Linux,37,15.0,4,1,3,4,No,Active,2,194.3,1.6,2,Partially Patched,Medium Risk
DEV-2323,Laptop,Windows 10,51,17.0,21,2,5,4,No,Active,2,793.3,4.0,0,Partially Patched,High Risk
DEV-2324,Tablet,iPadOS,15,7.0,3,4,2,2,No,Outdated,0,815.8,7.2,1,Partially Patched,Medium Risk
DEV-2325,Laptop,Ubuntu Linux,8,7.0,0,3,1,1,Yes,Active,0,1556.1,10.0,3,Fully Patched,Low Risk
DEV-2326,Laptop,Windows 11,38,13.0,3,2,3,3,Yes,Active,1,907.8,6.7,1,Fully Patched,Low Risk
DEV-2327,Smartphone,iOS,56,24.0,4,2,6,6,Yes,Active,1,569.2,4.0,0,Outdated,Medium Risk
DEV-2328,Server,Ubuntu Linux,47,19.0,1,4,7,3,Yes,Outdated,0,3725.7,5.2,1,,Medium Risk
DEV-2329,Desktop,macOS,10,11.0,4,4,3,2,Yes,Active,1,1967.1,3.0,1,Partially Patched,Low Risk
DEV-2330,Server,Ubuntu Linux,49,19.0,1,21,4,5,Yes,Active,0,6213.0,7.1,0,Partially Patched,Medium Risk
DEV-2331,Smartphone,Android,41,21.0,5,4,4,4,Yes,Outdated,0,670.0,7.6,1,Partially Patched,Medium Risk
DEV-2332,Laptop,Windows 10,30,19.0,4,5,6,4,Yes,Active,1,324.5,8.3,1,Partially Patched,Medium Risk
DEV-2333,Tablet,iPadOS,5,2.0,1,2,2,3,Yes,Outdated,2,175.1,4.8,0,Partially Patched,Low Risk
DEV-2334,Tablet,Android,71,28.0,0,4,4,4,Yes,Outdated,2,245.0,3.9,2,Outdated,Medium Risk
DEV-2335,Server,Ubuntu Linux,31,18.0,2,6,4,7,Yes,Disabled,0,12233.4,8.5,0,Outdated,Medium Risk
DEV-2336,Laptop,Windows 10,52,15.0,7,1,3,4,Yes,Active,0,906.1,8.3,0,Partially Patched,Low Risk
DEV-2337,Smartphone,iOS,23,12.0,4,6,2,3,Yes,Active,1,2190.4,3.5,0,Partially Patched,Low Risk
DEV-2338,Laptop,Windows 11,48,14.0,2,4,3,2,Yes,Active,1,1717.5,4.7,1,Partially Patched,Low Risk
DEV-2339,Laptop,Windows 11,40,22.0,3,1,3,5,No,Active,0,491.3,7.1,0,Partially Patched,Low Risk
DEV-2340,Laptop,Windows 10,6,3.0,4,6,2,1,Yes,Active,2,1870.9,5.0,0,Partially Patched,Low Risk
DEV-2341,Desktop,Windows 11,38,16.0,4,2,3,3,Yes,Active,0,706.3,5.6,0,Partially Patched,Low Risk
DEV-2342,IoT_Gateway,Embedded Linux,41,15.0,0,2,2,4,Yes,Active,4,835.0,2.6,1,Outdated,Medium Risk
DEV-2343,Smartphone,iOS,27,6.0,3,5,1,3,Yes,Active,0,371.6,3.3,0,Partially Patched,Low Risk
DEV-2344,Smartphone,Android,69,34.0,8,1,6,5,No,Active,1,243.3,5.3,1,Partially Patched,High Risk
DEV-2345,Desktop,Windows 11,57,24.0,4,3,4,7,Yes,Outdated,2,1598.3,4.1,1,Outdated,High Risk
DEV-2346,Laptop,macOS,17,21.0,7,3,6,4,Yes,Outdated,3,1139.5,3.2,0,Partially Patched,High Risk
DEV-2347,Desktop,Windows 10,71,27.0,7,4,4,5,Yes,Active,2,2140.3,4.9,0,Outdated,Medium Risk
DEV-2348,Tablet,iPadOS,47,18.0,3,3,5,5,Yes,Active,1,1122.6,3.7,0,Outdated,Medium Risk
DEV-2349,Laptop,Windows 10,13,3.0,4,6,1,1,Yes,Disabled,2,1114.3,5.6,0,Partially Patched,Low Risk
DEV-2350,IoT_Gateway,Embedded Linux,11,5.0,2,9,4,2,Yes,Active,6,253.1,7.5,2,Fully Patched,Medium Risk
DEV-2351,Server,RedHat Linux,24,17.0,6,13,3,5,No,Active,1,8280.3,4.9,0,Partially Patched,Medium Risk
DEV-2352,Desktop,Windows 10,4,7.0,3,1,1,1,Yes,Active,0,2948.4,4.6,1,Partially Patched,Low Risk
DEV-2353,Smartphone,iOS,46,14.0,5,1,3,2,Yes,Active,0,753.7,7.6,2,Partially Patched,Medium Risk
DEV-2354,Desktop,Windows 10,18,14.0,3,2,4,3,Yes,Active,1,1545.9,7.0,0,Partially Patched,Low Risk
DEV-2355,IoT_Gateway,Embedded Linux,43,21.0,8,13,4,5,No,Disabled,2,335.5,7.1,1,Partially Patched,High Risk
DEV-2356,IoT_Gateway,Embedded Linux,33,17.0,1,1,2,5,Yes,Active,0,351.6,1.0,1,Partially Patched,Low Risk
DEV-2357,Desktop,Windows 10,10,3.0,2,11,1,2,Yes,Disabled,1,1310.6,4.6,0,Fully Patched,Low Risk
DEV-2358,Laptop,Windows 10,59,23.0,6,4,4,5,Yes,Active,0,5495.2,4.4,0,Partially Patched,Medium Risk
DEV-2359,Server,Ubuntu Linux,31,14.0,4,10,2,4,Yes,Outdated,0,6389.9,3.8,0,Partially Patched,Low Risk
DEV-2360,IoT_Gateway,Embedded Linux,28,10.0,3,4,2,3,Yes,Active,0,50.0,7.6,1,Partially Patched,Low Risk
DEV-2361,Laptop,Windows 10,60,31.0,1,1,6,9,No,Active,0,817.7,4.4,0,Outdated,High Risk
DEV-2362,Server,RedHat Linux,3,0.0,2,17,4,2,Yes,Active,0,4636.6,2.7,0,Fully Patched,Low Risk
DEV-2363,Server,RedHat Linux,55,16.0,5,13,2,2,Yes,Outdated,1,2744.5,6.0,2,Partially Patched,Medium Risk
DEV-2364,Smartphone,Android,14,2.0,23,5,2,2,Yes,Outdated,0,212.0,5.5,0,Partially Patched,Medium Risk
DEV-2365,Laptop,Windows 10,58,20.0,5,6,3,7,Yes,Active,4,1540.5,3.7,0,Outdated,High Risk
DEV-2366,Smartphone,Android,15,6.0,5,1,1,2,No,Active,6,188.5,7.5,0,Partially Patched,Medium Risk
DEV-2367,IoT_Gateway,Embedded Linux,2,3.0,3,1,2,6,Yes,Outdated,1,160.4,6.6,0,Outdated,Low Risk
DEV-2368,Laptop,Windows 11,24,11.0,3,5,4,2,Yes,Disabled,2,840.1,6.6,0,Partially Patched,Medium Risk
DEV-2369,Laptop,Windows 11,64,29.0,1,4,10,4,Yes,Active,0,785.9,6.5,0,Partially Patched,Medium Risk
DEV-2370,Tablet,Android,71,29.0,5,6,7,5,Yes,Active,0,517.0,7.7,0,,Medium Risk
DEV-2371,Laptop,Windows 11,24,10.0,3,4,1,1,Yes,Active,1,1048.1,5.2,0,Partially Patched,Low Risk
DEV-2372,IoT_Gateway,Embedded Linux,27,19.0,4,7,3,4,No,Active,0,104.6,3.0,0,Partially Patched,Medium Risk
DEV-2373,Desktop,Windows 11,37,21.0,1,14,5,5,Yes,Active,6,3037.6,5.1,0,Partially Patched,High Risk
DEV-2374,Laptop,Windows 10,39,19.0,5,2,4,4,Yes,Active,3,2175.3,2.2,0,Outdated,Medium Risk
DEV-2375,IoT_Gateway,Embedded Linux,63,30.0,3,9,5,6,No,Active,0,180.5,3.4,0,Outdated,High Risk
DEV-2376,Desktop,Windows 11,26,4.0,4,3,1,2,Yes,Active,1,1960.7,8.7,0,Fully Patched,Low Risk
DEV-2377,Desktop,macOS,65,24.0,4,4,7,5,No,Disabled,2,3284.3,3.3,0,Partially Patched,High Risk
DEV-2378,Desktop,Windows 11,4,1.0,2,4,2,3,No,Outdated,0,595.5,3.2,1,Fully Patched,Low Risk
DEV-2379,Server,RedHat Linux,29,10.0,4,17,2,3,Yes,Active,0,5128.1,6.8,0,Partially Patched,Low Risk
DEV-2380,Laptop,Windows 11,1,0.0,18,4,5,0,Yes,Active,0,789.6,7.2,0,Fully Patched,Low Risk
DEV-2381,Desktop,Windows 11,50,23.0,1,2,6,3,Yes,Active,2,975.3,2.2,1,Partially Patched,Medium Risk
DEV-2382,Tablet,iPadOS,11,11.0,2,5,1,1,No,Outdated,0,1553.7,6.0,0,Partially Patched,Low Risk
DEV-2383,Laptop,Windows 10,59,25.0,4,2,4,7,Yes,Active,1,1250.2,4.4,0,Outdated,Medium Risk
DEV-2384,Server,Windows Server,62,29.0,4,15,6,7,Yes,Active,2,10820.1,6.2,0,Outdated,High Risk
DEV-2385,Laptop,Windows 10,36,16.0,0,6,3,4,No,Active,2,1304.8,4.9,0,Partially Patched,Medium Risk
DEV-2386,Smartphone,iOS,56,22.0,24,1,6,5,Yes,Active,0,534.9,2.8,0,Partially Patched,High Risk
DEV-2387,Laptop,Windows 11,21,14.0,1,4,5,3,Yes,Active,2,924.0,4.5,0,Partially Patched,Medium Risk
DEV-2388,Tablet,Android,13,1.0,0,1,0,1,No,Active,1,589.0,6.8,0,Partially Patched,Low Risk
DEV-2389,Desktop,Windows 11,9,0.0,3,6,2,0,Yes,Active,1,1937.5,9.4,4,Fully Patched,Low Risk
DEV-2390,Laptop,Windows 11,11,0.0,6,1,1,2,Yes,Active,0,337.5,6.3,0,Partially Patched,Low Risk
DEV-2391,Laptop,Windows 10,70,33.0,4,4,6,5,No,Active,0,2412.5,4.7,0,Outdated,High Risk
DEV-2392,Laptop,Windows 10,1,2.0,31,4,2,2,Yes,Active,1,275.9,3.1,0,Partially Patched,Medium Risk
DEV-2393,Desktop,Windows 11,70,31.0,3,1,6,6,No,Active,1,981.1,5.2,0,Partially Patched,Medium Risk
DEV-2394,Laptop,Ubuntu Linux,56,31.0,0,2,6,7,Yes,Active,0,557.5,4.7,0,Outdated,Medium Risk
DEV-2395,Smartphone,iOS,31,9.0,4,2,1,2,No,Active,0,387.3,6.1,1,Partially Patched,Low Risk
DEV-2396,Desktop,Windows 11,37,21.0,4,6,4,5,No,Active,0,1450.8,5.4,2,Partially Patched,Medium Risk
DEV-2397,Laptop,Windows 11,47,19.0,5,2,3,3,Yes,Outdated,1,2308.2,6.5,0,Fully Patched,Low Risk
DEV-2398,Server,Ubuntu Linux,47,18.0,2,6,4,6,Yes,Active,4,8304.1,4.8,0,Partially Patched,Medium Risk
DEV-2399,Smartphone,Android,69,29.0,1,1,5,6,Yes,Active,0,174.2,8.9,4,Outdated,High Risk
DEV-2400,Laptop,Windows 11,58,26.0,3,3,5,6,No,Disabled,1,1453.4,6.7,2,Outdated,High Risk
DEV-2401,Laptop,Windows 10,36,15.0,5,3,2,4,Yes,Active,1,2596.3,4.1,0,Partially Patched,Low Risk
DEV-2402,Laptop,Windows 11,32,17.0,16,1,3,5,No,Disabled,1,1526.5,7.5,2,Partially Patched,High Risk
DEV-2403,Smartphone,Android,64,27.0,2,3,4,7,No,Active,2,937.3,3.2,1,Outdated,High Risk
DEV-2404,Server,Windows Server,71,29.0,6,9,7,7,Yes,Active,0,4395.7,3.8,0,Outdated,Medium Risk
DEV-2405,Desktop,Windows 10,42,17.0,7,6,2,3,Yes,Active,0,1170.1,3.9,2,Partially Patched,Medium Risk
DEV-2406,Smartphone,iOS,48,22.0,4,1,5,4,Yes,Outdated,2,50.0,8.2,1,Partially Patched,High Risk
DEV-2407,Smartphone,Android,30,8.0,3,5,1,2,Yes,Active,0,,5.1,1,Fully Patched,Low Risk
DEV-2408,Server,Ubuntu Linux,21,6.0,5,16,2,4,No,Active,1,4380.4,4.2,0,Partially Patched,Medium Risk
DEV-2409,IoT_Gateway,Embedded Linux,60,24.0,1,7,6,6,Yes,Outdated,0,93.2,5.8,1,Partially Patched,Medium Risk
DEV-2410,Laptop,Windows 11,13,9.0,3,1,1,1,No,Outdated,1,353.3,6.6,0,Fully Patched,Low Risk
DEV-2411,Laptop,Windows 11,1,10.0,2,1,1,2,Yes,Disabled,0,1997.0,8.7,1,Partially Patched,Low Risk
DEV-2412,Laptop,Windows 10,65,27.0,5,1,5,6,Yes,Disabled,0,2903.3,2.5,0,Partially Patched,Medium Risk
DEV-2413,Laptop,Windows 10,33,8.0,26,10,3,3,Yes,Active,0,1341.4,8.0,0,Partially Patched,Medium Risk
DEV-2414,Desktop,Windows 10,38,14.0,3,1,2,4,No,Active,0,954.3,1.4,1,Partially Patched,Medium Risk
DEV-2415,IoT_Gateway,Embedded Linux,25,14.0,4,6,3,3,Yes,Active,1,163.5,7.3,0,Partially Patched,Low Risk
DEV-2416,Laptop,Windows 10,26,8.0,3,6,1,4,Yes,Active,1,3386.8,7.8,2,Partially Patched,Medium Risk
DEV-2417,Laptop,Windows 11,59,20.0,2,4,4,5,Yes,Active,3,1469.0,7.9,0,Partially Patched,Medium Risk
DEV-2418,Desktop,Windows 11,33,17.0,1,5,4,4,Yes,Active,2,1175.9,6.6,0,Partially Patched,Medium Risk
DEV-2419,IoT_Gateway,Embedded Linux,41,20.0,2,8,3,5,Yes,Active,0,910.4,3.4,0,Partially Patched,Low Risk
DEV-2420,Laptop,Windows 11,30,8.0,2,5,3,2,Yes,Active,0,2113.7,7.0,0,Fully Patched,Low Risk
DEV-2421,Desktop,Ubuntu Linux,57,21.0,4,1,7,5,Yes,Disabled,2,2469.1,3.4,1,Partially Patched,High Risk
DEV-2422,Laptop,Windows 10,49,26.0,1,5,4,5,Yes,Disabled,7,1072.2,3.6,2,Outdated,High Risk
DEV-2423,Laptop,Windows 10,48,24.0,6,1,6,6,Yes,Active,0,2323.5,4.6,2,Outdated,High Risk
DEV-2424,Tablet,Android,72,26.0,4,1,4,5,Yes,Active,0,,4.8,0,Partially Patched,Low Risk
DEV-2425,Tablet,Android,49,13.0,3,5,3,5,Yes,Outdated,0,576.7,6.0,0,Partially Patched,Medium Risk
DEV-2426,Laptop,Windows 11,47,21.0,2,5,4,8,Yes,Active,0,2108.1,4.1,1,Outdated,Medium Risk
DEV-2427,Tablet,Android,56,23.0,4,4,6,5,No,Active,2,1028.6,6.2,1,Partially Patched,High Risk
DEV-2428,Server,Ubuntu Linux,65,28.0,3,10,5,5,Yes,Disabled,2,7605.3,2.8,2,Partially Patched,High Risk
DEV-2429,IoT_Gateway,Embedded Linux,12,9.0,2,4,4,2,No,Active,0,50.0,5.6,1,Fully Patched,Low Risk
DEV-2430,Desktop,Windows 10,69,25.0,1,4,6,7,No,Disabled,1,731.2,5.0,1,Outdated,High Risk
DEV-2431,Desktop,Windows 10,6,2.0,1,5,0,0,Yes,Active,1,989.7,7.5,1,Fully Patched,Low Risk
DEV-2432,Desktop,Windows 10,65,24.0,3,6,4,5,Yes,Disabled,0,2088.2,7.7,1,Partially Patched,Medium Risk
DEV-2433,Server,Windows Server,25,8.0,4,7,3,3,Yes,Active,1,5161.2,5.2,1,Partially Patched,Low Risk
DEV-2434,Laptop,Windows 11,1,4.0,1,6,1,2,No,Active,0,544.0,1.6,0,Partially Patched,Low Risk
DEV-2435,Laptop,Windows 11,32,15.0,4,5,6,3,Yes,Active,2,1581.7,2.6,1,Partially Patched,Medium Risk
DEV-2436,Laptop,Windows 11,3,0.0,5,2,4,3,Yes,Active,0,2249.4,7.7,3,Fully Patched,Low Risk
DEV-2437,Smartphone,iOS,49,24.0,0,1,5,8,Yes,Active,1,150.4,5.2,0,Outdated,Medium Risk
DEV-2438,Laptop,Ubuntu Linux,19,8.0,3,3,2,2,Yes,Active,0,708.6,9.0,0,Partially Patched,Low Risk
DEV-2439,Smartphone,Android,60,29.0,3,6,5,5,No,Active,2,301.5,7.3,0,Partially Patched,Medium Risk
DEV-2440,Tablet,iPadOS,29,9.0,17,2,4,1,No,Disabled,0,547.6,6.0,0,Partially Patched,Medium Risk
DEV-2441,Laptop,macOS,50,18.0,12,6,3,5,Yes,Active,1,1724.8,5.8,2,Partially Patched,High Risk
DEV-2442,Smartphone,Android,2,3.0,1,1,1,3,Yes,Active,0,763.2,3.2,0,Partially Patched,Low Risk
DEV-2443,Desktop,Windows 11,56,20.0,2,1,3,3,Yes,Outdated,0,1109.9,4.2,1,,Low Risk
DEV-2444,IoT_Gateway,Embedded Linux,17,7.0,5,7,5,2,No,Active,0,227.6,6.3,2,Partially Patched,Medium Risk
DEV-2445,Laptop,Ubuntu Linux,60,21.0,6,3,3,5,Yes,Active,0,1412.2,4.8,2,Partially Patched,Medium Risk
DEV-2446,Smartphone,Android,36,14.0,2,4,5,4,No,Active,0,1348.7,6.4,0,Partially Patched,Medium Risk
DEV-2447,Smartphone,iOS,61,26.0,4,1,5,6,Yes,Active,0,1356.9,7.6,0,Outdated,Medium Risk
DEV-2448,IoT_Gateway,Embedded Linux,17,8.0,4,3,1,2,No,Active,2,474.0,5.1,0,Partially Patched,Low Risk
DEV-2449,Smartphone,iOS,49,20.0,2,6,5,5,Yes,Active,1,403.9,4.6,0,Outdated,Medium Risk
DEV-2450,Desktop,Windows 10,60,27.0,5,6,4,6,Yes,Disabled,1,526.0,3.7,0,Partially Patched,Medium Risk
DEV-2451,Server,RedHat Linux,20,10.0,4,17,2,5,Yes,Outdated,2,7583.7,7.2,0,Outdated,Medium Risk
DEV-2452,IoT_Gateway,Embedded Linux,50,21.0,6,7,5,4,No,Outdated,1,184.3,7.0,0,Partially Patched,Medium Risk
DEV-2453,Server,RedHat Linux,3,0.0,4,17,0,5,Yes,Outdated,0,10549.0,9.9,0,Partially Patched,Low Risk
DEV-2454,Laptop,macOS,43,23.0,5,6,4,4,Yes,Active,0,408.6,5.9,0,Partially Patched,Medium Risk
DEV-2455,IoT_Gateway,Embedded Linux,57,,2,1,5,5,No,Active,1,196.8,5.3,2,Partially Patched,Medium Risk
DEV-2456,Smartphone,Android,50,17.0,3,1,4,8,No,Outdated,0,2027.3,6.4,1,Outdated,High Risk
DEV-2457,Smartphone,Android,68,31.0,1,4,7,6,No,Active,1,785.6,4.9,1,Partially Patched,High Risk
DEV-2458,Laptop,Windows 10,50,,25,4,4,6,Yes,Outdated,0,686.1,3.7,1,Partially Patched,High Risk
DEV-2459,Server,RedHat Linux,37,16.0,1,10,3,3,No,Disabled,0,1535.6,5.7,0,Partially Patched,Medium Risk
DEV-2460,Desktop,Windows 10,46,20.0,4,5,3,7,No,Active,1,1534.6,6.4,1,Outdated,High Risk
DEV-2461,Server,RedHat Linux,42,10.0,3,4,2,5,No,Active,0,8574.8,6.5,0,Partially Patched,Medium Risk
DEV-2462,Laptop,Ubuntu Linux,15,4.0,5,4,1,1,No,Active,1,3291.5,6.4,0,Partially Patched,Low Risk
DEV-2463,Server,Ubuntu Linux,33,18.0,3,6,3,4,Yes,Active,0,2764.3,7.6,0,Partially Patched,Low Risk
DEV-2464,Tablet,iPadOS,11,3.0,2,6,2,0,Yes,Active,1,1019.4,6.5,0,Fully Patched,Low Risk
DEV-2465,Laptop,Windows 11,20,9.0,2,6,5,3,Yes,Outdated,1,528.2,6.0,0,Partially Patched,Medium Risk
DEV-2466,Tablet,Android,24,8.0,10,1,4,2,No,Active,0,784.3,3.0,3,Fully Patched,Medium Risk
DEV-2467,Desktop,Windows 11,64,28.0,4,6,4,6,Yes,Active,0,554.7,6.0,0,Partially Patched,Medium Risk
DEV-2468,IoT_Gateway,FreeRTOS,65,29.0,2,2,5,7,Yes,Outdated,0,330.6,5.2,0,Outdated,Medium Risk
DEV-2469,Smartphone,iOS,17,10.0,4,5,4,2,Yes,Active,0,90.9,3.3,1,Partially Patched,Low Risk
DEV-2470,Server,Windows Server,61,21.0,3,15,4,5,Yes,Outdated,1,8106.8,6.5,1,Partially Patched,High Risk
DEV-2471,Smartphone,iOS,15,8.0,3,2,4,4,No,Disabled,1,934.7,6.5,0,Partially Patched,Medium Risk
DEV-2472,IoT_Gateway,Embedded Linux,51,28.0,1,4,7,8,No,Active,1,361.6,6.4,1,Outdated,High Risk
DEV-2473,Desktop,Windows 11,27,15.0,5,5,2,5,Yes,Active,2,926.4,6.6,2,Outdated,Medium Risk
DEV-2474,Laptop,Windows 10,61,26.0,3,1,5,7,No,Active,2,1240.5,5.7,0,Outdated,High Risk
DEV-2475,Server,RedHat Linux,58,17.0,6,14,2,6,Yes,Disabled,2,7494.4,5.0,0,Outdated,High Risk
DEV-2476,Smartphone,Android,31,13.0,6,2,2,3,Yes,Outdated,2,918.8,9.0,2,Partially Patched,Medium Risk
DEV-2477,Smartphone,Android,12,13.0,4,10,4,2,No,Active,0,1855.7,5.8,1,Partially Patched,Medium Risk
DEV-2478,Smartphone,Android,46,25.0,3,3,9,6,Yes,Active,0,887.3,1.0,4,Outdated,High Risk
DEV-2479,Desktop,Windows 10,31,16.0,1,4,6,3,Yes,Outdated,1,3270.1,1.0,0,Partially Patched,Medium Risk
DEV-2480,Smartphone,Android,32,11.0,2,1,1,4,Yes,Active,3,1514.5,7.9,1,Partially Patched,Low Risk
DEV-2481,Laptop,Windows 10,32,15.0,5,4,6,4,No,Active,1,1109.9,1.8,0,Outdated,Medium Risk
DEV-2482,Desktop,Windows 10,53,26.0,4,9,6,5,Yes,Active,1,548.3,4.4,0,Partially Patched,High Risk
DEV-2483,Laptop,Windows 10,61,30.0,39,6,8,5,Yes,Active,0,1026.9,3.1,2,Outdated,High Risk
DEV-2484,Laptop,Windows 11,46,21.0,7,5,7,7,No,Active,1,271.0,4.9,4,Outdated,High Risk
DEV-2485,Desktop,Windows 10,7,8.0,1,1,2,4,Yes,Active,0,958.8,6.3,0,Partially Patched,Low Risk
DEV-2486,Desktop,Windows 11,4,3.0,3,1,0,4,Yes,Outdated,0,1375.3,4.2,2,Partially Patched,Low Risk
DEV-2487,Smartphone,Android,52,22.0,4,6,3,5,Yes,Active,2,830.4,3.9,0,Partially Patched,Medium Risk
DEV-2488,Desktop,macOS,31,12.0,6,3,2,4,No,Active,0,1054.1,7.0,0,Outdated,Medium Risk
DEV-2489,Desktop,Windows 10,36,18.0,4,4,4,6,Yes,Active,1,2215.1,10.0,0,Partially Patched,Low Risk
DEV-2490,Laptop,Windows 11,54,27.0,6,6,5,4,Yes,Active,1,2868.4,6.6,2,Outdated,High Risk
DEV-2491,Desktop,Windows 10,54,26.0,4,5,5,7,No,Active,0,2064.1,3.7,1,Outdated,High Risk
DEV-2492,Laptop,Windows 10,17,3.0,4,2,0,0,Yes,Active,0,2272.0,7.2,0,Fully Patched,Low Risk
DEV-2493,Laptop,macOS,30,9.0,6,4,7,2,Yes,Disabled,0,1356.1,9.0,0,Fully Patched,Medium Risk
DEV-2494,Server,RedHat Linux,22,15.0,5,12,2,2,Yes,Disabled,0,10144.1,7.6,0,Fully Patched,Medium Risk
DEV-2495,Server,RedHat Linux,43,19.0,1,17,4,4,No,Outdated,0,7618.1,2.4,1,Partially Patched,High Risk
DEV-2496,Server,RedHat Linux,27,13.0,7,11,3,6,Yes,Active,3,4404.5,6.6,0,Partially Patched,Medium Risk
DEV-2497,Desktop,Windows 11,37,17.0,5,4,2,3,Yes,Outdated,0,2840.3,4.6,0,Partially Patched,Low Risk
DEV-2498,Desktop,Windows 11,46,27.0,2,14,6,5,Yes,Active,1,505.2,5.6,1,Partially Patched,High Risk
DEV-2499,IoT_Gateway,Embedded Linux,35,14.0,3,8,3,2,Yes,Active,4,297.5,4.8,0,Fully Patched,Medium Risk
DEV-2500,Desktop,Windows 10,4,8.0,4,13,2,1,No,Outdated,0,2063.1,7.0,1,Partially Patched,Medium Risk
DEV-2501,Desktop,Windows 10,26,13.0,6,6,4,5,Yes,Active,0,948.1,4.8,1,Partially Patched,Medium Risk
DEV-2502,Laptop,Windows 11,19,3.0,4,5,0,0,Yes,Active,5,762.9,8.3,0,Fully Patched,Low Risk
DEV-2503,Laptop,Windows 11,45,16.0,4,2,5,2,Yes,Outdated,0,3055.7,5.5,1,Partially Patched,Medium Risk
DEV-2504,Desktop,Windows 10,26,9.0,7,2,4,2,No,Active,1,132.6,5.1,0,Fully Patched,Medium Risk
DEV-2505,Desktop,Windows 11,22,15.0,22,3,5,5,Yes,Active,1,336.0,6.6,0,Outdated,High Risk
DEV-2506,Server,RedHat Linux,58,30.0,2,11,5,10,Yes,Outdated,1,8582.5,6.2,1,Outdated,High Risk
DEV-2507,Desktop,Windows 11,63,28.0,3,1,4,5,No,Active,0,807.8,6.7,1,Outdated,Medium Risk
DEV-2508,Server,RedHat Linux,28,11.0,1,14,2,2,Yes,Active,0,4242.2,5.2,2,Partially Patched,Low Risk
DEV-2509,Smartphone,iOS,65,24.0,4,9,4,4,No,Active,0,282.1,8.2,0,Partially Patched,Medium Risk
DEV-2510,Smartphone,Android,44,24.0,5,2,4,8,Yes,Active,0,289.4,7.5,3,Outdated,High Risk
DEV-2511,Smartphone,Android,43,14.0,1,3,2,3,Yes,Disabled,1,524.5,5.5,0,Partially Patched,Low Risk
DEV-2512,Tablet,Android,37,16.0,4,1,3,4,Yes,Active,0,1837.8,7.1,0,Partially Patched,Low Risk
DEV-2513,Laptop,Windows 10,66,36.0,7,1,6,8,Yes,Active,0,1743.3,5.0,0,Outdated,Medium Risk
DEV-2514,Laptop,Windows 10,17,6.0,7,2,5,5,No,Active,0,1954.0,6.6,1,Outdated,Medium Risk
DEV-2515,Laptop,Windows 10,40,12.0,0,6,3,3,No,Active,7,1816.4,7.2,1,Partially Patched,High Risk
DEV-2516,Server,RedHat Linux,38,10.0,7,6,1,5,No,Active,1,1531.5,6.0,0,Outdated,Medium Risk
DEV-2517,IoT_Gateway,FreeRTOS,61,36.0,1,5,8,7,No,Active,2,173.3,3.9,0,Outdated,High Risk
DEV-2518,Laptop,Windows 11,9,6.0,4,2,4,1,Yes,Active,1,1877.5,3.1,0,Fully Patched,Low Risk
DEV-2519,IoT_Gateway,Embedded Linux,61,22.0,6,4,4,4,No,Active,1,237.7,6.1,0,Partially Patched,Medium Risk
DEV-2520,Laptop,macOS,16,7.0,2,3,1,2,No,Disabled,0,516.4,4.1,0,Partially Patched,Low Risk
DEV-2521,IoT_Gateway,Embedded Linux,2,0.0,3,3,0,1,Yes,Outdated,0,51.5,7.6,0,Partially Patched,Low Risk
DEV-2522,Desktop,macOS,72,23.0,4,2,6,3,No,Active,3,750.4,2.5,2,Fully Patched,High Risk
DEV-2523,Laptop,Windows 10,43,22.0,4,6,3,7,Yes,Active,0,967.9,8.1,2,Outdated,Medium Risk
DEV-2524,Desktop,macOS,42,18.0,3,3,5,7,No,Disabled,0,1433.3,5.6,2,Outdated,High Risk
DEV-2525,Laptop,Windows 10,57,27.0,6,3,6,9,Yes,Active,1,444.4,3.8,0,Outdated,High Risk
DEV-2526,Laptop,Windows 10,67,28.0,2,4,6,7,No,Active,0,262.7,4.6,0,Outdated,High Risk
DEV-2527,Laptop,Ubuntu Linux,30,14.0,15,6,3,3,Yes,Active,0,1208.9,5.1,2,Fully Patched,Medium Risk
DEV-2528,Smartphone,Android,13,,6,13,0,2,Yes,Disabled,2,745.3,6.5,0,Fully Patched,Low Risk
DEV-2529,Desktop,Windows 11,19,13.0,0,5,2,4,Yes,Active,0,665.7,3.0,0,Partially Patched,Low Risk
DEV-2530,Laptop,Windows 11,7,0.0,5,4,0,2,Yes,Active,0,1264.9,3.6,0,Fully Patched,Low Risk
DEV-2531,Server,Ubuntu Linux,9,2.0,2,8,1,2,No,Outdated,0,9727.0,4.9,0,Partially Patched,Low Risk
DEV-2532,Smartphone,Android,54,21.0,3,4,6,3,Yes,Disabled,3,226.4,5.4,0,Fully Patched,Medium Risk
DEV-2533,Laptop,Windows 11,61,18.0,2,5,5,5,No,Active,1,2431.1,6.9,0,Partially Patched,Medium Risk
DEV-2534,Desktop,Windows 10,2,0.0,3,6,0,1,Yes,Active,1,842.3,6.0,1,Fully Patched,Low Risk
DEV-2535,Laptop,Windows 10,50,19.0,4,13,3,4,Yes,Disabled,4,491.8,4.7,1,Outdated,High Risk
DEV-2536,Laptop,Windows 10,31,12.0,3,4,4,5,Yes,Active,0,758.3,6.0,0,Outdated,Low Risk
DEV-2537,Smartphone,Android,33,8.0,1,2,5,4,Yes,Outdated,1,1029.7,5.8,0,Outdated,Medium Risk
DEV-2538,Laptop,Windows 11,11,10.0,4,9,1,2,Yes,Active,1,793.8,5.0,1,Partially Patched,Low Risk
DEV-2539,Desktop,Windows 11,33,16.0,3,5,4,4,Yes,Outdated,0,2322.7,5.7,0,Outdated,Medium Risk
DEV-2540,Smartphone,Android,7,1.0,4,2,0,1,Yes,Active,1,476.8,1.2,0,Partially Patched,Low Risk
DEV-2541,Laptop,Windows 10,31,12.0,4,5,2,3,Yes,Active,0,517.0,7.4,0,Partially Patched,Low Risk
DEV-2542,Server,Ubuntu Linux,48,24.0,3,7,5,5,No,Active,1,3648.2,6.6,1,Partially Patched,High Risk
DEV-2543,Laptop,Windows 11,47,19.0,2,4,5,5,Yes,Active,2,1391.1,8.5,1,Partially Patched,Medium Risk
DEV-2544,Tablet,Android,53,18.0,3,5,3,6,No,Active,0,311.3,3.9,0,Partially Patched,Medium Risk
DEV-2545,Desktop,macOS,19,9.0,2,6,3,5,Yes,Outdated,1,966.5,6.6,0,Partially Patched,Medium Risk
DEV-2546,Smartphone,Android,6,0.0,4,6,1,0,Yes,Disabled,1,77.4,1.7,0,Fully Patched,Low Risk
DEV-2547,Server,RedHat Linux,49,18.0,3,26,4,4,No,Active,0,4930.1,2.0,0,Partially Patched,High Risk
DEV-2548,Laptop,Windows 10,50,21.0,3,3,4,4,Yes,Active,0,,5.0,0,Outdated,Medium Risk
DEV-2549,Server,RedHat Linux,12,11.0,7,13,1,2,No,Disabled,2,2853.2,4.3,0,Partially Patched,Medium Risk
DEV-2550,Tablet,Windows 11,23,19.0,0,2,3,5,Yes,Outdated,1,736.2,7.6,0,Outdated,Medium Risk
DEV-2551,Server,Ubuntu Linux,54,29.0,2,11,6,6,No,ACTIVE,1,7989.5,7.9,0,Outdated,High Risk
DEV-2552,Smartphone,Android,69,29.0,3,6,5,4,Yes,Active,0,1408.4,8.1,0,Partially Patched,Medium Risk
DEV-2553,IoT_Gateway,FreeRTOS,59,34.0,4,5,5,6,No,Active,1,268.7,6.7,1,Partially Patched,High Risk
DEV-2554,Laptop,Windows 10,36,18.0,3,12,4,3,No,Active,2,1980.0,6.8,0,Partially Patched,Medium Risk
DEV-2555,Laptop,Windows 10,3,0.0,1,2,2,2,Yes,Active,1,1963.2,2.9,0,Fully Patched,Low Risk
DEV-2556,Server,RedHat Linux,58,25.0,5,12,5,5,Yes,Active,1,6876.3,8.3,3,Outdated,High Risk
DEV-2557,Desktop,Windows 10,55,21.0,2,2,4,4,Yes,Active,0,1641.6,8.0,0,Partially Patched,Low Risk
DEV-2558,Smartphone,iOS,57,19.0,6,6,5,7,No,Active,0,138.8,2.7,0,Outdated,High Risk
DEV-2559,IoT_Gateway,FreeRTOS,17,4.0,4,5,0,1,No,Outdated,2,63.0,6.4,0,Fully Patched,Low Risk
DEV-2560,Desktop,Windows 10,39,17.0,3,10,3,4,No,Disabled,0,2158.5,4.4,0,Outdated,Medium Risk
DEV-2561,Laptop,Windows 11,68,32.0,5,3,5,5,Yes,Outdated,0,3688.6,9.2,0,Outdated,Medium Risk
DEV-2562,Smartphone,iOS,55,28.0,4,6,5,7,Yes,Active,0,403.5,3.5,0,Outdated,Medium Risk
DEV-2563,Laptop,Windows 11,45,15.0,2,3,3,5,Yes,Active,2,2070.6,5.7,0,Partially Patched,Low Risk
DEV-2564,Smartphone,Android,1,1.0,5,4,0,3,Yes,Outdated,1,653.6,5.9,4,Partially Patched,Medium Risk
DEV-2565,Desktop,macOS,21,12.0,7,3,2,4,No,Active,0,1158.2,5.4,0,Partially Patched,Low Risk
DEV-2566,Server,Ubuntu Linux,21,11.0,4,16,2,3,Yes,Outdated,0,7601.4,9.8,0,Partially Patched,Medium Risk
DEV-2567,Laptop,Windows 11,52,25.0,1,1,5,7,Yes,Active,1,978.3,8.9,2,Outdated,Medium Risk
DEV-2568,Server,Ubuntu Linux,43,17.0,9,12,3,3,Yes,Outdated,0,6983.1,2.2,2,Partially Patched,Medium Risk
DEV-2569,Desktop,macOS,52,27.0,1,4,4,5,Yes,Active,0,1587.0,6.5,0,Outdated,Medium Risk
DEV-2570,Server,RedHat Linux,67,28.0,4,11,6,4,Yes,Active,2,6253.4,5.5,3,Partially Patched,High Risk
DEV-2571,Laptop,Windows 10,44,22.0,4,15,4,6,No,Active,1,2497.5,7.2,1,Outdated,High Risk
DEV-2572,Smartphone,Android,32,13.0,5,3,2,3,No,Outdated,0,237.3,5.9,0,Partially Patched,Low Risk
DEV-2573,IoT_Gateway,Embedded Linux,10,6.0,6,5,4,1,Yes,Active,0,102.5,3.9,1,Partially Patched,Low Risk
DEV-2574,Laptop,macOS,64,21.0,2,3,6,8,No,Active,0,,3.4,0,Outdated,High Risk
DEV-2575,Laptop,Windows 11,69,26.0,19,5,4,7,No,Outdated,4,815.6,4.7,0,Outdated,High Risk
DEV-2576,Laptop,Windows 10,68,28.0,4,5,6,5,Yes,Active,0,1243.2,5.3,0,Outdated,Medium Risk
DEV-2577,Server,Ubuntu Linux,28,13.0,0,12,3,2,Yes,Disabled,2,4548.7,5.9,0,Partially Patched,Medium Risk
DEV-2578,Server,Windows Server,53,33.0,3,10,8,7,No,Disabled,0,5602.3,4.4,1,Outdated,High Risk
DEV-2579,Desktop,Windows 10,51,20.0,5,5,4,3,No,Active,0,2211.3,8.9,0,Partially Patched,Medium Risk
DEV-2580,Laptop,Ubuntu Linux,53,17.0,2,2,4,3,No,Active,1,738.2,6.6,1,Partially Patched,Medium Risk
DEV-2581,Desktop,Windows 11,4,10.0,2,5,4,2,Yes,Active,1,677.8,7.2,0,Partially Patched,Low Risk
DEV-2582,Server,RedHat Linux,17,13.0,2,12,2,5,Yes,Active,0,6929.2,5.2,0,Outdated,Medium Risk
DEV-2583,Desktop,macOS,67,24.0,2,6,5,7,Yes,Outdated,1,626.4,3.4,1,Outdated,High Risk
DEV-2584,Tablet,iPadOS,47,22.0,2,3,4,3,Yes,Active,1,1607.1,7.3,0,Partially Patched,Low Risk
DEV-2585,Laptop,Ubuntu Linux,56,27.0,2,5,8,6,Yes,Active,0,2563.7,3.5,1,Outdated,High Risk
DEV-2586,Smartphone,Android,23,11.0,5,2,6,3,Yes,Active,0,1632.4,1.5,1,Partially Patched,Low Risk
DEV-2587,Desktop,Windows 11,18,10.0,8,4,1,6,Yes,Active,0,566.5,6.6,0,Outdated,Low Risk
DEV-2588,Desktop,Windows 10,1,0.0,2,3,0,6,Yes,Active,1,1468.5,4.0,0,Outdated,Low Risk
DEV-2589,Smartphone,iOS,35,18.0,5,4,3,3,No,Disabled,0,243.0,4.8,0,Fully Patched,Medium Risk
DEV-2590,Smartphone,Android,64,25.0,3,2,4,5,Yes,Outdated,0,1715.2,6.9,1,Outdated,Medium Risk
DEV-2591,Tablet,Android,58,14.0,1,10,3,2,Yes,Outdated,1,522.3,3.6,1,Fully Patched,Medium Risk
DEV-2592,Laptop,Windows 10,59,26.0,2,6,5,7,Yes,Active,0,1526.1,2.3,0,,Medium Risk
DEV-2593,Laptop,Windows 11,1,0.0,37,1,1,1,Yes,Active,0,1002.6,7.9,0,Partially Patched,Medium Risk
DEV-2594,Smartphone,Android,3,7.0,4,6,2,4,Yes,Active,0,852.1,5.4,0,Outdated,Low Risk
DEV-2595,Server,RedHat Linux,67,24.0,6,14,4,6,No,Disabled,1,5291.0,8.0,0,Outdated,High Risk
DEV-2596,Laptop,Windows 10,37,6.0,5,5,2,2,Yes,Active,2,1819.7,6.8,3,Partially Patched,Medium Risk
DEV-2597,Laptop,Windows 11,29,6.0,4,5,4,2,No,Active,0,1416.9,6.8,0,Partially Patched,Low Risk
DEV-2598,Laptop,Windows 10,33,15.0,1,4,3,3,Yes,Outdated,5,2224.0,5.8,0,Fully Patched,Medium Risk
DEV-2599,IoT_Gateway,Embedded Linux,61,27.0,4,9,4,9,Yes,Outdated,0,416.0,5.8,1,Outdated,High Risk
DEV-2600,Laptop,Windows 11,4,0.0,3,5,0,2,Yes,Active,5,3329.8,7.8,0,Partially Patched,Low Risk
DEV-2601,Laptop,macOS,14,3.0,5,6,0,3,No,Active,0,938.5,7.1,0,,Low Risk
DEV-2602,Laptop,Ubuntu Linux,33,15.0,6,5,4,5,Yes,Active,1,2265.7,4.3,0,Partially Patched,Medium Risk
DEV-2603,Desktop,Windows 11,22,14.0,3,1,2,3,Yes,Disabled,0,1380.0,6.5,1,Partially Patched,Medium Risk
DEV-2604,Laptop,macOS,48,16.0,4,8,5,5,Yes,Active,0,2100.2,4.3,1,Outdated,Medium Risk
DEV-2605,Desktop,macOS,3,4.0,6,2,3,3,Yes,Active,0,1023.9,4.9,0,Partially Patched,Low Risk
DEV-2606,Laptop,macOS,23,4.0,5,4,1,1,Yes,Active,0,627.7,6.6,0,Partially Patched,Low Risk
DEV-2607,Smartphone,Android,68,30.0,1,1,5,7,Yes,Active,4,860.6,4.2,1,Outdated,High Risk
DEV-2608,Laptop,Ubuntu Linux,21,13.0,4,2,3,6,Yes,Disabled,0,960.9,5.8,0,Partially Patched,Medium Risk
DEV-2609,Desktop,Windows 11,43,21.0,5,1,5,7,No,Active,0,709.3,6.3,0,Outdated,Medium Risk
DEV-2610,IoT_Gateway,Embedded Linux,26,16.0,0,3,2,2,No,Active,0,206.0,4.8,1,Partially Patched,Low Risk
DEV-2611,Server,Ubuntu Linux,41,22.0,3,11,8,3,No,Outdated,1,7001.6,6.9,0,Fully Patched,High Risk
DEV-2612,Desktop,Windows 10,38,24.0,36,1,5,4,Yes,Active,0,3409.9,4.6,0,Outdated,High Risk
DEV-2613,Laptop,Windows 11,11,6.0,1,5,1,2,Yes,Active,0,1223.2,7.4,1,Partially Patched,Low Risk
DEV-2614,Laptop,Windows 11,29,20.0,15,5,4,8,Yes,Active,1,1324.3,5.8,2,Outdated,High Risk
DEV-2615,Server,Ubuntu Linux,60,22.0,5,6,4,4,No,Outdated,0,5169.5,5.8,0,Outdated,Medium Risk
DEV-2616,Tablet,iPadOS,67,27.0,5,4,5,6,Yes,Disabled,1,501.5,3.7,0,Outdated,High Risk
DEV-2617,Server,Windows Server,65,27.0,4,9,5,5,No,Active,2,5134.6,5.0,1,Outdated,High Risk
DEV-2618,Server,Ubuntu Linux,61,22.0,2,13,3,3,No,Active,0,6302.5,5.9,0,Fully Patched,Medium Risk
DEV-2619,Smartphone,iOS,19,0.0,4,3,0,3,No,Active,1,472.5,7.5,2,Partially Patched,Low Risk
DEV-2620,Desktop,macOS,46,23.0,5,18,4,4,No,Active,3,2314.9,4.9,1,Outdated,High Risk
DEV-2621,Laptop,macOS,49,17.0,5,2,3,6,Yes,active,0,1573.6,7.5,0,Outdated,Medium Risk
DEV-2622,Server,Ubuntu Linux,22,9.0,5,10,2,1,Yes,Active,1,4691.6,4.0,1,Partially Patched,Low Risk
DEV-2623,Tablet,iPadOS,57,31.0,4,2,7,8,Yes,Active,3,766.7,6.2,0,Outdated,High Risk
DEV-2624,Laptop,Ubuntu Linux,14,9.0,4,3,1,1,No,Outdated,1,2662.5,4.5,0,Partially Patched,Low Risk
DEV-2625,Smartphone,Android,44,26.0,4,5,4,5,Yes,Active,1,1304.2,8.6,0,Partially Patched,Medium Risk
DEV-2626,Laptop,Windows 11,16,8.0,2,4,1,1,No,Active,1,1847.7,8.2,0,Partially Patched,Low Risk
DEV-2627,Desktop,Windows 10,12,9.0,3,6,1,2,No,Active,3,3195.1,6.1,1,Partially Patched,Medium Risk
DEV-2628,Laptop,Windows 10,55,23.0,1,3,3,5,Yes,Active,2,3300.2,4.4,0,Outdated,Medium Risk
DEV-2629,Desktop,Windows 10,51,19.0,3,2,6,6,Yes,Active,0,871.5,2.5,2,Partially Patched,Medium Risk
DEV-2630,Smartphone,Android,39,19.0,1,6,4,5,No,Outdated,1,678.3,6.3,1,Partially Patched,Medium Risk
DEV-2631,Laptop,Windows 11,33,13.0,4,1,10,2,Yes,Active,0,3243.4,5.9,0,Partially Patched,Low Risk
DEV-2632,Server,RedHat Linux,33,17.0,38,12,2,3,No,Active,6,4652.7,7.2,0,Partially Patched,High Risk
DEV-2633,Smartphone,iOS,29,11.0,2,6,4,6,Yes,Active,0,908.2,2.6,0,Outdated,Medium Risk
DEV-2634,IoT_Gateway,Embedded Linux,69,,2,6,6,4,No,Active,2,202.7,5.8,1,Outdated,High Risk
DEV-2635,Laptop,Ubuntu Linux,70,29.0,4,2,6,5,Yes,Active,0,690.8,6.4,0,Partially Patched,Medium Risk
DEV-2636,Desktop,Windows 11,31,18.0,6,3,3,4,No,Disabled,0,986.8,3.7,0,Partially Patched,Medium Risk
DEV-2637,Laptop,Windows 10,31,12.0,3,5,2,3,Yes,Active,1,1016.7,5.7,0,Partially Patched,Low Risk
DEV-2638,Tablet,iPadOS,46,25.0,5,3,6,7,Yes,Active,2,1251.1,4.0,2,Outdated,High Risk
DEV-2639,IoT_Gateway,Embedded Linux,52,19.0,4,6,5,4,Yes,Active,1,633.7,3.8,0,Partially Patched,Medium Risk
DEV-2640,Desktop,Ubuntu Linux,10,7.0,30,1,2,1,No,Outdated,1,911.1,4.4,1,Fully Patched,High Risk
DEV-2641,Smartphone,Android,41,15.0,2,2,2,2,Yes,Active,1,58.6,5.0,0,Fully Patched,Low Risk
DEV-2642,Desktop,macOS,3,7.0,4,5,1,3,No,Active,0,2931.3,8.0,0,Fully Patched,Low Risk
DEV-2643,Server,Ubuntu Linux,59,22.0,0,10,8,4,Yes,Active,0,2733.4,4.9,0,Outdated,Medium Risk
DEV-2644,Laptop,Windows 10,52,19.0,3,9,4,7,Yes,Active,1,1750.4,3.8,1,Outdated,Medium Risk
DEV-2645,Smartphone,iOS,34,10.0,2,4,3,2,Yes,Active,0,1836.1,7.1,3,Partially Patched,Medium Risk
DEV-2646,Laptop,Windows 10,49,22.0,4,3,4,10,Yes,Active,0,474.1,7.6,0,Outdated,Medium Risk
DEV-2647,Smartphone,Android,28,15.0,6,4,4,2,Yes,Active,1,1018.0,7.1,0,Partially Patched,Low Risk
DEV-2648,Smartphone,iOS,13,9.0,6,3,1,3,Yes,Active,0,508.9,8.2,0,Partially Patched,Low Risk
DEV-2649,Smartphone,Android,69,29.0,1,5,4,5,No,Active,0,637.5,5.9,0,Partially Patched,Medium Risk
DEV-2650,Laptop,Windows 11,67,26.0,5,5,5,7,Yes,Outdated,0,1209.8,5.8,0,Outdated,High Risk
DEV-2651,Laptop,Windows 10,61,25.0,2,14,5,5,Yes,Disabled,0,686.9,4.1,0,Outdated,High Risk
DEV-2652,Laptop,Windows 10,60,25.0,5,5,4,6,Yes,Disabled,2,2115.1,8.3,0,Partially Patched,High Risk
DEV-2653,Desktop,macOS,71,31.0,1,4,7,7,Yes,Active,0,1380.8,5.3,2,Outdated,High Risk
DEV-2654,Laptop,Windows 11,24,12.0,2,2,3,3,Yes,Outdated,0,651.8,4.9,0,Fully Patched,Low Risk
DEV-2655,IoT_Gateway,Embedded Linux,63,34.0,3,5,9,5,Yes,Outdated,0,1065.7,4.7,1,Outdated,High Risk
DEV-2656,Server,RedHat Linux,61,26.0,5,4,4,6,No,Active,0,4757.3,6.8,0,Partially Patched,Medium Risk
DEV-2657,Laptop,Windows 10,23,12.0,3,4,2,3,Yes,Active,1,761.1,5.7,0,Partially Patched,Low Risk
DEV-2658,Desktop,Windows 11,30,14.0,3,2,5,5,No,Active,0,1500.5,5.9,0,Partially Patched,Medium Risk
DEV-2659,Desktop,Windows 10,60,24.0,0,4,5,9,Yes,Disabled,0,247.7,4.9,1,Outdated,High Risk
DEV-2660,Server,RedHat Linux,18,10.0,4,5,3,2,Yes,Active,1,3422.3,5.1,0,Fully Patched,Low Risk
DEV-2661,Desktop,Windows 10,56,22.0,22,4,3,4,Yes,Active,1,1708.9,5.2,1,Partially Patched,High Risk
DEV-2662,IoT_Gateway,Embedded Linux,53,22.0,25,1,7,4,No,Outdated,0,203.4,8.3,0,Partially Patched,High Risk
DEV-2663,Desktop,macOS,7,9.0,1,5,3,3,Yes,Outdated,0,51.2,1.9,0,Partially Patched,Low Risk
DEV-2664,Tablet,iPadOS,69,27.0,4,3,6,7,Yes,Active,0,351.0,6.4,2,Outdated,High Risk
DEV-2665,IoT_Gateway,Embedded Linux,72,32.0,4,7,8,7,Yes,Active,0,176.2,7.7,3,Outdated,High Risk
DEV-2666,Laptop,Windows 11,52,12.0,5,3,3,4,Yes,Active,1,1603.2,1.8,1,Partially Patched,Medium Risk
DEV-2667,IoT_Gateway,Embedded Linux,4,2.0,3,3,1,1,No,Disabled,2,371.7,5.4,1,Partially Patched,Medium Risk
DEV-2668,Laptop,Windows 10,34,13.0,20,2,3,4,No,Active,1,1666.1,7.5,1,Outdated,High Risk
DEV-2669,Smartphone,Android,69,30.0,1,5,7,7,Yes,Active,0,1089.9,4.0,0,Outdated,Medium Risk
DEV-2670,Desktop,Windows 11,33,14.0,16,6,4,4,Yes,Active,2,1369.7,6.0,0,Partially Patched,Medium Risk
DEV-2671,IoT_Gateway,FreeRTOS,69,30.0,21,7,6,5,No,Active,0,115.9,3.6,3,Partially Patched,High Risk
DEV-2672,IoT_Gateway,Embedded Linux,38,,7,2,2,7,No,Disabled,5,379.7,5.6,1,Outdated,High Risk
DEV-2673,Smartphone,Android,26,13.0,2,2,4,4,No,Active,0,149.5,8.1,1,Outdated,Medium Risk
DEV-2674,Smartphone,Android,1,0.0,4,19,1,3,Yes,Active,4,947.8,8.9,0,Fully Patched,Low Risk
DEV-2675,Laptop,macOS,4,4.0,4,2,1,1,Yes,Active,1,532.1,6.0,3,Fully Patched,Low Risk
DEV-2676,Laptop,Windows 11,39,13.0,2,5,3,3,Yes,Active,0,1109.9,2.9,0,Partially Patched,Low Risk
DEV-2677,Desktop,Ubuntu Linux,54,28.0,2,3,13,6,No,Outdated,0,1879.9,4.9,3,Partially Patched,High Risk
DEV-2678,Laptop,Windows 10,33,11.0,3,4,2,1,Yes,Active,1,767.2,1.9,1,Partially Patched,Low Risk
DEV-2679,Smartphone,Android,33,19.0,6,2,3,4,Yes,Active,1,1551.4,4.9,0,Partially Patched,Low Risk
DEV-2680,Laptop,Windows 11,72,30.0,1,5,5,9,Yes,Disabled,0,498.9,7.4,0,Outdated,High Risk
DEV-2681,Tablet,Android,20,2.0,4,1,0,1,Yes,Active,1,667.8,2.8,2,Fully Patched,Low Risk
DEV-2682,Server,Windows Server,16,,27,15,0,1,Yes,Active,1,5368.0,5.1,0,Partially Patched,Medium Risk
DEV-2683,Smartphone,Android,21,13.0,3,2,5,5,Yes,Active,3,750.3,3.9,2,Outdated,High Risk
DEV-2684,Laptop,macOS,45,23.0,2,2,4,6,No,Disabled,1,,9.1,0,Partially Patched,High Risk
DEV-2685,IoT_Gateway,Embedded Linux,62,21.0,7,7,6,7,No,Active,0,1123.3,6.3,0,Outdated,High Risk
DEV-2686,IoT_Gateway,Embedded Linux,31,20.0,4,1,3,5,No,Active,1,560.7,7.2,0,Partially Patched,Low Risk
DEV-2687,Desktop,Windows 11,42,18.0,24,5,6,4,No,Active,0,1680.0,6.1,0,Outdated,High Risk
DEV-2688,Server,RedHat Linux,12,10.0,3,17,2,2,No,Outdated,1,10784.6,7.0,0,Partially Patched,Medium Risk
DEV-2689,Smartphone,iOS,65,23.0,4,3,5,4,Yes,Outdated,2,865.2,7.7,2,Outdated,High Risk
DEV-2690,Laptop,Windows 11,3,1.0,39,3,0,2,Yes,Active,5,1588.6,5.6,1,Partially Patched,High Risk
DEV-2691,Desktop,Windows 11,9,7.0,2,3,1,2,No,Disabled,0,676.9,4.4,0,Fully Patched,Low Risk
DEV-2692,Desktop,Windows 11,51,21.0,4,2,3,6,Yes,Active,0,2976.5,3.6,0,Partially Patched,Low Risk
DEV-2693,Laptop,Windows 10,16,0.0,0,1,1,0,Yes,Active,0,311.7,9.0,0,Fully Patched,Low Risk
DEV-2694,Desktop,Windows 10,3,2.0,39,1,0,3,Yes,Active,0,2207.0,7.1,2,Partially Patched,High Risk
DEV-2695,Laptop,macOS,24,3.0,1,6,3,5,Yes,Active,0,2033.7,1.1,0,Outdated,Low Risk
DEV-2696,Laptop,Windows 10,13,2.0,2,2,0,0,Yes,Active,0,1933.4,5.0,0,Fully Patched,Low Risk
DEV-2697,Laptop,Windows 10,2,0.0,3,2,0,2,Yes,Disabled,0,365.9,6.3,1,Partially Patched,Low Risk
DEV-2698,Tablet,Android,71,34.0,5,2,5,5,No,Active,1,506.7,8.8,4,Partially Patched,High Risk
DEV-2699,Desktop,Ubuntu Linux,21,16.0,2,1,3,4,No,Outdated,0,1206.6,3.3,1,Partially Patched,Medium Risk
DEV-2700,Tablet,Android,19,10.0,4,2,1,1,Yes,Active,0,419.9,6.4,0,Partially Patched,Low Risk
DEV-2701,Desktop,Windows 11,47,19.0,30,4,3,4,Yes,Outdated,2,,4.7,1,Partially Patched,High Risk
DEV-2702,Laptop,Windows 10,22,10.0,2,4,3,3,Yes,Active,0,1157.6,3.1,1,Fully Patched,Low Risk
DEV-2703,Desktop,Windows 10,33,19.0,3,4,3,5,Yes,Active,0,717.8,8.2,0,Partially Patched,Low Risk
DEV-2704,Desktop,Windows 10,32,6.0,3,2,3,4,Yes,Active,2,1707.0,3.6,2,Partially Patched,Medium Risk
DEV-2705,Laptop,Windows 10,64,23.0,2,4,3,6,Yes,Active,0,1902.6,7.4,2,Outdated,Medium Risk
DEV-2706,Server,RedHat Linux,39,21.0,1,10,4,4,Yes,Disabled,2,5480.4,2.3,0,Outdated,Medium Risk
DEV-2707,Laptop,Windows 11,72,35.0,13,6,15,6,Yes,Active,0,1051.5,4.5,0,Partially Patched,High Risk
DEV-2708,Server,RedHat Linux,42,21.0,5,13,3,6,Yes,Active,0,3128.9,6.6,0,Partially Patched,Medium Risk
DEV-2709,Server,RedHat Linux,9,1.0,1,9,0,4,No,Active,3,3543.2,6.9,1,Outdated,Medium Risk
DEV-2710,Laptop,Windows 10,25,15.0,5,4,5,4,Yes,Outdated,0,1937.6,6.4,0,Outdated,Medium Risk
DEV-2711,Laptop,Windows 10,2,8.0,1,2,2,1,Yes,Active,0,661.7,7.5,0,Partially Patched,Low Risk
DEV-2712,Smartphone,Android,19,12.0,4,5,3,3,No,Active,1,1346.6,4.9,0,Fully Patched,Low Risk
DEV-2713,Desktop,macOS,20,0.0,10,3,1,4,No,Disabled,0,1824.0,8.3,0,Partially Patched,Medium Risk
DEV-2714,Laptop,Windows 10,70,30.0,3,5,5,8,Yes,Disabled,0,1361.7,6.2,4,Outdated,High Risk
DEV-2715,Tablet,Android,17,11.0,1,3,4,1,Yes,Outdated,2,849.4,7.0,0,Partially Patched,Low Risk
DEV-2716,Laptop,Windows 10,68,27.0,5,3,6,5,Yes,Active,2,952.7,6.2,1,Outdated,High Risk
DEV-2717,Smartphone,iOS,3,3.0,8,4,2,1,Yes,Active,1,1427.9,6.5,1,Fully Patched,Low Risk
DEV-2718,Tablet,Android,51,20.0,10,3,7,5,No,Outdated,0,81.8,3.5,4,Outdated,High Risk
DEV-2719,Laptop,Ubuntu Linux,26,8.0,3,3,2,3,Yes,Outdated,1,1461.4,3.6,4,Fully Patched,Medium Risk
DEV-2720,Laptop,Windows 11,56,30.0,13,5,6,7,Yes,Outdated,0,472.0,4.4,0,Outdated,High Risk
DEV-2721,Laptop,Windows 11,64,28.0,3,3,10,7,No,Active,1,1922.0,6.5,3,Outdated,High Risk
DEV-2722,Laptop,Windows 11,8,0.0,7,2,0,3,Yes,Active,0,1328.4,4.3,0,Fully Patched,Low Risk
DEV-2723,Laptop,Windows 10,37,11.0,4,6,2,3,Yes,Outdated,1,1863.4,4.9,0,Fully Patched,Low Risk
DEV-2724,Smartphone,Android,27,9.0,5,6,1,4,No,Outdated,0,140.5,5.4,1,Partially Patched,Medium Risk
DEV-2725,Laptop,Windows 11,45,16.0,2,2,9,4,Yes,Active,0,2904.8,8.3,2,Outdated,High Risk
DEV-2726,Desktop,Ubuntu Linux,4,,4,4,2,1,Yes,Active,0,549.2,6.7,0,Partially Patched,Low Risk
DEV-2727,Tablet,iPadOS,37,18.0,5,5,3,4,Yes,Active,0,343.6,2.6,0,Partially Patched,Low Risk
DEV-2728,Smartphone,iOS,71,32.0,3,1,5,5,No,Outdated,1,1097.2,5.8,1,Partially Patched,High Risk
DEV-2729,Server,Ubuntu Linux,33,12.0,4,17,2,3,Yes,Active,1,6774.9,4.9,0,Partially Patched,Medium Risk
DEV-2730,Laptop,Windows 11,31,18.0,7,5,3,6,Yes,Disabled,0,1589.5,5.0,1,Partially Patched,Medium Risk
DEV-2731,Server,Ubuntu Linux,55,28.0,5,17,8,5,Yes,Active,1,6624.5,5.5,1,Partially Patched,High Risk
DEV-2732,Desktop,Windows 10,12,5.0,4,1,2,3,No,Active,2,239.1,7.8,1,Fully Patched,Low Risk
DEV-2733,Desktop,Ubuntu Linux,11,2.0,3,3,4,0,Yes,Active,1,470.6,3.9,0,Fully Patched,Low Risk
DEV-2734,Laptop,Windows 10,72,31.0,0,1,5,5,Yes,Disabled,0,638.1,5.9,0,Partially Patched,Medium Risk
DEV-2735,IoT_Gateway,Embedded Linux,32,23.0,3,3,5,7,Yes,Active,1,131.3,6.1,0,Outdated,Medium Risk
DEV-2736,Desktop,Windows 10,57,20.0,3,6,4,4,No,Active,0,1222.6,5.1,1,Outdated,Medium Risk
DEV-2737,Laptop,Windows 11,38,15.0,4,5,5,2,Yes,Active,0,403.9,4.2,0,Partially Patched,Low Risk
DEV-2738,Desktop,Windows 11,60,26.0,6,5,11,5,No,Active,6,243.6,4.0,2,Outdated,High Risk
DEV-2739,Desktop,Windows 10,19,11.0,3,4,5,2,Yes,Active,0,424.4,4.7,0,Partially Patched,Low Risk
DEV-2740,Smartphone,iOS,56,16.0,15,6,4,2,No,Active,0,1155.6,7.0,0,Partially Patched,Medium Risk
DEV-2741,Smartphone,Android,14,12.0,34,16,2,4,No,Active,1,75.1,4.8,1,Partially Patched,High Risk
DEV-2742,Smartphone,Android,33,20.0,5,6,4,9,Yes,Active,0,234.9,5.3,0,Outdated,Medium Risk
DEV-2743,Laptop,Ubuntu Linux,10,4.0,4,3,0,2,Yes,Active,1,1137.6,3.2,0,Partially Patched,Low Risk
DEV-2744,Desktop,Windows 11,64,36.0,7,6,6,9,Yes,Outdated,0,1127.0,4.6,0,Outdated,High Risk
DEV-2745,Desktop,Windows 11,64,32.0,1,6,5,7,Yes,Active,1,1840.4,6.0,0,Outdated,Medium Risk
DEV-2746,Laptop,Windows 11,62,31.0,4,3,5,5,No,Active,2,854.8,2.2,0,Partially Patched,Medium Risk
DEV-2747,Laptop,Windows 11,68,33.0,4,2,6,8,Yes,Outdated,2,996.1,7.6,0,Outdated,High Risk
DEV-2748,Smartphone,Android,43,23.0,6,2,4,5,Yes,Active,1,471.5,4.3,0,Partially Patched,Medium Risk
DEV-2749,Laptop,macOS,59,25.0,4,6,5,4,Yes,Active,1,1391.5,9.0,1,Partially Patched,Medium Risk
DEV-2750,Desktop,Windows 11,52,22.0,4,2,3,9,Yes,Active,1,1490.8,6.3,0,Outdated,Medium Risk
DEV-2751,Laptop,Windows 10,19,5.0,2,5,2,1,Yes,Outdated,0,636.1,1.8,0,Fully Patched,Low Risk
DEV-2752,Laptop,Windows 10,21,8.0,10,6,2,2,Yes,Active,0,1031.1,6.1,0,Partially Patched,Low Risk
DEV-2753,Laptop,Windows 10,22,9.0,2,1,1,1,Yes,Active,3,1228.1,4.9,3,Fully Patched,Low Risk
DEV-2754,Tablet,iPadOS,9,5.0,4,3,3,3,Yes,Outdated,0,1008.6,6.1,0,Partially Patched,Low Risk
DEV-2755,Smartphone,iOS,9,11.0,20,4,3,3,Yes,Active,0,176.2,8.7,2,Fully Patched,Medium Risk
DEV-2756,Tablet,Android,27,4.0,24,3,1,2,No,Active,1,1490.7,6.9,0,Partially Patched,Medium Risk
DEV-2757,Desktop,macOS,17,14.0,5,6,3,6,No,Active,0,961.5,5.0,1,Outdated,Medium Risk
DEV-2758,Laptop,Windows 10,44,15.0,4,1,3,6,No,Outdated,1,1034.5,2.7,0,Partially Patched,Medium Risk
DEV-2759,Desktop,Ubuntu Linux,45,19.0,4,3,3,4,No,Active,0,470.2,7.2,4,Outdated,High Risk
DEV-2760,Desktop,Windows 10,8,2.0,2,4,2,1,No,Active,0,1132.2,6.5,1,Partially Patched,Low Risk
DEV-2761,Smartphone,iOS,18,16.0,0,4,3,4,Yes,Outdated,0,101.2,7.8,0,Outdated,Low Risk
DEV-2762,Laptop,macOS,33,13.0,4,1,2,5,Yes,Active,1,2068.8,5.2,0,,Low Risk
DEV-2763,Desktop,Windows 11,1,,2,4,2,5,Yes,Active,0,3231.1,6.1,0,Outdated,Low Risk
DEV-2764,Laptop,Windows 10,6,6.0,3,5,2,5,Yes,Active,1,1684.1,5.0,0,Partially Patched,Low Risk
DEV-2765,Laptop,Ubuntu Linux,41,13.0,5,4,2,3,No,Disabled,1,2287.7,5.7,0,Partially Patched,Medium Risk
DEV-2766,Smartphone,iOS,55,23.0,2,1,6,4,Yes,Active,0,1089.8,2.5,0,Partially Patched,Low Risk
DEV-2767,Desktop,Windows 11,5,8.0,2,1,2,4,No,Outdated,0,1673.6,6.1,1,Partially Patched,Low Risk
DEV-2768,Desktop,Windows 10,59,22.0,4,3,3,5,Yes,Active,1,1879.4,6.3,0,Partially Patched,Medium Risk
DEV-2769,Desktop,Windows 11,18,12.0,4,4,3,3,No,Active,6,1353.7,4.5,0,Partially Patched,High Risk
DEV-2770,Desktop,Windows 11,49,20.0,1,4,4,5,No,Active,0,1747.0,6.7,0,Outdated,Medium Risk
DEV-2771,Smartphone,Android,65,32.0,4,6,5,8,Yes,Active,1,762.1,7.2,0,Outdated,Medium Risk
DEV-2772,IoT_Gateway,Embedded Linux,54,30.0,2,9,8,8,Yes,Active,1,543.9,8.3,0,Outdated,High Risk
DEV-2773,Tablet,iPadOS,61,18.0,3,6,5,7,No,Active,0,553.4,3.5,1,Outdated,High Risk
DEV-2774,Smartphone,Android,8,0.0,4,3,2,0,No,Active,0,1726.3,6.8,1,Fully Patched,Low Risk
DEV-2775,Laptop,macOS,3,1.0,4,3,0,1,No,Active,2,1247.1,8.2,0,Partially Patched,Low Risk
DEV-2776,Smartphone,Android,25,17.0,4,16,5,3,Yes,Active,3,428.2,4.8,0,Partially Patched,High Risk
DEV-2777,Desktop,Windows 11,69,31.0,3,5,7,6,Yes,Outdated,2,2334.4,8.3,0,Partially Patched,High Risk
DEV-2778,Laptop,Windows 11,55,19.0,4,1,11,3,Yes,Active,0,1299.0,4.0,3,Partially Patched,High Risk
DEV-2779,Smartphone,Android,40,20.0,5,3,8,7,No,Disabled,0,375.5,5.6,0,Outdated,High Risk
DEV-2780,Laptop,Windows 11,50,18.0,4,3,3,3,Yes,Active,1,772.3,2.0,1,Fully Patched,Low Risk
DEV-2781,IoT_Gateway,Embedded Linux,33,18.0,4,5,3,3,No,Outdated,0,231.1,1.8,0,Partially Patched,Medium Risk
DEV-2782,Desktop,Windows 10,18,11.0,4,6,2,4,Yes,Active,3,987.2,2.4,0,Outdated,Medium Risk
DEV-2783,Server,Ubuntu Linux,57,21.0,4,16,4,6,No,Active,0,8658.2,8.3,0,Partially Patched,High Risk
DEV-2784,Server,Ubuntu Linux,16,8.0,4,11,3,1,Yes,Active,0,7436.2,3.9,1,Partially Patched,Low Risk
DEV-2785,IoT_Gateway,Embedded Linux,38,22.0,5,1,5,4,No,Active,1,319.2,4.0,2,Outdated,Medium Risk
DEV-2786,Server,Windows Server,41,10.0,8,6,3,3,Yes,Active,1,13963.1,6.3,0,Partially Patched,Low Risk
DEV-2787,Server,Windows Server,7,6.0,2,4,1,2,Yes,Active,1,9228.5,4.0,0,Partially Patched,Low Risk
DEV-2788,Laptop,Windows 10,53,18.0,7,5,3,4,No,Active,0,,7.9,0,Partially Patched,Medium Risk
DEV-2789,Desktop,Windows 11,63,27.0,21,4,4,6,No,Active,2,879.0,9.2,0,Partially Patched,High Risk
DEV-2790,Laptop,Windows 11,32,16.0,2,5,4,3,Yes,Active,3,2804.4,1.1,0,Partially Patched,Medium Risk
DEV-2791,Smartphone,iOS,38,25.0,6,3,6,4,Yes,Active,1,923.1,6.5,0,Partially Patched,Medium Risk
DEV-2792,Desktop,Windows 11,22,10.0,4,1,4,2,No,Outdated,1,881.6,1.4,1,Partially Patched,Medium Risk
DEV-2793,Smartphone,Android,16,14.0,4,6,3,6,Yes,Active,0,232.9,2.8,0,Outdated,Low Risk
DEV-2794,Laptop,Windows 11,52,19.0,2,6,7,7,Yes,Disabled,0,1504.3,6.5,1,Outdated,High Risk
DEV-2795,Laptop,Windows 11,29,11.0,3,3,2,1,Yes,Disabled,0,1354.9,3.6,0,,Low Risk
DEV-2796,Smartphone,Android,16,10.0,6,5,2,3,Yes,Active,0,430.2,6.0,0,Fully Patched,Low Risk
DEV-2797,Laptop,macOS,17,9.0,7,5,1,3,Yes,Active,0,419.5,5.6,0,Fully Patched,Low Risk
DEV-2798,Laptop,Windows 11,64,26.0,4,2,4,6,No,Outdated,1,901.9,2.2,1,Outdated,High Risk
DEV-2799,Laptop,Windows 10,13,5.0,3,5,5,2,Yes,Active,0,1803.8,6.8,0,Partially Patched,Low Risk
DEV-2800,Tablet,Android,72,36.0,2,3,8,6,Yes,Outdated,0,1255.7,6.1,0,Partially Patched,High Risk
DEV-2801,Smartphone,Android,56,23.0,5,1,3,4,Yes,Active,6,1224.0,5.6,0,Partially Patched,Medium Risk
DEV-2802,Desktop,Ubuntu Linux,5,0.0,0,1,0,1,No,Active,1,690.3,4.2,0,Partially Patched,Low Risk
DEV-2803,Laptop,Windows 11,12,3.0,2,2,0,1,No,Active,0,546.5,6.3,0,Partially Patched,Low Risk
DEV-2804,Laptop,macOS,41,21.0,0,6,3,4,Yes,Active,0,531.3,2.9,1,Outdated,Medium Risk
DEV-2805,Smartphone,Android,3,12.0,6,3,3,3,Yes,Active,1,632.2,3.5,4,Fully Patched,Medium Risk
DEV-2806,Server,Ubuntu Linux,33,13.0,5,16,3,5,Yes,Active,3,13955.5,6.1,2,Outdated,High Risk
DEV-2807,Laptop,Ubuntu Linux,50,30.0,2,4,5,9,Yes,Active,2,675.0,7.6,0,Outdated,High Risk
DEV-2808,Laptop,Windows 11,56,24.0,4,1,4,5,Yes,Active,1,2338.9,4.5,0,Partially Patched,Low Risk
DEV-2809,Laptop,macOS,9,4.0,2,3,1,0,Yes,Active,0,789.1,6.4,0,Fully Patched,Low Risk
DEV-2810,Server,Ubuntu Linux,50,18.0,3,10,3,6,Yes,Active,0,2644.8,5.9,2,Outdated,Medium Risk
DEV-2811,Smartphone,iOS,29,12.0,4,2,4,3,No,Outdated,1,88.7,6.3,0,Partially Patched,Medium Risk
DEV-2812,Laptop,Windows 11,39,14.0,4,4,9,2,Yes,Outdated,0,1065.9,4.1,0,Fully Patched,Medium Risk
DEV-2813,Laptop,Windows 10,45,16.0,2,6,2,3,Yes,Outdated,1,1165.3,5.2,1,Fully Patched,Medium Risk
DEV-2814,Laptop,macOS,17,2.0,3,3,0,2,Yes,Active,0,2073.6,5.4,0,Fully Patched,Low Risk
DEV-2815,Tablet,Windows 11,56,31.0,5,5,5,7,Yes,Active,7,2808.0,8.5,0,Outdated,High Risk
DEV-2816,Laptop,Ubuntu Linux,46,24.0,5,6,4,5,Yes,Disabled,0,1683.7,3.3,0,Partially Patched,Medium Risk
DEV-2817,Smartphone,iOS,67,29.0,2,1,5,8,Yes,Active,1,1550.2,2.7,0,Outdated,Medium Risk
DEV-2818,Server,Windows Server,69,29.0,6,8,8,11,No,Active,0,6551.1,10.0,0,Outdated,High Risk
DEV-2819,Desktop,Windows 11,14,7.0,3,2,3,3,Yes,Active,6,1275.2,6.1,0,Partially Patched,Medium Risk
DEV-2820,Laptop,Windows 11,67,25.0,2,1,4,6,Yes,Disabled,0,5729.3,6.6,0,Outdated,Medium Risk
DEV-2821,Laptop,Windows 11,23,6.0,3,4,1,2,No,Active,0,429.4,6.8,1,Partially Patched,Medium Risk
DEV-2822,Server,Ubuntu Linux,61,29.0,4,12,5,7,No,Active,0,6143.6,7.0,2,Outdated,High Risk
DEV-2823,Smartphone,Android,23,10.0,4,5,1,1,No,Outdated,0,798.0,7.3,2,Fully Patched,Low Risk
DEV-2824,Server,RedHat Linux,27,14.0,4,9,3,3,No,Active,0,4892.0,7.1,0,Partially Patched,Medium Risk
DEV-2825,Desktop,Windows 11,54,16.0,3,3,3,2,Yes,Outdated,0,2220.2,7.8,0,Partially Patched,Low Risk
DEV-2826,Laptop,Windows 10,10,4.0,1,3,1,2,Yes,Active,0,957.3,5.8,0,Partially Patched,Low Risk
DEV-2827,Tablet,Android,16,3.0,6,3,3,1,No,Outdated,1,130.1,7.6,1,Fully Patched,Medium Risk
DEV-2828,Smartphone,Android,41,20.0,1,2,4,4,No,Active,0,350.8,9.3,0,Partially Patched,Low Risk
DEV-2829,Laptop,Windows 10,55,27.0,4,2,4,5,Yes,Active,1,2628.6,5.9,0,Partially Patched,Medium Risk
DEV-2830,Tablet,iPadOS,61,32.0,1,3,6,6,Yes,Active,2,566.7,6.5,0,Partially Patched,Medium Risk
DEV-2831,Server,RedHat Linux,49,19.0,4,15,3,5,Yes,Active,0,2749.9,4.3,0,Partially Patched,Medium Risk
DEV-2832,Server,RedHat Linux,52,18.0,3,8,4,3,No,Active,0,4678.8,5.2,0,Partially Patched,Medium Risk
DEV-2833,Smartphone,Android,2,1.0,3,4,1,3,Yes,Active,0,1259.4,6.2,3,Partially Patched,Low Risk
DEV-2834,Smartphone,Android,50,19.0,2,3,6,5,No,Active,0,217.9,4.7,1,Partially Patched,Medium Risk
DEV-2835,Server,Ubuntu Linux,43,20.0,35,8,6,4,Yes,Outdated,2,3046.4,5.7,0,Partially Patched,High Risk
DEV-2836,Laptop,Windows 11,8,0.0,4,12,2,4,Yes,Active,2,1122.0,6.2,0,Outdated,Medium Risk
DEV-2837,Laptop,Windows 10,59,18.0,5,1,4,4,Yes,Outdated,0,1925.9,8.5,0,Partially Patched,Medium Risk
DEV-2838,IoT_Gateway,Embedded Linux,65,26.0,3,9,5,5,No,Active,0,395.9,3.8,0,Outdated,Medium Risk
DEV-2839,Laptop,Windows 11,12,9.0,2,5,3,3,No,Disabled,1,805.5,6.3,0,Fully Patched,Medium Risk
DEV-2840,Desktop,Ubuntu Linux,4,0.0,4,4,0,2,Yes,Active,0,1026.5,4.3,1,Partially Patched,Low Risk
DEV-2841,Desktop,Ubuntu Linux,41,21.0,1,5,4,3,Yes,Active,0,1225.4,7.0,1,Partially Patched,Low Risk
DEV-2842,Desktop,Windows 11,7,6.0,4,4,1,3,No,Disabled,0,198.1,7.2,0,Partially Patched,Medium Risk
DEV-2843,Server,Ubuntu Linux,69,35.0,3,10,6,6,Yes,Disabled,0,6397.5,8.9,0,Outdated,High Risk
DEV-2844,IoT_Gateway,Embedded Linux,69,26.0,4,1,7,5,No,Active,0,234.5,4.6,3,Outdated,High Risk
DEV-2845,Laptop,Windows 11,30,7.0,4,2,1,1,Yes,Active,0,2282.5,5.8,0,Partially Patched,Low Risk
DEV-2846,Laptop,Ubuntu Linux,6,6.0,4,3,2,1,No,Outdated,0,1157.9,7.1,3,Partially Patched,Medium Risk
DEV-2847,Laptop,Windows 11,19,10.0,4,2,2,4,No,Active,1,1404.3,6.8,0,Partially Patched,Low Risk
DEV-2848,IoT_Gateway,Embedded Linux,66,29.0,0,3,8,6,Yes,Active,1,379.7,1.0,0,Outdated,High Risk
DEV-2849,Server,Ubuntu Linux,10,1.0,7,17,1,2,Yes,Outdated,5,3782.1,4.1,0,Partially Patched,Medium Risk
DEV-2850,Laptop,Ubuntu Linux,16,11.0,2,6,7,5,Yes,Outdated,2,704.7,6.6,2,Outdated,High Risk
DEV-2851,Smartphone,Android,37,14.0,4,3,2,4,Yes,Active,1,839.7,5.1,0,Outdated,Low Risk
DEV-2852,IoT_Gateway,Embedded Linux,32,15.0,1,6,6,2,No,Active,1,322.1,7.1,4,Partially Patched,High Risk
DEV-2853,Smartphone,Android,47,18.0,3,4,3,9,No,Active,5,436.5,7.6,0,Outdated,High Risk
DEV-2854,IoT_Gateway,Embedded Linux,72,32.0,2,7,6,6,Yes,Active,1,294.3,5.1,0,Partially Patched,Medium Risk
DEV-2855,Laptop,Windows 11,43,14.0,6,3,2,6,Yes,Active,0,1641.6,6.7,0,Partially Patched,Low Risk
DEV-2856,Smartphone,Android,36,18.0,4,2,5,3,Yes,Active,1,569.5,8.4,0,Partially Patched,Medium Risk
DEV-2857,Desktop,Ubuntu Linux,26,15.0,2,1,8,4,No,Disabled,0,1493.1,7.5,0,Partially Patched,Medium Risk
DEV-2858,Smartphone,iOS,10,6.0,5,1,3,5,No,Outdated,2,934.9,4.0,1,Partially Patched,Medium Risk
DEV-2859,Smartphone,iOS,31,20.0,4,6,4,5,Yes,Active,0,1193.0,5.1,0,Partially Patched,Medium Risk
DEV-2860,Smartphone,Android,29,14.0,2,5,3,4,Yes,Disabled,0,591.4,5.6,1,Partially Patched,Medium Risk
DEV-2861,Server,RedHat Linux,5,7.0,4,7,1,4,Yes,Active,0,6037.1,3.6,1,Outdated,Low Risk
DEV-2862,Laptop,Windows 11,1,2.0,2,4,1,1,Yes,Disabled,1,742.4,7.6,2,Partially Patched,Low Risk
DEV-2863,Desktop,Windows 11,3,6.0,4,1,1,2,Yes,Active,3,2414.5,4.2,0,Fully Patched,Low Risk
DEV-2864,Tablet,Android,67,22.0,2,4,6,3,Yes,Active,1,756.4,5.3,0,Partially Patched,Medium Risk
DEV-2865,IoT_Gateway,Embedded Linux,71,30.0,1,7,8,9,No,Active,0,220.4,7.6,0,Outdated,High Risk
DEV-2866,Laptop,Windows 11,35,11.0,4,6,6,2,Yes,Active,0,1018.5,4.6,0,Partially Patched,Medium Risk
DEV-2867,Laptop,Windows 11,15,8.0,3,5,2,2,No,Outdated,1,1942.3,4.8,0,Partially Patched,Low Risk
DEV-2868,Laptop,Windows 10,67,30.0,1,12,6,7,Yes,Active,1,3466.8,6.2,1,Outdated,High Risk
DEV-2869,Smartphone,iOS,30,17.0,6,4,4,3,No,Active,0,1014.4,4.7,1,Partially Patched,Medium Risk
DEV-2870,Smartphone,Android,43,21.0,1,3,5,3,No,Active,1,289.8,8.6,1,Partially Patched,Medium Risk
DEV-2871,Laptop,Windows 11,60,24.0,4,3,4,6,No,Outdated,0,777.6,3.7,2,Partially Patched,High Risk
DEV-2872,Desktop,Windows 11,40,14.0,3,6,5,4,No,Active,0,1027.4,1.0,0,Partially Patched,Medium Risk
DEV-2873,Smartphone,Android,65,18.0,23,4,3,6,Yes,Active,4,410.7,7.2,3,Outdated,High Risk
DEV-2874,Smartphone,Android,29,13.0,7,3,3,4,Yes,Active,0,629.8,4.8,0,Partially Patched,Low Risk
DEV-2875,Desktop,Windows 10,19,14.0,8,5,5,4,No,Active,0,1716.8,3.9,2,Partially Patched,High Risk
DEV-2876,Server,RedHat Linux,3,3.0,5,5,9,1,No,Outdated,1,9570.9,6.3,0,Partially Patched,High Risk
DEV-2877,Desktop,Windows 10,36,16.0,2,5,5,4,Yes,Active,0,3906.5,6.3,2,Outdated,Medium Risk
DEV-2878,Laptop,Windows 11,43,19.0,5,6,3,7,No,Outdated,0,842.3,4.0,0,Outdated,High Risk
DEV-2879,Server,RedHat Linux,15,,3,16,1,3,Yes,Active,1,15000.0,7.9,1,Partially Patched,Low Risk
DEV-2880,Smartphone,Android,41,19.0,2,4,3,4,Yes,Active,1,784.3,7.2,0,Partially Patched,Low Risk
DEV-2881,IoT_Gateway,Embedded Linux,36,14.0,3,5,7,4,Yes,Disabled,0,50.0,9.4,0,Outdated,Medium Risk
DEV-2882,Server,RedHat Linux,33,11.0,1,15,2,1,Yes,Disabled,0,5628.5,4.6,0,Partially Patched,Low Risk
DEV-2883,Smartphone,Android,5,3.0,0,1,4,2,Yes,Active,1,689.5,5.8,1,Fully Patched,Low Risk
DEV-2884,Laptop,Windows 11,14,7.0,1,9,5,2,Yes,Disabled,0,522.7,6.0,0,Fully Patched,Low Risk
DEV-2885,Desktop,macOS,68,36.0,5,6,8,8,Yes,Outdated,1,811.3,4.8,0,Outdated,High Risk
DEV-2886,Laptop,Windows 11,47,17.0,3,4,2,5,Yes,Active,1,2714.6,6.3,0,Partially Patched,Low Risk
DEV-2887,Laptop,Windows 10,54,22.0,3,1,3,6,Yes,Active,1,910.8,6.5,0,Partially Patched,Low Risk
DEV-2888,Smartphone,Android,4,2.0,2,2,2,1,No,Active,0,2322.2,6.5,0,Fully Patched,Low Risk
DEV-2889,Tablet,iPadOS,9,3.0,1,6,3,0,Yes,Outdated,0,307.1,4.8,0,Fully Patched,Low Risk
DEV-2890,Laptop,Windows 11,53,25.0,4,1,9,5,Yes,Active,0,4530.5,5.1,3,Outdated,High Risk
DEV-2891,Desktop,Windows 11,60,34.0,3,10,6,7,No,Active,1,1344.4,4.4,2,Outdated,High Risk
DEV-2892,Smartphone,Android,46,19.0,3,6,5,4,Yes,Active,0,419.4,4.0,0,Outdated,Medium Risk
DEV-2893,Laptop,Windows 11,54,25.0,8,3,5,6,Yes,Active,1,2836.6,5.4,0,Outdated,Medium Risk
DEV-2894,Server,Ubuntu Linux,37,9.0,0,15,2,2,No,Active,0,2861.8,8.5,0,Fully Patched,Low Risk
DEV-2895,Smartphone,Android,23,9.0,37,1,2,4,Yes,Disabled,0,673.1,9.6,1,Outdated,High Risk
DEV-2896,Server,Ubuntu Linux,27,19.0,4,11,4,5,Yes,Active,2,4437.5,8.1,0,Partially Patched,Medium Risk
DEV-2897,Laptop,Windows 11,70,29.0,2,4,5,7,Yes,Disabled,2,1787.7,4.6,0,Outdated,High Risk
DEV-2898,Desktop,Windows 11,66,30.0,3,1,5,6,Yes,Outdated,1,2194.5,6.3,0,Outdated,Medium Risk
DEV-2899,Smartphone,iOS,61,23.0,1,5,4,5,Yes,Active,2,1135.2,1.4,1,Outdated,Medium Risk
DEV-2900,Server,Ubuntu Linux,51,23.0,7,5,4,8,Yes,Disabled,2,7779.0,5.2,3,Outdated,High Risk
DEV-2901,Laptop,Windows 10,50,28.0,2,2,5,4,Yes,Active,0,817.2,4.7,1,Outdated,Medium Risk
DEV-2902,Smartphone,Android,19,4.0,4,6,1,1,No,Outdated,1,425.0,9.2,1,Partially Patched,Low Risk
DEV-2903,Laptop,Windows 11,1,11.0,3,1,6,4,Yes,Outdated,0,1782.3,6.0,0,Partially Patched,Medium Risk
DEV-2904,Smartphone,iOS,40,11.0,2,2,4,4,Yes,Outdated,0,845.2,5.6,0,Outdated,Medium Risk
DEV-2905,Laptop,Windows 11,32,12.0,0,3,4,3,Yes,Active,1,3999.8,5.4,1,Fully Patched,Low Risk
DEV-2906,Tablet,Windows 11,22,7.0,4,16,1,2,Yes,Outdated,0,197.9,4.9,0,Fully Patched,Low Risk
DEV-2907,Desktop,Windows 11,66,27.0,28,3,4,6,Yes,Active,0,3250.8,6.6,0,Partially Patched,High Risk
DEV-2908,Laptop,Windows 10,40,14.0,4,2,4,4,Yes,Active,0,776.4,4.2,1,Outdated,Medium Risk
DEV-2909,Laptop,Windows 10,38,13.0,4,1,2,2,Yes,Disabled,1,1228.3,6.6,0,Fully Patched,Low Risk
DEV-2910,Laptop,macOS,48,16.0,3,6,3,2,Yes,Outdated,0,2424.9,8.4,0,Partially Patched,Low Risk
DEV-2911,IoT_Gateway,Embedded Linux,55,26.0,4,3,4,8,No,Active,0,142.5,5.7,1,Outdated,High Risk
DEV-2912,Tablet,Android,55,23.0,33,2,4,4,Yes,Active,0,885.7,4.9,0,Partially Patched,High Risk
DEV-2913,Desktop,Windows 11,51,20.0,2,4,6,7,Yes,Active,0,1999.4,5.3,1,Outdated,Medium Risk
DEV-2914,Desktop,Windows 11,60,27.0,13,3,7,5,Yes,Active,1,1703.2,7.9,0,Partially Patched,High Risk
DEV-2915,Smartphone,iOS,8,0.0,6,5,8,4,Yes,Outdated,2,1367.0,5.8,0,Partially Patched,Medium Risk
DEV-2916,IoT_Gateway,Embedded Linux,68,30.0,4,6,9,6,Yes,Active,0,1026.7,4.3,0,Outdated,High Risk
DEV-2917,Server,Ubuntu Linux,72,30.0,0,6,6,8,Yes,Active,0,9186.6,7.1,0,Outdated,Medium Risk
DEV-2918,Desktop,macOS,9,5.0,3,6,1,0,No,Active,0,501.3,4.1,0,Fully Patched,Low Risk
DEV-2919,Desktop,Windows 11,2,4.0,2,2,0,5,Yes,Active,1,1247.6,5.0,0,Outdated,Low Risk
DEV-2920,Smartphone,iOS,70,36.0,2,2,7,7,Yes,Active,1,561.7,6.0,0,Outdated,Medium Risk
DEV-2921,Laptop,Windows 10,59,26.0,6,6,4,5,No,Active,1,2254.2,3.9,0,Outdated,Medium Risk
DEV-2922,Server,RedHat Linux,19,8.0,1,10,4,3,Yes,Active,1,1800.1,1.9,0,Fully Patched,Low Risk
DEV-2923,Desktop,macOS,28,8.0,2,1,2,1,No,Active,0,278.5,6.4,0,Partially Patched,Low Risk
DEV-2924,Smartphone,Android,72,21.0,6,6,5,4,Yes,Active,0,1730.9,1.1,1,Partially Patched,Medium Risk
DEV-2925,Laptop,Windows 11,14,8.0,5,1,3,3,Yes,Active,1,986.0,3.6,0,Fully Patched,Low Risk
DEV-2926,Server,RedHat Linux,24,6.0,6,17,1,5,Yes,Active,0,3683.0,7.1,1,Partially Patched,Medium Risk
DEV-2927,Desktop,Windows 11,44,9.0,27,12,3,3,Yes,Outdated,1,1186.6,6.3,0,Partially Patched,High Risk
DEV-2928,Server,RedHat Linux,56,22.0,3,27,6,3,Yes,Active,2,3797.7,5.2,4,Partially Patched,High Risk
DEV-2929,Laptop,Ubuntu Linux,51,23.0,1,3,5,4,Yes,Active,7,1339.0,3.7,0,Partially Patched,High Risk
DEV-2930,Server,Ubuntu Linux,32,17.0,4,5,5,4,Yes,Active,1,5445.1,4.6,1,Partially Patched,Medium Risk
DEV-2931,Server,Ubuntu Linux,50,26.0,7,11,5,6,Yes,Outdated,0,5376.4,6.7,0,Outdated,High Risk
DEV-2932,Server,Windows Server,41,21.0,35,7,7,3,Yes,Active,1,1983.1,5.2,3,Partially Patched,High Risk
DEV-2933,Server,Ubuntu Linux,66,32.0,0,5,6,6,Yes,Disabled,0,8308.5,3.0,1,Partially Patched,High Risk
DEV-2934,Smartphone,Android,25,6.0,3,3,4,3,Yes,Active,0,1189.6,3.7,0,Partially Patched,Low Risk
DEV-2935,Smartphone,Android,61,25.0,2,1,7,5,Yes,Outdated,1,533.8,4.6,0,Partially Patched,Medium Risk
DEV-2936,Laptop,Ubuntu Linux,66,30.0,3,4,5,9,Yes,Outdated,0,1546.8,6.2,0,Outdated,High Risk
DEV-2937,Smartphone,Android,42,18.0,3,5,8,4,Yes,Active,0,626.6,5.7,0,Partially Patched,Medium Risk
DEV-2938,Desktop,macOS,65,27.0,3,5,12,5,No,Disabled,0,3513.9,3.0,0,Partially Patched,High Risk
DEV-2939,Laptop,macOS,36,16.0,4,5,4,3,Yes,Active,0,942.2,8.2,0,Fully Patched,Low Risk
DEV-2940,Laptop,Windows 11,9,6.0,3,5,3,4,Yes,Active,1,1312.2,4.0,0,Partially Patched,Low Risk
DEV-2941,Laptop,Windows 10,36,16.0,25,5,6,3,No,Active,1,4808.1,6.4,0,Partially Patched,High Risk
DEV-2942,Smartphone,iOS,38,13.0,4,5,2,2,Yes,Outdated,2,481.0,3.6,1,Partially Patched,Medium Risk
DEV-2943,Smartphone,Android,33,8.0,3,5,5,3,No,Active,0,,10.0,0,Partially Patched,Medium Risk
DEV-2944,Smartphone,iOS,42,17.0,1,4,4,2,Yes,Active,2,557.8,8.2,0,Partially Patched,Medium Risk
DEV-2945,Desktop,Ubuntu Linux,61,26.0,2,5,6,4,Yes,Active,1,3218.8,4.0,0,Outdated,Medium Risk
DEV-2946,Desktop,Windows 10,46,20.0,2,6,4,7,Yes,Active,1,2395.6,5.7,0,Outdated,Medium Risk
DEV-2947,Laptop,Windows 10,61,30.0,3,6,6,7,Yes,Active,0,1194.8,3.4,0,Outdated,Medium Risk
DEV-2948,Laptop,macOS,18,13.0,2,5,5,2,Yes,Active,0,2112.3,4.8,0,Fully Patched,Low Risk
DEV-2949,Desktop,macOS,70,29.0,4,3,5,5,No,Active,0,3580.3,6.3,0,Partially Patched,Medium Risk
DEV-2950,Laptop,Windows 11,15,7.0,5,4,2,2,Yes,Active,0,135.6,7.2,0,Fully Patched,Low Risk
DEV-2951,Laptop,Windows 11,48,23.0,7,6,5,5,Yes,Outdated,1,827.3,3.0,1,Partially Patched,High Risk
DEV-2952,Server,Ubuntu Linux,72,32.0,9,21,6,5,Yes,Disabled,0,4640.1,4.0,2,Partially Patched,High Risk
DEV-2953,Smartphone,Android,13,5.0,2,3,1,2,Yes,Active,2,311.5,7.4,1,Partially Patched,Low Risk
DEV-2954,Tablet,Android,43,21.0,2,2,3,5,No,Outdated,0,1059.0,8.1,0,Partially Patched,Medium Risk
DEV-2955,IoT_Gateway,Embedded Linux,60,25.0,3,9,4,6,Yes,Active,0,596.6,4.0,0,Outdated,Medium Risk
DEV-2956,Server,Ubuntu Linux,57,24.0,3,10,4,5,Yes,Active,5,8591.5,7.4,1,Partially Patched,High Risk
DEV-2957,Desktop,Windows 10,71,32.0,4,5,6,7,Yes,Active,0,1473.6,3.0,3,Outdated,High Risk
DEV-2958,Server,Ubuntu Linux,17,7.0,4,8,2,3,Yes,Outdated,0,10188.8,4.9,0,Partially Patched,Low Risk
DEV-2959,Smartphone,iOS,50,22.0,3,3,5,4,Yes,Active,0,561.1,3.2,2,Partially Patched,Medium Risk
DEV-2960,Laptop,Windows 10,32,15.0,3,2,2,3,Yes,Active,0,2342.7,4.7,1,Partially Patched,Low Risk
DEV-2961,Desktop,Windows 11,22,14.0,3,3,2,2,No,Outdated,0,1035.4,9.3,4,Fully Patched,Medium Risk
DEV-2962,Smartphone,Android,55,26.0,6,4,6,5,Yes,Disabled,0,388.9,5.4,0,Outdated,Medium Risk
DEV-2963,Desktop,Windows 10,57,25.0,7,2,5,5,Yes,Active,1,320.4,4.9,0,Outdated,High Risk
DEV-2964,Server,RedHat Linux,13,0.0,31,11,0,2,Yes,Outdated,0,6588.7,4.4,0,Partially Patched,Medium Risk
DEV-2965,Server,Ubuntu Linux,47,21.0,3,17,3,5,No,Active,0,6394.1,4.9,1,Outdated,High Risk
DEV-2966,Laptop,Ubuntu Linux,62,28.0,4,14,5,5,Yes,Active,1,649.3,3.9,1,Outdated,High Risk
DEV-2967,Desktop,Windows 10,54,26.0,5,2,6,4,Yes,Active,1,451.7,5.8,2,Outdated,High Risk
DEV-2968,Laptop,Ubuntu Linux,29,9.0,4,3,2,5,No,Active,0,1087.5,5.4,1,Outdated,Medium Risk
DEV-2969,Laptop,Windows 10,22,2.0,2,5,0,3,Yes,Active,1,1347.8,4.6,0,Fully Patched,Low Risk
DEV-2970,Laptop,Windows 10,65,31.0,1,5,5,5,No,Active,0,1468.7,4.4,0,Outdated,Medium Risk
DEV-2971,Smartphone,iOS,29,8.0,1,16,7,1,No,Active,0,571.5,5.9,0,Partially Patched,Medium Risk
DEV-2972,Laptop,Windows 10,48,26.0,2,5,5,5,Yes,Active,4,1978.4,4.0,4,Partially Patched,High Risk
DEV-2973,Desktop,Windows 10,5,1.0,0,5,0,2,No,Active,1,1093.4,5.0,0,Partially Patched,Low Risk
DEV-2974,Laptop,Windows 11,35,11.0,32,4,5,2,Yes,Active,0,1808.4,4.6,1,Fully Patched,High Risk
DEV-2975,IoT_Gateway,Embedded Linux,71,31.0,2,1,5,5,Yes,Outdated,0,135.0,1.1,0,Partially Patched,Medium Risk
DEV-2976,Laptop,Windows 11,46,22.0,4,6,5,5,Yes,Active,0,1454.0,7.2,0,Partially Patched,Medium Risk
DEV-2977,Desktop,Windows 11,35,18.0,3,2,3,4,No,Outdated,0,1521.3,1.8,0,Partially Patched,Medium Risk
DEV-2978,IoT_Gateway,Embedded Linux,45,22.0,2,1,3,6,No,Active,0,215.3,2.0,0,Outdated,Medium Risk
DEV-2979,Smartphone,Android,13,4.0,1,4,1,2,No,Active,2,666.3,7.3,2,Fully Patched,Low Risk
DEV-2980,Laptop,Ubuntu Linux,10,0.0,2,5,0,0,No,Active,1,425.5,3.3,0,Fully Patched,Low Risk
DEV-2981,Smartphone,Android,66,26.0,3,12,4,4,Yes,Disabled,1,507.6,1.3,0,Partially Patched,High Risk
DEV-2982,Desktop,Windows 10,70,25.0,7,6,8,7,No,Active,0,208.4,8.2,4,Outdated,High Risk
DEV-2983,Desktop,macOS,72,32.0,6,6,5,7,No,Disabled,0,648.9,4.2,0,Outdated,High Risk
DEV-2984,Laptop,Windows 10,25,15.0,4,4,4,4,No,Active,1,1262.0,7.9,0,Outdated,Medium Risk
DEV-2985,Laptop,Windows 11,44,20.0,1,1,3,4,Yes,Disabled,1,1408.4,3.7,0,Outdated,Medium Risk
DEV-2986,Smartphone,iOS,60,25.0,2,2,8,7,Yes,Disabled,0,429.1,2.2,2,Outdated,High Risk
DEV-2987,Desktop,Windows 10,47,19.0,3,3,9,7,Yes,Outdated,0,824.3,4.9,0,Outdated,High Risk
DEV-2988,Desktop,Windows 10,40,21.0,4,3,4,6,Yes,Active,1,2407.8,3.1,0,Partially Patched,Medium Risk
DEV-2989,Smartphone,iOS,7,0.0,1,6,1,2,Yes,Active,4,441.3,6.3,0,Fully Patched,Low Risk
DEV-2990,Smartphone,iOS,46,15.0,5,2,4,3,No,Active,0,1971.4,6.9,3,Fully Patched,Medium Risk
DEV-2991,Laptop,Windows 10,23,18.0,1,5,3,6,Yes,Outdated,0,1980.5,7.4,0,Partially Patched,Low Risk
DEV-2992,Server,Ubuntu Linux,46,15.0,29,15,4,4,Yes,Active,0,8819.8,4.9,0,Outdated,High Risk
DEV-2993,Laptop,Windows 10,13,9.0,34,5,5,7,Yes,Active,0,753.1,8.3,0,Outdated,High Risk
DEV-2994,Smartphone,Android,21,13.0,1,6,2,5,Yes,Outdated,3,689.9,3.6,0,Outdated,Medium Risk
DEV-2995,Server,Windows Server,1,0.0,3,15,2,3,No,Active,0,3194.0,5.8,0,Partially Patched,Low Risk
DEV-2996,Tablet,Android,19,2.0,4,3,0,2,Yes,Active,2,460.4,5.2,1,Fully Patched,Low Risk
DEV-2997,Laptop,Windows 11,60,31.0,5,6,6,6,No,Active,1,728.6,9.4,2,Outdated,High Risk
DEV-2998,Laptop,macOS,33,11.0,2,6,2,8,Yes,Outdated,0,1808.1,7.9,0,Outdated,Medium Risk
DEV-2999,Laptop,Windows 10,4,0.0,2,2,0,2,No,Active,0,1135.7,5.6,0,Fully Patched,Low Risk
DEV-3000,Laptop,Windows 11,3,1.0,4,1,0,3,Yes,Disabled,2,898.6,5.9,0,Fully Patched,Low Risk
DEV-3001,Laptop,Windows 10,52,18.0,5,6,3,3,Yes,Disabled,1,1514.8,8.6,0,Partially Patched,Medium Risk
DEV-3002,IoT_Gateway,FreeRTOS,28,15.0,7,1,4,3,No,Active,2,173.6,4.0,1,Fully Patched,Medium Risk
DEV-3003,Laptop,Windows 11,70,25.0,5,2,4,7,Yes,Active,0,3942.4,1.4,0,Outdated,Medium Risk
DEV-3004,Laptop,macOS,70,22.0,1,12,4,5,Yes,Active,6,878.7,3.6,0,Partially Patched,High Risk
DEV-3005,Smartphone,Android,55,28.0,2,6,5,7,Yes,Outdated,0,150.1,4.7,0,Outdated,High Risk
DEV-3006,Desktop,macOS,57,20.0,2,3,3,7,Yes,Active,3,1416.5,8.2,0,Outdated,Medium Risk
DEV-3007,Smartphone,iOS,16,5.0,2,4,2,4,No,Active,0,475.3,7.6,0,Partially Patched,Low Risk
DEV-3008,Laptop,Windows 11,24,14.0,6,1,2,6,No,Active,2,1203.0,5.4,0,Outdated,Medium Risk
DEV-3009,Desktop,Windows 10,69,29.0,6,3,7,4,No,Active,1,744.0,6.4,1,Partially Patched,High Risk
DEV-3010,Laptop,Windows 11,41,22.0,6,6,4,5,Yes,Active,1,1121.0,4.1,0,Partially Patched,Medium Risk
DEV-3011,Laptop,Windows 10,47,24.0,3,13,6,6,Yes,Active,2,1214.6,9.7,2,Partially Patched,High Risk
DEV-3012,IoT_Gateway,Embedded Linux,69,27.0,2,5,4,5,Yes,Active,1,549.5,7.9,0,Partially Patched,Medium Risk
DEV-3013,Laptop,Windows 10,31,18.0,3,3,4,5,Yes,Active,0,2453.2,5.6,0,Partially Patched,Low Risk
DEV-3014,Desktop,Windows 11,30,14.0,5,14,3,6,No,Disabled,0,673.9,5.4,0,Outdated,High Risk
DEV-3015,Desktop,Windows 11,18,6.0,3,5,1,4,No,Active,0,3299.4,6.9,0,Partially Patched,Low Risk
DEV-3016,Laptop,Windows 11,44,20.0,6,6,5,6,Yes,Outdated,0,2121.2,5.4,0,Outdated,Medium Risk
DEV-3017,IoT_Gateway,Embedded Linux,27,7.0,2,9,3,2,No,Active,1,572.0,1.9,0,Fully Patched,Medium Risk
DEV-3018,Laptop,Windows 10,26,,2,6,2,4,Yes,Active,0,2360.5,8.6,0,Partially Patched,Low Risk
DEV-3019,Server,Windows Server,60,28.0,7,11,8,6,Yes,Active,2,3660.8,7.8,0,Partially Patched,High Risk
DEV-3020,Tablet,iPadOS,18,9.0,4,1,3,2,Yes,Disabled,4,680.1,6.2,0,Partially Patched,Medium Risk
DEV-3021,Server,Ubuntu Linux,56,16.0,31,12,3,3,Yes,Active,1,7787.8,4.7,1,,High Risk
DEV-3022,IoT_Gateway,FreeRTOS,31,19.0,2,8,3,6,No,Outdated,6,552.8,5.5,0,Partially Patched,High Risk
DEV-3023,Laptop,Windows 10,59,27.0,19,6,5,7,No,Disabled,1,980.2,1.0,0,Outdated,High Risk
DEV-3024,Desktop,Ubuntu Linux,2,2.0,4,3,0,1,Yes,Active,4,323.7,3.3,0,Partially Patched,Low Risk
DEV-3025,Laptop,Windows 10,39,16.0,1,3,3,5,No,Active,1,1004.0,9.0,0,Outdated,Medium Risk
DEV-3026,Smartphone,Android,61,24.0,2,6,4,4,No,Active,0,1448.6,6.5,4,Partially Patched,High Risk
DEV-3027,Tablet,Android,63,25.0,3,6,4,8,No,Outdated,0,333.0,1.6,0,Outdated,High Risk
DEV-3028,Laptop,Windows 10,18,12.0,3,6,2,3,Yes,Active,2,1252.6,3.8,0,Partially Patched,Low Risk
DEV-3029,Server,Ubuntu Linux,17,6.0,4,9,1,4,Yes,Active,0,3564.3,1.6,0,Partially Patched,Low Risk
DEV-3030,Laptop,Windows 11,39,16.0,6,15,3,3,Yes,Outdated,1,1869.0,3.9,1,Partially Patched,High Risk
DEV-3031,Server,RedHat Linux,71,29.0,5,9,4,4,Yes,Active,0,3472.3,5.2,0,Outdated,Medium Risk
DEV-3032,Desktop,Windows 10,54,23.0,7,5,5,6,Yes,Active,1,2448.2,8.7,1,Outdated,Medium Risk
DEV-3033,Tablet,iPadOS,35,13.0,7,6,3,3,Yes,Active,2,153.4,7.1,2,Partially Patched,Medium Risk
DEV-3034,Server,Ubuntu Linux,11,5.0,4,14,2,2,No,Disabled,1,5463.2,4.9,1,Fully Patched,Medium Risk
DEV-3035,Laptop,Windows 11,61,27.0,2,5,11,5,Yes,Active,1,723.9,5.0,0,Partially Patched,High Risk
DEV-3036,Laptop,Windows 10,44,15.0,3,4,2,6,Yes,Active,1,2516.3,3.9,0,Outdated,Medium Risk
DEV-3037,Laptop,Ubuntu Linux,68,28.0,4,1,5,9,Yes,Active,0,1161.9,7.7,0,Outdated,Medium Risk
DEV-3038,Laptop,Windows 10,25,19.0,5,2,4,5,Yes,Disabled,1,1291.9,7.9,0,Outdated,Medium Risk
DEV-3039,Laptop,Ubuntu Linux,48,20.0,7,5,3,4,Yes,Active,1,1510.1,2.8,1,Outdated,Medium Risk
DEV-3040,IoT_Gateway,Embedded Linux,32,11.0,4,12,1,1,Yes,Active,0,528.9,2.1,0,Fully Patched,Low Risk
DEV-3041,Server,RedHat Linux,4,0.0,5,13,0,2,Yes,Disabled,0,4413.4,4.9,0,Fully Patched,Low Risk
DEV-3042,Desktop,Windows 11,38,12.0,6,6,2,2,Yes,Active,0,2216.3,5.1,0,Partially Patched,Low Risk
DEV-3043,Laptop,Windows 10,63,33.0,4,1,6,7,Yes,Outdated,0,1504.0,6.0,0,Outdated,Medium Risk
DEV-3044,IoT_Gateway,Embedded Linux,47,24.0,3,6,9,5,No,Active,5,481.6,2.2,1,Partially Patched,High Risk
DEV-3045,Smartphone,Android,1,0.0,3,1,0,2,Yes,Active,1,862.3,4.1,0,Fully Patched,Low Risk
DEV-3046,Laptop,Windows 10,3,4.0,3,6,2,1,Yes,Active,1,1941.3,5.3,2,Partially Patched,Low Risk
DEV-3047,Smartphone,Android,62,31.0,3,6,6,10,Yes,Disabled,0,732.2,3.9,3,Outdated,High Risk
DEV-3048,Desktop,Windows 11,64,27.0,6,2,4,9,Yes,Active,0,703.9,7.2,1,Outdated,Medium Risk
DEV-3049,Laptop,Windows 10,17,6.0,3,1,1,2,Yes,Active,1,879.4,9.2,0,Fully Patched,Low Risk
DEV-3050,Desktop,Windows 11,62,35.0,3,4,8,6,Yes,Outdated,2,1080.2,4.4,2,Partially Patched,High Risk
DEV-3051,Desktop,macOS,35,8.0,3,6,1,5,Yes,Disabled,0,2616.8,7.3,0,Partially Patched,Low Risk
DEV-3052,Laptop,Windows 11,13,17.0,5,2,2,3,No,Active,2,625.1,4.8,0,Partially Patched,Medium Risk
DEV-3053,IoT_Gateway,Embedded Linux,35,16.0,4,9,3,5,No,Active,0,303.2,3.6,0,Partially Patched,Medium Risk
DEV-3054,Smartphone,Android,43,24.0,3,5,4,6,No,Active,1,1150.9,4.1,0,Outdated,Medium Risk
DEV-3055,Server,RedHat Linux,2,0.0,5,18,0,0,Yes,Outdated,2,3455.5,7.0,0,Fully Patched,Low Risk
DEV-3056,Desktop,Windows 10,56,21.0,6,6,5,5,Yes,Active,0,1340.7,4.2,0,Partially Patched,Medium Risk
DEV-3057,Desktop,Windows 11,51,18.0,1,6,3,6,No,Outdated,0,1674.8,4.6,4,Outdated,High Risk
DEV-3058,Server,RedHat Linux,54,23.0,4,12,4,6,No,Active,0,7584.0,3.2,1,Outdated,High Risk
DEV-3059,Desktop,Windows 11,16,9.0,3,5,4,3,Yes,Active,0,1178.8,6.8,1,Partially Patched,Low Risk
DEV-3060,Laptop,Ubuntu Linux,18,13.0,3,2,4,4,Yes,Active,1,1692.8,6.4,0,Outdated,Medium Risk
DEV-3061,Desktop,Ubuntu Linux,7,0.0,5,3,1,0,Yes,Active,2,324.9,8.4,0,Fully Patched,Low Risk
DEV-3062,Smartphone,Android,45,20.0,2,6,4,6,Yes,Active,0,921.0,6.7,0,Partially Patched,Low Risk
DEV-3063,Desktop,Windows 11,36,19.0,2,3,3,3,No,Outdated,0,1818.5,6.3,1,Partially Patched,Medium Risk
DEV-3064,Laptop,Windows 10,41,22.0,2,6,5,5,Yes,Active,0,669.9,6.7,3,Partially Patched,Medium Risk
DEV-3065,Smartphone,Android,42,17.0,4,1,3,3,Yes,Outdated,1,496.5,5.0,1,Partially Patched,Medium Risk
DEV-3066,Laptop,Windows 10,7,3.0,1,6,1,2,Yes,Disabled,1,768.7,5.7,2,Partially Patched,Medium Risk
DEV-3067,Laptop,Windows 11,15,7.0,4,5,2,3,Yes,Active,1,162.9,7.4,0,Fully Patched,Low Risk
DEV-3068,Laptop,Ubuntu Linux,60,26.0,2,6,5,7,Yes,Active,0,424.4,3.9,0,Outdated,Medium Risk
DEV-3069,Laptop,Windows 11,40,23.0,7,7,4,4,Yes,Outdated,0,471.6,8.9,0,Partially Patched,Medium Risk
DEV-3070,Smartphone,Android,37,11.0,39,4,2,2,Yes,Active,0,544.1,6.8,0,Partially Patched,High Risk
DEV-3071,Desktop,Windows 10,66,25.0,5,1,5,5,No,Active,9,780.7,9.5,1,Partially Patched,High Risk
DEV-3072,Laptop,Windows 10,55,18.0,0,1,5,5,Yes,Outdated,2,770.5,3.1,2,Partially Patched,Medium Risk
DEV-3073,IoT_Gateway,Embedded Linux,56,26.0,4,8,5,7,No,Active,0,370.8,3.1,0,Outdated,Medium Risk
DEV-3074,IoT_Gateway,FreeRTOS,44,24.0,6,8,4,5,No,Outdated,1,190.4,6.2,2,Partially Patched,High Risk
DEV-3075,IoT_Gateway,Embedded Linux,57,19.0,2,9,4,6,No,Active,2,1012.8,5.7,0,Partially Patched,High Risk
DEV-3076,Laptop,Windows 10,6,4.0,23,1,5,5,Yes,Active,1,2032.0,4.6,1,Partially Patched,Medium Risk
DEV-3077,Desktop,Windows 11,32,18.0,2,5,3,5,No,Outdated,1,596.4,3.0,0,Outdated,Medium Risk
DEV-3078,Tablet,Android,18,12.0,5,6,4,4,Yes,Active,0,523.5,5.0,0,Outdated,Medium Risk
DEV-3079,Smartphone,Android,68,32.0,3,5,6,9,Yes,Disabled,0,252.8,5.9,1,Outdated,High Risk
DEV-3080,Laptop,Windows 11,7,0.0,4,5,1,6,Yes,Active,1,1441.0,2.9,0,Partially Patched,Low Risk
DEV-3081,Laptop,Windows 11,8,8.0,4,4,4,3,No,Disabled,1,2747.7,4.7,0,Partially Patched,Medium Risk
DEV-3082,Desktop,macOS,64,26.0,24,4,6,5,No,Outdated,3,2358.0,6.3,1,Partially Patched,High Risk
DEV-3083,IoT_Gateway,Embedded Linux,7,9.0,3,14,4,2,Yes,Active,0,138.0,7.1,0,Fully Patched,Low Risk
DEV-3084,Desktop,Windows 11,41,20.0,0,1,3,3,No,Outdated,1,435.2,4.9,2,Partially Patched,Medium Risk
DEV-3085,Desktop,Windows 10,40,14.0,4,5,2,3,Yes,Active,2,1573.8,3.9,2,Partially Patched,Medium Risk
DEV-3086,Laptop,macOS,3,4.0,6,4,1,0,No,Outdated,1,1673.7,5.7,0,Fully Patched,Low Risk
DEV-3087,Server,Ubuntu Linux,17,12.0,5,6,4,4,Yes,Active,0,11225.2,5.1,0,Partially Patched,Low Risk
DEV-3088,Smartphone,Android,66,26.0,4,1,7,5,Yes,Disabled,0,655.2,2.6,0,Outdated,High Risk
DEV-3089,Desktop,Windows 11,52,23.0,0,2,4,3,Yes,Active,1,3147.4,4.6,0,Partially Patched,Low Risk
DEV-3090,Smartphone,Android,22,5.0,5,5,1,2,Yes,Active,0,512.3,4.3,0,Fully Patched,Low Risk
DEV-3091,Tablet,Android,4,5.0,17,1,3,1,No,Active,1,2034.3,5.5,0,Partially Patched,Medium Risk
DEV-3092,Laptop,macOS,6,4.0,3,6,1,2,Yes,Active,2,3947.0,4.0,2,Partially Patched,Low Risk
DEV-3093,Desktop,Windows 11,38,20.0,4,1,4,5,No,active,0,1626.7,4.4,0,Partially Patched,Medium Risk
DEV-3094,Laptop,Windows 11,26,14.0,5,2,4,3,Yes,Active,0,2313.2,5.1,0,Partially Patched,Low Risk
DEV-3095,Smartphone,Android,11,4.0,3,6,1,3,Yes,Active,1,717.5,6.8,1,Partially Patched,Low Risk
DEV-3096,Server,RedHat Linux,17,5.0,24,14,1,2,No,Active,1,7350.0,5.7,1,Partially Patched,High Risk
DEV-3097,Server,Ubuntu Linux,31,10.0,1,15,4,3,Yes,Disabled,6,6587.1,10.0,4,Fully Patched,High Risk
DEV-3098,Smartphone,Android,35,13.0,3,4,2,5,Yes,Active,1,198.4,3.0,1,Partially Patched,Low Risk
DEV-3099,Desktop,Windows 11,16,11.0,4,2,1,2,Yes,Active,0,668.1,7.3,0,Partially Patched,Low Risk
DEV-3100,IoT_Gateway,Embedded Linux,18,2.0,5,7,0,2,No,Disabled,0,153.5,5.3,3,Fully Patched,Medium Risk
DEV-3101,Desktop,Windows 10,62,22.0,6,2,4,5,Yes,Active,2,1796.4,2.7,0,Outdated,Medium Risk
DEV-3102,Laptop,Windows 10,27,16.0,2,4,3,5,Yes,Active,1,2172.2,4.7,1,Outdated,Medium Risk
DEV-3103,Smartphone,Android,35,21.0,3,3,5,5,Yes,Outdated,0,885.0,2.5,0,Outdated,Medium Risk
DEV-3104,Smartphone,Android,45,16.0,1,3,8,4,Yes,Active,5,1500.3,5.7,0,Partially Patched,High Risk
DEV-3105,Laptop,Windows 11,35,11.0,4,1,2,2,Yes,Active,0,1897.2,4.9,1,Partially Patched,Low Risk
DEV-3106,IoT_Gateway,Embedded Linux,28,18.0,2,6,5,5,No,Active,3,50.0,4.1,0,Outdated,High Risk
DEV-3107,IoT_Gateway,Embedded Linux,9,5.0,4,4,0,4,No,Active,0,1069.5,3.4,0,Partially Patched,Low Risk
DEV-3108,Laptop,macOS,15,4.0,3,4,0,5,No,Active,0,878.2,7.5,1,Partially Patched,Low Risk
DEV-3109,Tablet,Windows 11,21,14.0,5,4,3,4,Yes,Active,0,630.3,5.2,0,Partially Patched,Low Risk
DEV-3110,Laptop,Ubuntu Linux,52,24.0,1,3,15,5,Yes,Outdated,2,2815.1,5.9,0,Partially Patched,High Risk
DEV-3111,Laptop,macOS,35,18.0,6,4,7,7,Yes,Outdated,0,1430.4,5.9,0,Outdated,High Risk
DEV-3112,Laptop,Windows 10,51,19.0,4,1,3,4,Yes,Active,2,2229.4,5.7,1,Partially Patched,Medium Risk
DEV-3113,IoT_Gateway,Embedded Linux,55,25.0,30,6,4,5,No,Active,1,747.5,4.8,0,Partially Patched,High Risk
DEV-3114,Server,Ubuntu Linux,44,24.0,5,15,8,8,Yes,Active,1,9631.1,8.5,0,Outdated,High Risk
DEV-3115,Laptop,Windows 10,65,30.0,3,6,5,7,Yes,Active,1,1647.0,10.0,0,Outdated,High Risk
DEV-3116,Desktop,Windows 10,25,15.0,3,12,4,4,No,Disabled,0,520.0,8.4,0,Outdated,High Risk
DEV-3117,Server,RedHat Linux,47,26.0,3,6,4,5,Yes,Active,5,5435.9,5.5,0,Partially Patched,Medium Risk
DEV-3118,Laptop,macOS,56,26.0,1,2,5,4,Yes,Disabled,1,1257.9,5.4,1,Outdated,Medium Risk
DEV-3119,IoT_Gateway,Embedded Linux,38,14.0,5,6,3,6,No,Active,0,669.1,7.7,0,Outdated,Medium Risk
DEV-3120,Smartphone,Android,11,9.0,4,1,2,4,Yes,Disabled,4,685.5,4.0,0,Outdated,Medium Risk
DEV-3121,Desktop,Ubuntu Linux,67,24.0,38,3,6,4,No,Outdated,2,1915.4,8.9,0,Outdated,High Risk
DEV-3122,Tablet,Android,15,7.0,1,5,1,2,Yes,Active,1,50.0,7.1,1,Partially Patched,Low Risk
DEV-3123,Desktop,Windows 10,1,4.0,1,6,1,1,Yes,Active,1,2632.5,4.9,1,Partially Patched,Low Risk
DEV-3124,Tablet,Windows 11,7,0.0,1,6,0,2,Yes,Active,0,1268.8,6.1,0,Partially Patched,Low Risk
DEV-3125,Server,RedHat Linux,1,3.0,4,5,0,1,Yes,Active,1,4030.9,6.8,0,Fully Patched,Low Risk
DEV-3126,Server,RedHat Linux,49,22.0,5,15,3,4,Yes,Active,2,8088.6,4.6,1,Partially Patched,High Risk
DEV-3127,Laptop,Windows 11,29,9.0,6,3,1,5,Yes,Active,0,859.3,7.6,2,Partially Patched,Medium Risk
DEV-3128,IoT_Gateway,Embedded Linux,26,13.0,3,5,2,4,No,Outdated,0,406.4,8.0,0,Partially Patched,Low Risk
DEV-3129,Desktop,macOS,45,20.0,4,3,8,6,No,Active,0,2329.3,5.0,0,Partially Patched,Medium Risk
DEV-3130,Laptop,Windows 10,71,30.0,8,4,5,7,No,Active,0,1846.1,4.5,1,Outdated,High Risk
DEV-3131,Laptop,Windows 10,12,11.0,1,3,2,3,No,Disabled,1,3116.2,5.3,0,Partially Patched,Medium Risk
DEV-3132,Server,Ubuntu Linux,32,18.0,2,11,4,4,Yes,Active,0,,3.2,0,Outdated,Medium Risk
DEV-3133,Desktop,Windows 11,20,12.0,6,5,3,4,Yes,Outdated,0,843.3,2.2,0,Partially Patched,Medium Risk
DEV-3134,Smartphone,iOS,51,18.0,4,3,4,7,Yes,Active,0,758.9,4.6,3,Outdated,Medium Risk
DEV-3135,IoT_Gateway,Embedded Linux,36,16.0,5,9,3,2,No,Active,0,151.5,3.6,1,Partially Patched,Low Risk
DEV-3136,Laptop,Windows 10,67,33.0,5,1,6,5,Yes,Active,1,1723.7,9.0,0,Outdated,High Risk
DEV-3137,Smartphone,Android,1,1.0,6,4,0,4,Yes,Active,3,50.0,4.6,0,Partially Patched,Low Risk
DEV-3138,Laptop,Windows 10,27,19.0,4,5,6,3,Yes,Active,0,1032.1,6.4,0,Partially Patched,Medium Risk
DEV-3139,IoT_Gateway,FreeRTOS,40,20.0,3,8,5,4,Yes,Active,0,327.3,4.2,0,Partially Patched,Low Risk
DEV-3140,Smartphone,Android,14,14.0,4,5,3,2,Yes,Active,0,412.6,9.1,0,Partially Patched,Low Risk
DEV-3141,Desktop,Windows 11,69,25.0,2,5,4,6,Yes,Active,0,1328.5,5.1,0,Partially Patched,Medium Risk
DEV-3142,Smartphone,Android,6,3.0,3,5,1,0,Yes,Active,0,367.9,3.0,0,Fully Patched,Low Risk
DEV-3143,Laptop,macOS,33,14.0,6,5,3,3,Yes,Active,0,1591.7,6.8,0,Fully Patched,Low Risk
DEV-3144,Desktop,Windows 10,55,26.0,2,2,4,5,Yes,Active,1,1384.6,6.0,1,Outdated,Medium Risk
DEV-3145,Smartphone,iOS,19,6.0,2,3,1,2,No,Disabled,0,321.7,7.9,1,Partially Patched,Medium Risk
DEV-3146,Desktop,Windows 10,29,7.0,2,6,4,1,No,Active,3,586.6,5.2,0,Partially Patched,Medium Risk
DEV-3147,Desktop,macOS,61,27.0,3,5,6,5,Yes,Outdated,0,753.8,5.7,1,Outdated,Medium Risk
DEV-3148,Desktop,Windows 10,70,28.0,5,6,4,5,Yes,Active,0,1114.0,2.5,0,Partially Patched,Medium Risk
DEV-3149,Smartphone,Android,24,9.0,6,1,2,5,Yes,Active,6,,7.2,0,Partially Patched,Medium Risk
DEV-3150,Laptop,Windows 11,23,8.0,2,6,1,2,No,Active,0,2106.4,5.6,0,Partially Patched,Low Risk
DEV-3151,Laptop,Windows 11,10,6.0,8,6,2,2,Yes,Active,3,3345.3,5.3,0,Partially Patched,Medium Risk
DEV-3152,Smartphone,iOS,54,19.0,4,3,4,6,No,Active,1,1662.0,5.0,2,Outdated,High Risk
DEV-3153,Smartphone,iOS,41,17.0,5,6,3,3,Yes,Active,0,525.3,4.9,0,Partially Patched,Low Risk
DEV-3154,Laptop,Windows 10,49,18.0,2,4,7,5,No,Active,0,2722.4,7.2,0,Outdated,Medium Risk
DEV-3155,Laptop,Windows 11,17,6.0,3,4,4,2,No,Active,2,1858.7,3.6,0,Partially Patched,Medium Risk
DEV-3156,Laptop,Windows 11,56,25.0,3,5,7,5,Yes,Active,1,776.4,7.0,0,Partially Patched,Medium Risk
DEV-3157,Laptop,macOS,45,22.0,3,2,4,4,Yes,Disabled,1,395.0,2.3,0,Partially Patched,Medium Risk
DEV-3158,Desktop,Windows 10,30,12.0,3,2,2,4,No,Active,0,783.6,1.7,0,Outdated,Low Risk
DEV-3159,Smartphone,Android,44,23.0,32,3,4,5,No,Active,1,423.1,8.3,0,Partially Patched,High Risk
DEV-3160,Server,RedHat Linux,55,20.0,5,5,4,5,No,Active,1,6142.7,3.5,0,Outdated,Medium Risk
DEV-3161,Server,Ubuntu Linux,19,3.0,3,9,3,1,No,Active,1,6582.1,5.7,0,Partially Patched,Low Risk
DEV-3162,Desktop,Windows 11,29,8.0,18,4,1,3,No,Active,0,559.9,5.0,1,Fully Patched,Medium Risk
DEV-3163,Smartphone,Android,2,0.0,3,5,2,1,No,Disabled,1,794.3,6.2,0,Fully Patched,Medium Risk
DEV-3164,Desktop,Windows 11,36,11.0,3,1,2,1,Yes,Active,0,1414.4,5.6,1,Partially Patched,Low Risk
DEV-3165,Tablet,Windows 11,19,17.0,4,6,3,5,Yes,Active,0,620.8,7.6,0,Outdated,Medium Risk
DEV-3166,Server,Ubuntu Linux,7,0.0,4,15,1,3,No,Active,0,5792.2,2.6,0,Partially Patched,Low Risk
DEV-3167,Laptop,Windows 11,26,16.0,8,4,2,4,Yes,Active,1,2121.1,6.8,0,Outdated,Medium Risk
DEV-3168,Smartphone,Android,38,17.0,3,3,3,3,Yes,Active,0,1687.0,5.4,3,Fully Patched,Medium Risk
DEV-3169,Laptop,macOS,3,4.0,1,6,3,2,No,Active,0,2124.9,2.4,0,Partially Patched,Low Risk
DEV-3170,Smartphone,Android,66,24.0,3,2,5,7,Yes,Active,1,2630.6,4.4,1,Outdated,Medium Risk
DEV-3171,Laptop,Windows 10,71,31.0,5,1,5,6,Yes,Active,2,1768.2,2.3,1,Outdated,High Risk
DEV-3172,Laptop,Windows 11,43,15.0,2,1,6,7,Yes,ACTIVE,1,1511.9,2.2,0,Outdated,Medium Risk
DEV-3173,IoT_Gateway,Embedded Linux,62,30.0,5,2,5,7,No,Active,0,216.2,4.6,0,Outdated,Medium Risk
DEV-3174,Laptop,Windows 10,71,34.0,5,5,6,6,Yes,Active,1,3000.9,7.9,0,Outdated,High Risk
DEV-3175,Smartphone,iOS,24,11.0,3,2,1,4,Yes,Active,1,297.3,6.1,0,Partially Patched,Low Risk
DEV-3176,Laptop,macOS,39,17.0,4,5,3,5,No,Active,0,2879.1,8.1,0,Outdated,Medium Risk
DEV-3177,Server,Ubuntu Linux,68,30.0,4,12,5,6,Yes,Outdated,1,3839.2,5.7,1,Outdated,High Risk
DEV-3178,Smartphone,Android,44,21.0,2,6,5,9,Yes,Active,1,707.5,8.6,1,Outdated,High Risk
DEV-3179,Desktop,Ubuntu Linux,5,8.0,1,3,8,3,Yes,Active,2,1796.8,8.4,2,Fully Patched,Medium Risk
DEV-3180,Laptop,Windows 11,55,27.0,4,13,7,5,Yes,Active,0,830.6,3.6,0,Outdated,Medium Risk
DEV-3181,Laptop,macOS,30,13.0,6,6,3,2,No,Active,3,1542.3,5.6,0,Fully Patched,Medium Risk
DEV-3182,Laptop,Windows 11,29,11.0,3,1,3,3,Yes,Active,0,1940.1,4.1,0,Partially Patched,Low Risk
DEV-3183,Laptop,Ubuntu Linux,26,15.0,3,1,3,3,Yes,Active,0,749.0,5.2,0,Partially Patched,Low Risk
DEV-3184,Server,RedHat Linux,26,11.0,1,12,2,4,Yes,Active,0,3712.6,8.8,0,Outdated,Low Risk
DEV-3185,IoT_Gateway,FreeRTOS,37,17.0,4,4,4,5,No,Active,1,1013.1,4.2,0,Partially Patched,Medium Risk
DEV-3186,IoT_Gateway,Embedded Linux,53,25.0,6,8,9,8,No,Active,1,439.1,3.1,0,Outdated,High Risk
DEV-3187,Smartphone,Android,30,17.0,6,3,2,3,No,Disabled,0,1030.1,3.3,1,Partially Patched,Medium Risk
DEV-3188,Smartphone,iOS,3,4.0,7,6,1,0,Yes,Active,0,403.3,4.7,0,Fully Patched,Low Risk
DEV-3189,Server,Ubuntu Linux,43,16.0,5,17,3,5,Yes,Outdated,0,6680.2,10.0,0,Outdated,Medium Risk
DEV-3190,Laptop,Windows 11,7,11.0,5,3,2,2,Yes,Active,4,1435.3,8.4,1,Partially Patched,Medium Risk
DEV-3191,IoT_Gateway,Embedded Linux,49,27.0,4,3,5,7,No,Disabled,1,107.6,1.0,0,Outdated,High Risk
DEV-3192,Smartphone,iOS,41,14.0,2,5,3,4,Yes,Outdated,0,3094.4,5.4,0,Partially Patched,Low Risk
DEV-3193,Server,Windows Server,54,19.0,4,9,3,4,Yes,Active,0,7058.9,4.2,0,Partially Patched,Low Risk
DEV-3194,Laptop,Windows 11,69,26.0,4,2,5,6,Yes,Disabled,2,,7.5,1,Outdated,High Risk
DEV-3195,Desktop,macOS,27,16.0,4,2,4,4,Yes,Outdated,0,1828.4,3.1,0,Partially Patched,Low Risk
DEV-3196,Desktop,Windows 10,8,12.0,1,3,3,4,Yes,Active,1,733.7,3.4,0,Partially Patched,Low Risk
DEV-3197,IoT_Gateway,Embedded Linux,32,12.0,3,9,5,3,No,Disabled,1,178.3,4.4,4,Fully Patched,High Risk
DEV-3198,Desktop,Windows 11,64,,3,1,5,5,Yes,Active,1,1026.4,4.1,1,Partially Patched,Medium Risk
DEV-3199,Desktop,Windows 11,10,2.0,4,4,0,2,Yes,Active,0,1850.1,6.8,1,Partially Patched,Low Risk
DEV-3200,Tablet,Android,13,14.0,3,2,2,4,Yes,Disabled,1,401.0,4.8,0,Partially Patched,Medium Risk
DEV-3201,Laptop,Ubuntu Linux,63,30.0,4,1,5,6,No,Outdated,0,1344.2,7.5,0,Partially Patched,Medium Risk
DEV-3202,Desktop,Windows 10,35,12.0,3,3,2,3,No,Active,1,1626.8,3.9,4,Fully Patched,Medium Risk
DEV-3203,Laptop,Windows 10,61,17.0,13,4,3,4,Yes,Active,0,1590.5,7.2,0,Partially Patched,Medium Risk
DEV-3204,Smartphone,iOS,54,27.0,3,2,6,4,Yes,Active,3,536.0,3.2,0,Outdated,Medium Risk
DEV-3205,IoT_Gateway,Embedded Linux,8,2.0,19,14,0,0,Yes,Active,1,119.6,6.7,3,Fully Patched,Medium Risk
DEV-3206,Laptop,macOS,29,16.0,2,1,5,9,Yes,Active,1,2248.9,4.5,0,Outdated,Medium Risk
DEV-3207,IoT_Gateway,Embedded Linux,41,19.0,2,3,3,4,No,Active,0,626.0,7.3,0,Outdated,Medium Risk
DEV-3208,Laptop,macOS,30,6.0,4,3,1,3,Yes,Outdated,2,786.1,1.0,0,Partially Patched,Low Risk
DEV-3209,IoT_Gateway,Embedded Linux,21,7.0,30,3,1,1,No,Active,0,572.8,3.9,0,Partially Patched,Medium Risk
DEV-3210,Smartphone,iOS,11,4.0,4,1,4,2,Yes,Active,1,337.8,7.8,0,Fully Patched,Low Risk
DEV-3211,Smartphone,Android,2,0.0,1,5,0,4,Yes,active,0,888.9,5.1,1,Outdated,Low Risk
DEV-3212,Laptop,Windows 11,50,22.0,6,6,4,3,Yes,Disabled,0,1687.9,2.1,0,Fully Patched,Medium Risk
DEV-3213,Tablet,iPadOS,41,20.0,2,6,3,7,Yes,Active,0,1102.6,4.1,0,Outdated,Medium Risk
DEV-3214,Smartphone,Android,66,35.0,3,3,7,7,Yes,Active,0,195.0,6.3,2,Outdated,High Risk
DEV-3215,Laptop,Windows 10,3,5.0,1,6,2,5,Yes,Active,1,1678.9,3.9,2,Partially Patched,Low Risk
DEV-3216,Smartphone,Android,51,28.0,1,5,5,6,Yes,Outdated,0,463.7,7.8,0,Partially Patched,Medium Risk
DEV-3217,Laptop,Windows 10,68,27.0,4,13,6,6,No,Active,0,2300.2,7.7,0,Partially Patched,High Risk
DEV-3218,IoT_Gateway,Embedded Linux,25,16.0,4,2,3,5,No,Disabled,0,384.7,6.8,4,Outdated,High Risk
DEV-3219,Laptop,Windows 11,30,12.0,7,6,2,4,Yes,Active,0,1655.8,7.6,0,Partially Patched,Low Risk
DEV-3220,Smartphone,Android,11,2.0,2,2,2,2,No,Active,1,344.3,4.5,0,Partially Patched,Low Risk
DEV-3221,Desktop,Windows 10,17,4.0,8,3,5,1,Yes,Outdated,2,1938.1,8.5,0,Partially Patched,Medium Risk
DEV-3222,Laptop,Windows 11,26,1.0,3,4,1,0,Yes,Active,0,869.3,7.7,0,Fully Patched,Low Risk
DEV-3223,Laptop,Windows 11,23,14.0,5,4,2,4,Yes,Active,0,545.9,5.2,0,Outdated,Low Risk
DEV-3224,Laptop,Windows 11,56,19.0,4,1,3,5,Yes,Active,0,939.5,2.2,0,Partially Patched,Low Risk
DEV-3225,Desktop,Windows 11,52,28.0,3,2,8,7,Yes,Outdated,1,1000.9,1.0,0,Outdated,High Risk
DEV-3226,Laptop,Windows 10,48,20.0,5,2,3,7,Yes,Active,1,1115.5,7.5,1,Outdated,Medium Risk
DEV-3227,Server,Windows Server,20,3.0,2,15,2,5,Yes,Outdated,1,5934.5,2.3,0,Partially Patched,Low Risk
DEV-3228,Laptop,Windows 11,2,0.0,2,3,1,2,Yes,Disabled,0,1439.7,3.7,0,Partially Patched,Low Risk
DEV-3229,Laptop,Windows 10,31,15.0,24,1,3,3,No,Active,1,1680.0,6.5,1,Partially Patched,High Risk
DEV-3230,Smartphone,Android,27,5.0,32,2,1,3,No,Active,0,636.7,2.9,0,Partially Patched,Medium Risk
DEV-3231,Laptop,Windows 10,2,5.0,7,1,0,3,Yes,Active,0,853.6,10.0,1,Fully Patched,Low Risk
DEV-3232,IoT_Gateway,Embedded Linux,4,0.0,2,7,1,1,No,Active,1,430.8,6.0,0,Partially Patched,Low Risk
DEV-3233,IoT_Gateway,Embedded Linux,13,4.0,3,1,7,0,Yes,Active,0,147.6,8.5,0,Fully Patched,Low Risk
DEV-3234,Server,RedHat Linux,35,16.0,7,15,2,5,Yes,Active,1,6187.2,7.6,0,Outdated,Medium Risk
DEV-3235,Server,Ubuntu Linux,72,32.0,4,7,6,6,Yes,Active,2,8855.3,1.0,1,Partially Patched,High Risk
DEV-3236,IoT_Gateway,Embedded Linux,66,31.0,3,8,6,5,No,Outdated,5,200.7,7.0,0,Outdated,High Risk
DEV-3237,Laptop,Windows 10,6,0.0,5,6,0,2,Yes,Active,0,696.7,5.5,3,,Low Risk
DEV-3238,Laptop,Windows 11,31,13.0,4,5,3,3,Yes,Active,1,634.5,5.4,1,Partially Patched,Low Risk
DEV-3239,Laptop,Windows 11,10,10.0,3,5,3,3,Yes,Disabled,4,827.9,5.4,0,Partially Patched,Medium Risk
DEV-3240,Smartphone,iOS,21,9.0,3,1,4,4,Yes,Outdated,0,242.0,7.6,2,Outdated,Medium Risk
DEV-3241,Laptop,Windows 10,23,12.0,3,6,2,2,Yes,Active,0,2513.3,8.8,0,Partially Patched,Low Risk
DEV-3242,Server,RedHat Linux,3,3.0,2,12,3,3,Yes,Disabled,0,5319.4,3.1,0,Fully Patched,Medium Risk
DEV-3243,Tablet,Windows 11,32,20.0,3,4,4,5,Yes,Disabled,0,2173.9,5.7,0,Outdated,Medium Risk
DEV-3244,IoT_Gateway,Embedded Linux,20,8.0,7,4,2,1,No,Disabled,0,242.4,8.3,0,Fully Patched,Medium Risk
DEV-3245,Desktop,Windows 10,29,8.0,7,6,1,3,Yes,Active,1,381.7,5.1,0,Partially Patched,Low Risk
DEV-3246,Laptop,macOS,52,18.0,4,6,4,6,Yes,Active,2,1493.2,5.9,0,Outdated,Medium Risk
DEV-3247,Smartphone,iOS,46,21.0,6,4,3,4,Yes,Active,1,531.8,5.9,0,Outdated,Low Risk
DEV-3248,Server,RedHat Linux,34,9.0,3,6,2,2,Yes,Outdated,0,8054.7,9.7,0,Partially Patched,Low Risk
DEV-3249,Laptop,Windows 10,61,24.0,34,5,4,4,Yes,Outdated,0,1210.8,7.0,0,Outdated,High Risk
DEV-3250,Laptop,Windows 11,72,31.0,5,5,8,5,No,Outdated,0,1218.3,9.6,0,Partially Patched,High Risk
DEV-3251,IoT_Gateway,FreeRTOS,71,27.0,6,9,6,6,No,Active,1,390.6,9.0,0,Partially Patched,High Risk
DEV-3252,Server,RedHat Linux,70,31.0,23,8,7,7,Yes,Active,1,4380.6,5.0,0,Outdated,High Risk
DEV-3253,Smartphone,Android,11,9.0,3,13,2,1,Yes,Active,6,458.3,6.1,2,Partially Patched,Medium Risk
DEV-3254,IoT_Gateway,FreeRTOS,63,29.0,4,6,7,6,No,Outdated,1,446.0,9.6,4,Partially Patched,High Risk
DEV-3255,Server,RedHat Linux,21,4.0,4,9,3,1,No,Disabled,1,2771.2,3.2,2,Partially Patched,Medium Risk
DEV-3256,Desktop,Windows 11,3,3.0,4,3,1,1,Yes,Active,0,1211.7,7.0,0,Partially Patched,Low Risk
DEV-3257,Desktop,Windows 10,10,,3,6,1,4,No,Active,1,69.9,7.0,0,Partially Patched,Low Risk
DEV-3258,Laptop,Windows 10,27,11.0,1,4,2,1,Yes,Outdated,0,3039.6,4.9,0,Partially Patched,Low Risk
DEV-3259,Desktop,macOS,12,8.0,6,3,1,5,Yes,Active,1,1304.2,4.7,1,Partially Patched,Low Risk
DEV-3260,Smartphone,Android,7,5.0,4,4,9,2,Yes,Outdated,0,335.2,5.0,0,Partially Patched,Medium Risk
DEV-3261,Server,RedHat Linux,17,8.0,2,7,2,2,Yes,Active,2,8051.0,6.9,0,Fully Patched,Low Risk
DEV-3262,IoT_Gateway,Embedded Linux,65,23.0,2,9,4,4,Yes,Active,1,304.1,8.4,0,Partially Patched,Medium Risk
DEV-3263,Desktop,Windows 11,64,27.0,1,4,6,7,Yes,Outdated,1,725.5,7.0,0,Outdated,High Risk
DEV-3264,Server,Windows Server,26,19.0,4,10,3,5,Yes,Active,1,8400.0,3.0,0,Outdated,Medium Risk
DEV-3265,Server,RedHat Linux,15,6.0,2,20,1,3,Yes,Active,1,7307.0,8.5,0,Partially Patched,Low Risk
DEV-3266,Server,Ubuntu Linux,33,19.0,4,13,3,4,Yes,Active,1,8257.6,7.9,0,Partially Patched,Medium Risk
DEV-3267,Smartphone,Android,62,26.0,9,6,5,6,Yes,Active,4,504.9,5.0,0,Partially Patched,High Risk
DEV-3268,Laptop,macOS,47,17.0,3,1,2,2,No,Active,2,1886.8,4.2,0,Partially Patched,Low Risk
DEV-3269,Desktop,Windows 11,35,14.0,2,6,4,3,No,Active,1,3596.4,3.7,0,Fully Patched,Medium Risk
DEV-3270,Laptop,Windows 11,65,27.0,2,4,5,6,No,Outdated,1,3033.0,7.6,0,Outdated,High Risk
DEV-3271,Desktop,Windows 11,72,33.0,6,15,6,7,Yes,Active,3,1955.6,1.7,3,Outdated,High Risk
DEV-3272,Desktop,Windows 11,25,21.0,3,5,3,5,Yes,Outdated,1,572.4,7.7,1,Outdated,Medium Risk
DEV-3273,Server,RedHat Linux,57,25.0,4,11,4,5,Yes,Disabled,0,7086.8,4.6,0,Partially Patched,Medium Risk
DEV-3274,Tablet,Android,32,9.0,5,1,3,2,No,Active,2,1269.9,6.1,0,Partially Patched,Low Risk
DEV-3275,Server,Ubuntu Linux,63,20.0,7,4,3,5,Yes,Active,1,8863.1,1.0,0,Partially Patched,Medium Risk
DEV-3276,Smartphone,Android,12,5.0,3,3,3,0,Yes,Active,1,693.3,2.0,2,Fully Patched,Low Risk
DEV-3277,Desktop,Windows 11,63,22.0,2,2,4,4,No,Outdated,2,1995.5,4.1,0,Outdated,Medium Risk
DEV-3278,Server,Windows Server,1,4.0,5,6,2,3,No,Disabled,0,3244.6,3.7,0,Partially Patched,Medium Risk
DEV-3279,Laptop,Windows 11,51,,2,3,5,5,Yes,Active,0,1595.2,7.0,0,Outdated,Medium Risk
DEV-3280,Laptop,Ubuntu Linux,70,29.0,4,3,5,7,Yes,Outdated,1,462.2,6.1,2,Outdated,High Risk
DEV-3281,Desktop,Windows 10,8,7.0,3,2,9,5,Yes,Active,0,2400.6,9.4,0,Partially Patched,Medium Risk
DEV-3282,Desktop,Windows 11,68,29.0,2,3,5,5,No,Active,1,2170.9,6.5,1,Partially Patched,Medium Risk
DEV-3283,Laptop,macOS,5,11.0,3,6,5,4,Yes,Active,7,2067.3,4.2,0,Outdated,High Risk
DEV-3284,Laptop,Windows 10,39,20.0,3,1,3,3,No,Active,0,1696.0,7.9,0,Partially Patched,Low Risk
DEV-3285,Laptop,Windows 10,23,14.0,4,2,2,2,No,Active,1,2898.9,4.6,0,Fully Patched,Low Risk
DEV-3286,Tablet,Windows 11,68,23.0,4,4,4,3,No,Active,2,538.4,4.5,1,Partially Patched,High Risk
DEV-3287,Laptop,Windows 11,52,18.0,5,5,4,8,No,Disabled,2,1162.4,5.5,2,Outdated,High Risk
DEV-3288,Desktop,Windows 11,4,5.0,2,5,2,0,No,Active,0,2126.5,8.7,0,Fully Patched,Low Risk
DEV-3289,Laptop,Windows 10,47,14.0,5,6,3,3,Yes,Active,1,581.5,7.6,0,Partially Patched,Medium Risk
DEV-3290,Server,Ubuntu Linux,21,7.0,5,4,3,5,Yes,Disabled,0,6376.7,7.5,0,Outdated,Medium Risk
DEV-3291,Laptop,Windows 11,56,29.0,32,5,7,8,No,Active,0,1171.9,9.4,1,Outdated,High Risk
DEV-3292,Laptop,Windows 11,66,25.0,5,6,6,6,Yes,Active,1,1508.5,7.5,1,Partially Patched,Medium Risk
DEV-3293,Desktop,Windows 11,59,20.0,15,6,3,5,Yes,Active,0,1865.3,3.0,3,Outdated,High Risk
DEV-3294,Laptop,macOS,7,7.0,6,5,1,6,Yes,Active,0,1055.9,6.6,0,Partially Patched,Low Risk
DEV-3295,Laptop,Windows 11,49,29.0,4,5,5,4,Yes,Outdated,0,4268.2,8.7,1,Partially Patched,Medium Risk
DEV-3296,Laptop,Windows 10,16,5.0,4,6,1,2,Yes,Active,0,1842.9,2.5,0,Partially Patched,Low Risk
DEV-3297,Laptop,Windows 10,17,13.0,3,6,2,7,Yes,Disabled,0,1401.7,5.5,0,Outdated,Medium Risk
DEV-3298,Laptop,Windows 10,34,11.0,4,4,2,1,Yes,Active,1,3333.6,3.4,0,Partially Patched,Low Risk
DEV-3299,Laptop,Windows 11,33,14.0,3,5,10,2,Yes,Active,0,1595.5,5.8,1,Partially Patched,Medium Risk
DEV-3300,Smartphone,iOS,26,12.0,31,9,4,3,No,Outdated,1,276.5,7.8,2,Partially Patched,High Risk
DEV-3301,Server,Ubuntu Linux,66,25.0,1,9,7,5,Yes,Active,6,6674.2,8.2,0,Outdated,High Risk
DEV-3302,Desktop,macOS,63,30.0,26,1,8,9,Yes,Active,1,722.6,5.1,1,Outdated,High Risk
DEV-3303,Laptop,macOS,41,12.0,5,1,3,2,Yes,Outdated,2,995.6,6.8,0,Partially Patched,Medium Risk
DEV-3304,IoT_Gateway,Embedded Linux,58,25.0,2,6,4,6,No,Active,0,182.4,2.5,0,Partially Patched,Medium Risk
DEV-3305,Desktop,Windows 10,10,10.0,5,1,3,3,Yes,Active,1,464.5,2.0,1,Partially Patched,Medium Risk
DEV-3306,Laptop,Windows 10,15,11.0,2,4,1,6,Yes,Outdated,0,1562.3,7.7,0,Outdated,Low Risk
DEV-3307,Server,Ubuntu Linux,42,20.0,2,10,3,6,Yes,Active,5,4658.0,1.0,0,Outdated,High Risk
DEV-3308,Laptop,macOS,57,31.0,2,4,5,5,Yes,Active,0,1789.8,4.1,2,Partially Patched,Medium Risk
DEV-3309,Laptop,macOS,17,7.0,2,6,1,2,Yes,Active,0,503.6,6.9,0,Fully Patched,Low Risk
DEV-3310,Desktop,Windows 11,60,19.0,2,5,5,4,No,Active,0,1402.9,5.9,2,Outdated,High Risk
DEV-3311,IoT_Gateway,Embedded Linux,9,6.0,3,5,4,3,No,Active,0,146.3,1.0,1,Partially Patched,Low Risk
DEV-3312,Desktop,Ubuntu Linux,36,15.0,2,1,2,4,Yes,Disabled,0,1333.0,6.6,2,Partially Patched,Medium Risk
DEV-3313,Smartphone,iOS,36,7.0,2,3,1,3,Yes,Active,4,212.7,3.8,0,Partially Patched,Low Risk
DEV-3314,Tablet,Android,48,16.0,35,1,3,6,Yes,Disabled,0,788.3,5.7,4,Outdated,High Risk
DEV-3315,Laptop,Windows 10,51,17.0,2,3,4,5,Yes,Outdated,0,1481.6,4.3,2,Partially Patched,Medium Risk
DEV-3316,Laptop,Windows 11,70,26.0,2,6,4,4,Yes,Active,0,1494.3,4.1,0,Outdated,Medium Risk
DEV-3317,Desktop,Ubuntu Linux,68,27.0,1,2,9,6,No,Active,0,848.5,1.9,2,Partially Patched,High Risk
DEV-3318,Desktop,Windows 11,22,9.0,7,4,1,3,Yes,Active,0,685.9,4.8,1,Partially Patched,Low Risk
DEV-3319,Desktop,Windows 10,6,1.0,3,4,7,1,No,Outdated,0,2073.7,8.0,1,Partially Patched,Medium Risk
DEV-3320,IoT_Gateway,Embedded Linux,26,7.0,0,7,1,5,Yes,Active,1,79.1,4.7,0,Partially Patched,Low Risk
DEV-3321,Smartphone,Android,3,4.0,4,6,1,2,Yes,Active,0,1572.2,4.7,0,Fully Patched,Low Risk
DEV-3322,Server,Ubuntu Linux,52,23.0,4,4,4,9,Yes,Disabled,0,11645.3,4.1,1,Outdated,High Risk
DEV-3323,Laptop,Ubuntu Linux,60,26.0,4,1,5,7,Yes,Outdated,1,1168.6,2.9,0,Outdated,High Risk
DEV-3324,Smartphone,Android,63,34.0,4,2,5,8,No,Outdated,1,1040.6,3.5,0,Outdated,High Risk
DEV-3325,Tablet,iPadOS,65,28.0,5,5,7,6,Yes,Active,0,612.0,5.9,0,Partially Patched,Medium Risk
DEV-3326,Smartphone,Android,52,21.0,4,3,3,7,Yes,Active,0,617.7,10.0,1,Outdated,Medium Risk
DEV-3327,Laptop,Windows 11,14,7.0,4,6,2,3,No,Active,1,1753.3,7.5,0,Fully Patched,Low Risk
DEV-3328,Server,Ubuntu Linux,72,31.0,3,13,5,5,Yes,Active,2,10613.6,6.7,0,Partially Patched,Medium Risk
DEV-3329,Laptop,Windows 10,68,31.0,2,6,5,7,Yes,Active,1,805.8,9.5,1,Outdated,High Risk
DEV-3330,Laptop,Windows 11,28,13.0,2,2,2,5,Yes,Outdated,0,2073.4,6.4,0,Outdated,Low Risk
DEV-3331,Laptop,Windows 11,71,22.0,3,1,9,4,Yes,Active,1,1647.2,7.6,0,Partially Patched,Medium Risk
DEV-3332,Server,Ubuntu Linux,10,4.0,4,12,0,6,Yes,Active,0,5084.6,5.9,0,Partially Patched,Low Risk
DEV-3333,Smartphone,Android,57,24.0,4,5,4,6,No,Active,0,347.6,6.4,3,Outdated,High Risk
DEV-3334,Laptop,Ubuntu Linux,66,33.0,4,6,6,8,Yes,Active,0,1092.2,2.7,0,Outdated,High Risk
DEV-3335,Desktop,Ubuntu Linux,50,18.0,3,6,4,4,Yes,Active,0,630.6,4.9,0,Partially Patched,Medium Risk
DEV-3336,Desktop,Windows 11,14,1.0,3,12,0,2,Yes,Disabled,0,730.9,4.4,1,Partially Patched,Low Risk
DEV-3337,Desktop,Windows 10,16,8.0,5,1,3,1,Yes,Active,0,218.8,4.3,0,Partially Patched,Low Risk
DEV-3338,Laptop,Ubuntu Linux,54,27.0,2,4,5,8,No,Active,0,2797.3,4.2,1,Outdated,High Risk
DEV-3339,Desktop,Windows 11,43,17.0,3,5,3,4,Yes,Active,0,665.3,8.4,0,Outdated,Low Risk
DEV-3340,Smartphone,iOS,42,28.0,5,2,5,7,No,Active,1,500.0,4.8,0,Outdated,High Risk
DEV-3341,Laptop,Ubuntu Linux,22,19.0,3,1,4,4,Yes,Disabled,0,2237.0,5.2,0,Partially Patched,Medium Risk
DEV-3342,Laptop,Windows 11,68,28.0,5,6,5,5,Yes,Active,0,470.0,10.0,0,Outdated,Medium Risk
DEV-3343,Desktop,Windows 11,19,10.0,3,6,2,2,Yes,Outdated,0,469.5,7.1,0,Partially Patched,Low Risk
DEV-3344,IoT_Gateway,FreeRTOS,66,33.0,2,3,5,6,No,Active,1,146.4,5.5,0,Partially Patched,Medium Risk
DEV-3345,Server,RedHat Linux,39,17.0,2,14,4,4,Yes,Active,3,5579.1,7.6,1,Outdated,Medium Risk
DEV-3346,Smartphone,Android,19,6.0,28,4,1,5,No,Active,1,459.8,4.2,0,Outdated,High Risk
DEV-3347,Desktop,Windows 11,16,,5,6,2,4,Yes,Active,1,5555.2,4.7,1,Outdated,Medium Risk
DEV-3348,Server,Ubuntu Linux,54,25.0,1,4,5,6,No,Active,0,5224.8,4.8,0,Outdated,Medium Risk
DEV-3349,Laptop,Windows 10,25,8.0,7,6,1,2,Yes,Active,0,1563.4,6.0,0,Partially Patched,Low Risk
DEV-3350,Server,RedHat Linux,18,10.0,32,11,2,4,Yes,Active,0,4676.4,6.4,1,Partially Patched,High Risk
DEV-3351,IoT_Gateway,FreeRTOS,23,10.0,6,4,2,3,No,Active,1,190.1,3.6,0,Partially Patched,Medium Risk
DEV-3352,Server,Ubuntu Linux,11,4.0,1,13,1,1,Yes,Active,0,4263.2,6.3,0,Fully Patched,Low Risk
DEV-3353,IoT_Gateway,Embedded Linux,39,14.0,3,8,2,3,No,Disabled,5,885.2,6.7,0,Partially Patched,High Risk
DEV-3354,Smartphone,Android,68,29.0,8,3,5,9,Yes,Active,0,1396.6,4.6,0,Outdated,High Risk
DEV-3355,Laptop,Windows 10,25,10.0,3,11,2,2,Yes,Active,0,269.8,5.2,0,Fully Patched,Low Risk
DEV-3356,IoT_Gateway,Embedded Linux,63,28.0,13,3,11,4,No,Active,0,606.4,3.2,1,Outdated,High Risk
DEV-3357,Laptop,Ubuntu Linux,30,17.0,2,5,3,6,Yes,Active,0,1019.0,2.5,0,Outdated,Medium Risk
DEV-3358,Desktop,macOS,45,20.0,2,3,4,6,Yes,Active,1,1950.0,3.2,0,Outdated,Medium Risk
DEV-3359,Laptop,Windows 10,61,27.0,4,6,6,7,Yes,Active,0,431.5,6.9,0,Outdated,High Risk
DEV-3360,Laptop,Windows 10,51,20.0,2,3,5,5,Yes,Disabled,1,677.3,6.5,0,Outdated,High Risk
DEV-3361,Desktop,Windows 11,9,10.0,6,6,3,3,Yes,Disabled,1,3925.9,9.4,0,Partially Patched,Medium Risk
DEV-3362,Laptop,Windows 10,2,,1,4,0,3,Yes,Active,1,1657.5,5.6,0,Partially Patched,Low Risk
DEV-3363,Desktop,Windows 10,5,0.0,4,6,0,1,Yes,Active,1,240.2,5.6,1,Partially Patched,Low Risk
DEV-3364,Server,RedHat Linux,62,22.0,3,22,6,4,No,Active,0,15000.0,6.2,0,Outdated,High Risk
DEV-3365,Laptop,Ubuntu Linux,69,33.0,5,6,6,9,No,Active,0,1036.1,3.4,0,Outdated,High Risk
DEV-3366,Laptop,Windows 10,52,24.0,3,6,4,5,No,Active,0,1651.1,7.3,1,Outdated,Medium Risk
DEV-3367,Server,Ubuntu Linux,5,9.0,3,7,1,3,Yes,Active,1,6388.3,6.3,0,,Low Risk
DEV-3368,Laptop,macOS,59,20.0,1,1,3,5,Yes,Outdated,1,2393.9,3.6,2,Outdated,High Risk
DEV-3369,Smartphone,Android,68,36.0,2,1,9,9,Yes,Outdated,0,334.4,6.2,1,Outdated,High Risk
DEV-3370,Server,Ubuntu Linux,9,4.0,3,6,1,3,Yes,Disabled,1,4621.8,7.0,0,Partially Patched,Medium Risk
DEV-3371,Smartphone,Android,22,3.0,3,5,1,2,Yes,Outdated,4,1982.5,2.8,0,Partially Patched,Medium Risk
DEV-3372,Smartphone,Android,27,21.0,4,1,4,3,Yes,Outdated,0,688.2,7.6,0,Fully Patched,Low Risk
DEV-3373,Desktop,macOS,10,0.0,14,3,0,2,Yes,Active,0,919.4,4.6,1,Fully Patched,Low Risk
DEV-3374,Smartphone,Android,61,24.0,3,4,4,4,No,Outdated,1,481.7,1.0,0,Outdated,High Risk
DEV-3375,Laptop,macOS,51,21.0,5,1,4,9,No,Active,6,1693.8,7.4,0,Outdated,High Risk
DEV-3376,Laptop,Windows 10,10,7.0,3,1,1,3,Yes,Active,0,902.2,8.2,0,Partially Patched,Low Risk
DEV-3377,Smartphone,Android,6,1.0,0,6,0,4,Yes,Active,1,1593.6,3.3,0,Outdated,Low Risk
DEV-3378,Desktop,macOS,62,30.0,3,6,5,9,Yes,Active,0,931.6,2.2,0,Outdated,Medium Risk
DEV-3379,Smartphone,Android,5,7.0,3,3,3,2,Yes,Active,1,558.1,8.2,2,Partially Patched,Low Risk
DEV-3380,Smartphone,Android,70,30.0,5,6,5,7,Yes,Active,1,478.4,4.3,1,Outdated,High Risk
DEV-3381,IoT_Gateway,Embedded Linux,63,32.0,4,8,6,5,No,Active,1,217.9,8.2,1,Partially Patched,High Risk
DEV-3382,IoT_Gateway,Embedded Linux,56,24.0,3,3,6,6,No,Active,2,132.3,1.9,1,Outdated,High Risk
DEV-3383,Desktop,Windows 11,59,24.0,1,2,4,8,No,Active,1,1736.3,8.3,0,Outdated,Medium Risk
DEV-3384,Laptop,Windows 10,63,35.0,2,2,6,6,No,Active,3,1345.8,7.6,3,Outdated,High Risk
DEV-3385,Server,RedHat Linux,59,26.0,3,8,7,9,Yes,Active,0,6232.9,6.6,0,,High Risk
DEV-3386,Desktop,Windows 10,51,18.0,2,1,4,4,No,Active,0,3303.0,1.5,0,Partially Patched,Medium Risk
DEV-3387,Server,Windows Server,50,18.0,4,5,5,3,Yes,Disabled,0,2620.9,4.8,0,Partially Patched,Medium Risk
DEV-3388,Smartphone,Android,4,3.0,3,3,1,1,No,Outdated,0,346.8,7.5,0,Partially Patched,Low Risk
DEV-3389,Smartphone,iOS,48,11.0,3,6,10,2,Yes,Active,0,1127.3,2.1,0,Partially Patched,Medium Risk
DEV-3390,Desktop,Windows 11,32,12.0,2,6,2,2,No,Active,0,1235.0,4.5,1,Partially Patched,Low Risk
DEV-3391,Laptop,Windows 10,51,21.0,6,1,8,7,No,Outdated,6,1469.8,6.3,0,Outdated,High Risk
DEV-3392,Desktop,macOS,52,22.0,6,2,7,4,Yes,Disabled,0,982.9,3.2,0,Outdated,Medium Risk
DEV-3393,Laptop,Windows 10,34,10.0,2,5,2,3,Yes,Active,0,860.9,8.1,1,Fully Patched,Low Risk
DEV-3394,IoT_Gateway,Embedded Linux,36,14.0,5,8,3,2,No,Active,1,138.5,7.7,2,Fully Patched,Medium Risk
DEV-3395,Laptop,Windows 11,70,34.0,2,5,7,5,Yes,Active,3,1633.8,6.0,1,Partially Patched,High Risk
DEV-3396,Laptop,Windows 11,43,23.0,1,5,4,5,Yes,Active,1,,6.4,0,Outdated,Medium Risk
DEV-3397,Laptop,Windows 10,16,8.0,1,12,2,2,Yes,Active,0,2819.5,4.4,4,Partially Patched,Medium Risk
DEV-3398,Server,Ubuntu Linux,59,25.0,0,17,7,6,No,Active,0,5073.5,6.7,0,Partially Patched,High Risk
DEV-3399,Server,Windows Server,53,22.0,3,11,3,7,No,Active,0,1978.7,4.3,0,Outdated,Medium Risk
DEV-3400,Laptop,Windows 11,19,10.0,2,6,5,4,Yes,Active,5,2582.5,5.1,0,Partially Patched,Medium Risk
DEV-3401,Laptop,Ubuntu Linux,41,18.0,2,6,4,6,Yes,Disabled,0,1553.6,4.5,0,Outdated,Medium Risk
DEV-3402,Desktop,Ubuntu Linux,47,22.0,1,3,5,3,No,Outdated,4,4263.0,8.4,0,Fully Patched,Medium Risk
DEV-3403,Laptop,Windows 11,54,25.0,5,5,4,6,Yes,Outdated,1,1817.9,7.9,0,Partially Patched,Medium Risk
DEV-3404,Smartphone,Android,55,19.0,26,4,3,3,No,Active,1,522.9,3.5,0,Fully Patched,High Risk
DEV-3405,Server,Windows Server,19,8.0,4,17,5,2,No,Active,4,4755.1,8.2,0,Partially Patched,High Risk
DEV-3406,Desktop,Ubuntu Linux,62,27.0,7,5,4,5,Yes,Outdated,1,572.0,3.9,0,Partially Patched,Medium Risk
DEV-3407,Laptop,Windows 10,59,21.0,3,2,4,3,Yes,Active,1,1299.9,9.2,0,Fully Patched,Low Risk
DEV-3408,Tablet,Android,65,25.0,2,1,6,5,Yes,Active,0,1158.5,8.6,0,Outdated,Medium Risk
DEV-3409,Desktop,Windows 10,68,28.0,4,6,5,6,Yes,Active,1,359.0,9.9,0,Partially Patched,Medium Risk
DEV-3410,Smartphone,Android,28,12.0,3,6,3,3,No,Disabled,1,1915.6,6.1,0,Partially Patched,Medium Risk
DEV-3411,Laptop,Windows 11,18,10.0,4,2,1,1,Yes,Active,0,498.2,4.9,0,Fully Patched,Low Risk
DEV-3412,Desktop,Windows 10,26,9.0,3,1,2,2,Yes,Outdated,1,871.4,4.9,0,Partially Patched,Low Risk
DEV-3413,Laptop,Windows 11,19,13.0,8,3,2,8,Yes,Active,2,1710.8,6.3,0,Outdated,Medium Risk
DEV-3414,Desktop,Windows 11,55,23.0,4,6,5,5,Yes,Active,0,478.4,3.5,0,Partially Patched,Medium Risk
DEV-3415,Tablet,Android,57,25.0,21,7,7,4,Yes,Outdated,0,522.6,1.0,0,Outdated,High Risk
DEV-3416,Desktop,Windows 11,6,2.0,4,4,0,2,No,Outdated,2,1502.9,4.7,0,Partially Patched,Low Risk
DEV-3417,Laptop,Windows 11,1,3.0,3,6,1,1,Yes,Active,0,1670.8,5.6,0,Partially Patched,Low Risk
DEV-3418,Laptop,Windows 10,8,11.0,0,5,2,2,No,Outdated,0,1040.9,6.6,0,Partially Patched,Low Risk
DEV-3419,Desktop,Windows 11,51,20.0,4,2,3,8,No,Active,0,604.3,6.3,1,Outdated,High Risk
DEV-3420,Laptop,Windows 11,25,9.0,31,1,2,1,Yes,Active,2,3011.3,5.8,0,Partially Patched,Medium Risk
DEV-3421,Laptop,Windows 11,47,17.0,6,2,6,3,Yes,Active,0,1832.1,7.8,0,Partially Patched,Medium Risk
DEV-3422,Smartphone,iOS,55,23.0,4,5,9,7,Yes,Active,0,772.7,3.8,0,Outdated,High Risk
DEV-3423,Desktop,Windows 10,64,27.0,2,3,4,5,Yes,Active,0,993.2,4.2,0,Outdated,Medium Risk
DEV-3424,Laptop,Windows 10,10,6.0,5,5,3,3,Yes,Active,0,2065.4,9.7,0,Partially Patched,Low Risk
DEV-3425,IoT_Gateway,Embedded Linux,56,26.0,16,8,5,6,No,Active,0,74.9,1.0,0,Partially Patched,High Risk
DEV-3426,Laptop,Ubuntu Linux,12,8.0,1,3,9,4,Yes,Outdated,0,3543.7,7.7,0,Partially Patched,Medium Risk
DEV-3427,Tablet,Android,33,15.0,4,2,2,3,Yes,Active,1,380.7,6.6,0,Partially Patched,Low Risk
DEV-3428,Laptop,Windows 10,71,36.0,5,3,8,7,Yes,Outdated,0,2209.9,5.5,0,Outdated,High Risk
DEV-3429,IoT_Gateway,Embedded Linux,17,11.0,3,3,5,3,Yes,Disabled,0,579.3,7.3,0,Partially Patched,Medium Risk
DEV-3430,Server,RedHat Linux,61,22.0,33,17,7,6,Yes,Active,0,6202.4,6.9,0,Partially Patched,High Risk
DEV-3431,Smartphone,Android,10,0.0,1,16,1,1,Yes,Outdated,0,742.7,2.6,2,Partially Patched,Low Risk
DEV-3432,Tablet,iPadOS,31,11.0,3,6,2,1,Yes,Active,0,594.9,3.6,0,Partially Patched,Low Risk
DEV-3433,Laptop,Windows 11,60,26.0,5,6,5,4,Yes,Outdated,0,2512.9,4.5,0,Partially Patched,Medium Risk
DEV-3434,Tablet,iPadOS,70,26.0,2,3,4,4,Yes,Outdated,0,375.5,1.3,1,Partially Patched,Medium Risk
DEV-3435,Desktop,Windows 10,17,6.0,3,6,1,3,Yes,Active,0,2004.2,5.5,3,Fully Patched,Low Risk
DEV-3436,Desktop,Windows 11,50,22.0,5,1,4,4,Yes,Active,0,1443.7,6.8,1,Outdated,Medium Risk
DEV-3437,Laptop,macOS,37,15.0,39,3,3,5,Yes,Disabled,1,3062.5,7.8,2,Partially Patched,High Risk
DEV-3438,Desktop,Windows 11,62,18.0,10,3,3,6,No,Outdated,1,2918.2,5.7,0,Partially Patched,Medium Risk
DEV-3439,Laptop,macOS,72,35.0,5,5,5,7,Yes,Active,0,984.9,4.0,0,Outdated,Medium Risk
DEV-3440,Server,RedHat Linux,29,16.0,2,16,3,4,Yes,Active,0,9091.2,5.9,0,Outdated,Medium Risk
DEV-3441,Desktop,Windows 11,32,,7,5,2,5,No,Active,0,1805.3,5.3,1,Partially Patched,Medium Risk
DEV-3442,Smartphone,Android,11,6.0,4,16,1,2,Yes,Active,1,614.7,7.1,0,Partially Patched,Low Risk
DEV-3443,Smartphone,iOS,6,0.0,3,5,2,3,Yes,Active,6,1206.2,5.4,0,Partially Patched,Medium Risk
DEV-3444,Desktop,Windows 11,35,13.0,4,1,3,3,Yes,Disabled,1,2138.0,7.3,0,Partially Patched,Medium Risk
DEV-3445,Laptop,Windows 11,33,17.0,7,2,5,5,Yes,Active,0,1045.1,5.0,1,Outdated,Medium Risk
DEV-3446,Laptop,Windows 11,18,12.0,4,13,2,3,Yes,Outdated,1,644.3,8.1,1,Partially Patched,Medium Risk
DEV-3447,Laptop,Windows 10,37,19.0,4,6,5,5,Yes,Active,1,744.0,5.9,0,Outdated,Medium Risk
DEV-3448,Laptop,Windows 10,13,8.0,4,5,6,3,Yes,Outdated,2,888.5,4.3,0,Partially Patched,Medium Risk
DEV-3449,Laptop,Windows 11,64,32.0,3,1,5,9,Yes,Active,1,1211.9,4.8,0,Outdated,High Risk
DEV-3450,Laptop,Windows 11,1,0.0,5,6,0,2,Yes,Active,0,1687.3,7.0,0,Partially Patched,Low Risk
DEV-3451,Tablet,Android,63,25.0,2,6,5,8,No,Active,1,648.5,3.0,0,Outdated,High Risk
DEV-3452,Server,Ubuntu Linux,34,5.0,36,17,2,1,Yes,Active,2,2746.0,5.2,1,Partially Patched,High Risk
DEV-3453,Laptop,Windows 10,10,5.0,2,6,1,0,No,Outdated,0,1101.5,7.6,1,Fully Patched,Low Risk
DEV-3454,Server,RedHat Linux,7,7.0,7,15,5,3,Yes,Disabled,0,12369.7,6.5,0,Partially Patched,Medium Risk
DEV-3455,Laptop,Windows 11,56,25.0,9,4,5,7,No,Active,8,1046.2,3.2,0,Outdated,High Risk
DEV-3456,Desktop,Windows 11,37,14.0,4,6,4,4,No,Active,1,462.1,6.1,0,Partially Patched,Medium Risk
DEV-3457,Server,Ubuntu Linux,29,16.0,2,17,3,3,Yes,Active,1,8016.1,2.8,0,Partially Patched,Medium Risk
DEV-3458,Desktop,Ubuntu Linux,12,6.0,4,6,1,5,Yes,Outdated,0,239.7,5.9,0,Partially Patched,Low Risk
DEV-3459,Desktop,Ubuntu Linux,17,11.0,7,1,2,4,No,Outdated,1,1869.6,8.3,0,Partially Patched,Medium Risk
DEV-3460,Tablet,iPadOS,48,23.0,2,5,4,4,Yes,Active,0,852.0,5.6,0,Outdated,Medium Risk
DEV-3461,IoT_Gateway,Embedded Linux,26,18.0,5,2,10,4,No,Outdated,0,335.5,3.2,0,Outdated,High Risk
DEV-3462,Server,Ubuntu Linux,12,8.0,7,17,2,2,Yes,Active,2,3700.6,5.1,1,Fully Patched,Medium Risk
DEV-3463,Server,Ubuntu Linux,21,12.0,8,10,4,5,Yes,Outdated,1,5659.2,5.9,0,Partially Patched,Medium Risk
DEV-3464,Server,Ubuntu Linux,42,18.0,5,16,7,4,Yes,Active,0,3880.6,7.7,1,Outdated,High Risk
DEV-3465,Laptop,Windows 10,61,24.0,6,1,4,6,Yes,Active,1,775.8,7.7,0,Partially Patched,Medium Risk
DEV-3466,Desktop,macOS,58,27.0,2,1,4,5,Yes,Active,1,4221.3,3.3,0,Partially Patched,Medium Risk
DEV-3467,Laptop,macOS,54,29.0,2,6,8,5,Yes,Active,1,2148.2,4.9,0,,Medium Risk
DEV-3468,Desktop,macOS,34,13.0,3,3,3,5,No,Active,0,1658.3,6.3,0,Partially Patched,Low Risk
DEV-3469,Desktop,Windows 11,7,3.0,2,1,2,4,No,Disabled,1,1262.1,4.3,1,Outdated,Medium Risk
DEV-3470,Laptop,Windows 10,35,16.0,6,3,3,4,Yes,Active,1,2051.5,6.5,2,Partially Patched,Medium Risk
DEV-3471,Tablet,Android,15,10.0,4,1,4,2,No,Active,0,639.4,2.8,0,Partially Patched,Low Risk
DEV-3472,IoT_Gateway,Embedded Linux,65,29.0,4,6,5,4,No,Outdated,1,439.6,6.0,0,Partially Patched,High Risk
DEV-3473,Smartphone,iOS,25,15.0,5,6,5,3,Yes,Outdated,1,1622.2,7.6,0,Partially Patched,Medium Risk
DEV-3474,Desktop,Windows 11,59,33.0,5,5,12,6,Yes,Active,3,1776.0,5.6,0,Partially Patched,High Risk
DEV-3475,IoT_Gateway,Embedded Linux,6,1.0,3,8,1,1,No,Active,1,123.6,5.9,0,Partially Patched,Low Risk
DEV-3476,Laptop,Windows 11,52,25.0,4,3,5,7,Yes,Active,0,2597.5,7.2,0,Outdated,Medium Risk
DEV-3477,Smartphone,Android,21,11.0,4,4,2,4,Yes,Active,0,538.5,4.6,0,Partially Patched,Low Risk
DEV-3478,Laptop,macOS,71,30.0,4,1,5,5,Yes,Active,0,1585.7,6.7,0,Partially Patched,Low Risk
DEV-3479,Smartphone,Android,32,17.0,0,6,4,3,Yes,Outdated,0,472.0,5.4,0,Partially Patched,Low Risk
DEV-3480,Laptop,macOS,53,22.0,2,2,3,3,Yes,Active,1,552.8,3.7,0,Partially Patched,Low Risk
DEV-3481,IoT_Gateway,Embedded Linux,59,26.0,4,1,9,7,Yes,Active,0,484.3,7.3,0,Outdated,Medium Risk
DEV-3482,IoT_Gateway,Embedded Linux,69,24.0,4,16,5,6,No,Disabled,0,621.5,8.3,1,Partially Patched,High Risk
DEV-3483,Laptop,Windows 10,62,24.0,4,5,8,5,Yes,Disabled,0,1567.9,7.8,3,Outdated,High Risk
DEV-3484,Desktop,Windows 10,4,7.0,2,3,1,1,Yes,Active,0,2411.6,7.3,0,Partially Patched,Low Risk
DEV-3485,Tablet,Windows 11,18,13.0,4,5,6,7,Yes,Active,3,361.6,6.5,0,Outdated,High Risk
DEV-3486,Desktop,Windows 11,56,25.0,6,6,5,6,Yes,Active,0,1481.9,6.2,1,Partially Patched,Medium Risk
DEV-3487,IoT_Gateway,Embedded Linux,24,9.0,5,5,3,3,No,Active,0,135.7,5.3,0,Partially Patched,Low Risk
DEV-3488,Server,RedHat Linux,66,31.0,7,4,5,7,Yes,Outdated,1,6918.7,4.2,0,Outdated,High Risk
DEV-3489,Desktop,Ubuntu Linux,13,12.0,3,4,3,2,No,Outdated,2,1692.6,1.4,3,Partially Patched,High Risk
DEV-3490,Laptop,Windows 11,62,25.0,31,4,5,7,Yes,Active,0,1444.5,2.4,2,Outdated,High Risk
DEV-3491,Laptop,macOS,54,17.0,5,3,3,5,Yes,Active,1,1559.3,5.5,0,Partially Patched,Low Risk
DEV-3492,Smartphone,Android,15,9.0,5,5,1,2,Yes,Outdated,1,376.8,2.9,1,Fully Patched,Low Risk
DEV-3493,Desktop,Windows 11,69,33.0,5,5,9,8,No,Outdated,1,764.0,6.3,0,Outdated,High Risk
DEV-3494,Desktop,Windows 10,3,5.0,6,4,0,1,No,Disabled,0,1830.7,9.0,0,Fully Patched,Low Risk
DEV-3495,Desktop,Windows 11,37,23.0,3,3,4,3,Yes,Outdated,1,1462.3,1.0,1,Fully Patched,Medium Risk
DEV-3496,Server,RedHat Linux,37,23.0,19,16,4,6,No,Active,0,1842.2,3.6,1,Outdated,High Risk
DEV-3497,IoT_Gateway,FreeRTOS,3,1.0,3,6,3,3,No,Active,2,111.2,9.9,0,Partially Patched,Low Risk
DEV-3498,Tablet,iPadOS,63,27.0,5,1,5,5,Yes,Active,0,50.0,7.2,1,Outdated,Medium Risk
DEV-3499,Desktop,Windows 10,35,14.0,39,6,3,6,No,Active,0,3457.4,5.3,0,Outdated,High Risk
DEV-3500,Smartphone,Android,52,18.0,3,5,3,6,Yes,Active,3,277.8,4.4,1,Partially Patched,Medium Risk
DEV-3501,Smartphone,Android,28,9.0,2,5,4,2,Yes,Active,0,916.5,6.7,1,Partially Patched,Low Risk
DEV-3502,Server,Ubuntu Linux,18,12.0,2,16,2,2,Yes,Active,0,5124.8,7.5,2,Partially Patched,Low Risk
DEV-3503,Tablet,Android,36,17.0,2,4,2,2,Yes,Disabled,1,174.9,3.0,4,Fully Patched,Medium Risk
DEV-3504,Laptop,Windows 11,33,18.0,5,4,3,6,No,Active,1,,8.5,0,Partially Patched,Medium Risk
DEV-3505,Laptop,Windows 11,64,36.0,8,5,6,6,Yes,Outdated,0,1886.8,6.3,0,Partially Patched,High Risk
DEV-3506,IoT_Gateway,Embedded Linux,26,14.0,7,9,3,6,Yes,Active,0,179.5,7.4,0,Partially Patched,Medium Risk
DEV-3507,Desktop,Windows 11,48,18.0,2,1,4,6,Yes,Outdated,0,2100.4,7.5,1,Partially Patched,Medium Risk
DEV-3508,Smartphone,Android,40,22.0,5,3,5,9,No,Active,2,243.1,6.1,1,Outdated,High Risk
DEV-3509,IoT_Gateway,Embedded Linux,17,5.0,5,4,1,0,Yes,Active,2,252.7,6.4,0,Fully Patched,Low Risk
DEV-3510,Laptop,Windows 11,40,24.0,3,2,4,5,Yes,Active,6,1741.8,6.5,0,Partially Patched,Medium Risk
DEV-3511,IoT_Gateway,FreeRTOS,7,0.0,2,9,0,0,No,Active,0,140.7,4.8,0,Fully Patched,Low Risk
DEV-3512,Desktop,macOS,57,22.0,3,3,3,4,No,Active,0,1297.6,6.8,0,Partially Patched,Medium Risk
DEV-3513,Desktop,Windows 10,8,7.0,9,1,1,1,Yes,Outdated,1,853.0,5.0,0,Fully Patched,Low Risk
DEV-3514,Server,Ubuntu Linux,56,29.0,2,12,6,5,Yes,Active,1,6357.0,5.5,2,,High Risk
DEV-3515,IoT_Gateway,Embedded Linux,31,11.0,34,6,2,1,No,Disabled,1,,8.6,2,Fully Patched,High Risk
DEV-3516,Laptop,macOS,59,22.0,4,2,5,6,Yes,Disabled,0,1111.1,5.4,0,Partially Patched,Medium Risk
DEV-3517,Desktop,macOS,58,25.0,3,10,5,6,Yes,Outdated,1,68.7,6.3,1,Partially Patched,High Risk
DEV-3518,Smartphone,Android,12,14.0,1,6,2,5,No,Outdated,8,614.6,5.2,1,Outdated,High Risk
DEV-3519,Smartphone,Android,48,15.0,6,2,3,2,No,Active,1,581.1,4.8,0,Partially Patched,Medium Risk
DEV-3520,Smartphone,iOS,31,13.0,1,6,3,3,No,Active,2,689.1,9.4,0,Partially Patched,Medium Risk
DEV-3521,Laptop,Windows 10,63,28.0,1,6,7,6,Yes,Active,1,466.3,2.6,1,Outdated,High Risk
DEV-3522,Laptop,Windows 10,39,14.0,2,2,5,3,Yes,Active,1,2276.2,5.6,0,Partially Patched,Low Risk
DEV-3523,Desktop,Windows 10,20,6.0,4,1,1,1,Yes,Active,0,1395.6,3.1,0,Partially Patched,Low Risk
DEV-3524,Smartphone,Android,48,20.0,4,1,4,6,Yes,Outdated,0,526.0,8.0,0,Outdated,Medium Risk
DEV-3525,Laptop,Windows 11,71,31.0,3,14,5,5,No,Active,0,493.8,5.4,1,Outdated,High Risk
DEV-3526,Laptop,Windows 10,54,22.0,5,7,5,4,No,Active,0,,4.6,0,Partially Patched,Medium Risk
DEV-3527,Tablet,Android,71,36.0,1,1,9,7,No,Active,5,1137.4,1.8,1,Outdated,High Risk
DEV-3528,Laptop,Windows 10,29,15.0,4,1,3,2,Yes,Active,1,4878.5,8.7,1,Fully Patched,Low Risk
DEV-3529,Tablet,Android,48,22.0,1,3,4,4,No,Active,1,79.7,2.8,4,Partially Patched,High Risk
DEV-3530,Smartphone,Android,56,28.0,2,2,6,5,Yes,Active,3,1610.9,6.5,2,Outdated,High Risk
DEV-3531,Smartphone,Android,17,10.0,2,3,5,4,No,Active,0,701.9,7.4,0,Partially Patched,Medium Risk
DEV-3532,Laptop,Windows 10,9,3.0,31,1,0,2,Yes,Outdated,0,2749.1,9.8,3,Partially Patched,High Risk
DEV-3533,Laptop,macOS,34,14.0,2,5,3,2,Yes,Active,1,1737.8,4.4,0,Partially Patched,Low Risk
DEV-3534,Smartphone,Android,45,15.0,4,1,3,3,Yes,Active,0,886.0,3.8,0,Fully Patched,Low Risk
DEV-3535,Smartphone,Android,9,13.0,2,3,2,6,No,Disabled,2,1547.2,4.6,3,Partially Patched,High Risk
DEV-3536,Smartphone,Android,7,8.0,2,6,2,1,Yes,Active,0,1129.6,4.3,0,Partially Patched,Low Risk
DEV-3537,Laptop,macOS,16,0.0,2,6,0,0,Yes,Outdated,0,2477.8,1.7,2,Fully Patched,Low Risk
DEV-3538,Smartphone,Android,19,14.0,1,3,2,7,No,Outdated,1,528.1,8.8,3,Outdated,High Risk
DEV-3539,Smartphone,Android,6,0.0,3,4,0,2,Yes,Active,0,50.0,4.7,2,Fully Patched,Low Risk
DEV-3540,Server,Ubuntu Linux,11,8.0,5,10,2,5,Yes,Active,0,5872.8,5.2,1,Partially Patched,Medium Risk
DEV-3541,Smartphone,Android,61,17.0,8,6,2,3,Yes,Active,0,331.7,6.8,0,Partially Patched,Medium Risk
DEV-3542,Smartphone,iOS,42,17.0,3,5,9,3,Yes,Active,1,1043.3,8.3,0,Partially Patched,Medium Risk
DEV-3543,Server,RedHat Linux,13,12.0,2,14,2,5,Yes,Active,3,6103.1,3.2,1,Partially Patched,Medium Risk
DEV-3544,Laptop,Windows 10,12,12.0,0,6,3,3,Yes,Active,6,1310.2,6.2,0,Partially Patched,Medium Risk
DEV-3545,Desktop,Windows 11,20,11.0,23,6,2,3,Yes,Outdated,0,1079.5,3.1,2,Partially Patched,Medium Risk
DEV-3546,Laptop,Windows 11,50,25.0,1,2,4,5,Yes,Active,1,1978.6,6.2,0,Outdated,Medium Risk
DEV-3547,Desktop,Windows 11,36,10.0,1,1,2,2,Yes,Active,0,1267.1,6.1,0,Fully Patched,Low Risk
DEV-3548,Desktop,Windows 11,69,31.0,2,16,6,5,Yes,Active,1,1424.8,4.6,0,Partially Patched,Medium Risk
DEV-3549,Laptop,Windows 11,37,20.0,4,6,5,3,No,Active,3,1322.6,6.0,0,Partially Patched,High Risk
DEV-3550,Laptop,Windows 11,12,17.0,4,2,5,3,No,Active,0,1235.3,6.0,0,Partially Patched,Medium Risk
DEV-3551,Laptop,Windows 11,40,15.0,2,3,3,2,Yes,Active,5,312.8,5.3,0,Partially Patched,Medium Risk
DEV-3552,Smartphone,iOS,54,23.0,4,3,3,3,No,Disabled,0,535.0,5.1,0,Partially Patched,Medium Risk
DEV-3553,IoT_Gateway,Embedded Linux,2,3.0,1,4,1,2,No,Active,0,113.7,2.8,0,Fully Patched,Low Risk
DEV-3554,Laptop,macOS,50,24.0,2,1,4,7,No,Active,2,1272.3,3.3,0,Outdated,Medium Risk
DEV-3555,Tablet,iPadOS,41,21.0,14,14,3,3,Yes,Active,1,663.6,4.3,1,Partially Patched,High Risk
DEV-3556,Desktop,Windows 11,45,24.0,5,1,4,9,Yes,Active,0,998.9,3.5,0,Outdated,Medium Risk
DEV-3557,Laptop,Windows 10,9,9.0,7,14,2,1,No,Active,1,193.9,4.4,1,Fully Patched,Medium Risk
DEV-3558,Laptop,Windows 11,62,20.0,5,5,3,7,Yes,Active,2,1028.8,5.3,0,Outdated,Medium Risk
DEV-3559,Desktop,Windows 10,47,10.0,6,3,2,2,Yes,Outdated,1,987.5,5.7,3,Fully Patched,Medium Risk
DEV-3560,Smartphone,Android,5,1.0,3,2,2,1,Yes,Active,0,470.8,6.6,0,Partially Patched,Low Risk
DEV-3561,Smartphone,iOS,1,2.0,3,5,1,2,No,Disabled,0,,5.8,0,Partially Patched,Low Risk
DEV-3562,Laptop,Windows 11,44,17.0,29,3,7,5,Yes,Disabled,3,,5.7,0,Partially Patched,High Risk
DEV-3563,Laptop,Windows 11,22,8.0,4,4,1,3,Yes,Active,0,1565.4,6.6,1,Partially Patched,Low Risk
DEV-3564,Desktop,Ubuntu Linux,38,15.0,2,3,2,3,Yes,Outdated,0,1155.3,3.7,2,Partially Patched,Medium Risk
DEV-3565,Laptop,Windows 11,19,11.0,4,2,3,3,No,Outdated,0,2182.1,3.8,1,Partially Patched,Medium Risk
DEV-3566,Laptop,Windows 10,31,10.0,7,5,5,2,Yes,Outdated,0,1314.3,4.8,1,Partially Patched,Medium Risk
DEV-3567,Laptop,Windows 10,67,28.0,5,5,6,6,Yes,Active,0,1150.5,4.1,0,Partially Patched,Medium Risk
DEV-3568,Smartphone,iOS,42,18.0,4,5,4,3,Yes,Disabled,0,543.6,2.0,0,Partially Patched,Medium Risk
DEV-3569,IoT_Gateway,FreeRTOS,26,14.0,2,8,4,4,Yes,Outdated,0,500.9,6.7,2,Outdated,Medium Risk
DEV-3570,Desktop,Ubuntu Linux,13,11.0,4,1,3,2,Yes,Active,0,1802.7,3.5,0,Partially Patched,Low Risk
DEV-3571,IoT_Gateway,Embedded Linux,58,31.0,3,9,7,12,No,Active,0,128.4,9.1,0,Outdated,High Risk
DEV-3572,Laptop,macOS,18,6.0,3,3,4,3,Yes,Active,2,678.5,5.8,1,Partially Patched,Medium Risk
DEV-3573,Desktop,Windows 10,67,20.0,3,14,3,7,Yes,Active,1,1157.7,2.5,0,Outdated,High Risk
DEV-3574,Laptop,Windows 10,3,2.0,3,3,3,5,Yes,Active,0,2226.6,6.8,2,Partially Patched,Low Risk
DEV-3575,Server,Ubuntu Linux,55,17.0,2,4,3,3,No,Active,2,7872.3,5.6,1,Partially Patched,Medium Risk
DEV-3576,Tablet,iPadOS,58,36.0,8,3,9,8,Yes,Active,0,682.4,6.1,0,Outdated,High Risk
DEV-3577,Server,Windows Server,63,23.0,3,16,4,5,Yes,Active,2,4181.3,4.5,0,Partially Patched,Medium Risk
DEV-3578,Desktop,Ubuntu Linux,52,25.0,2,2,5,4,Yes,Active,0,1848.6,3.6,1,Outdated,Medium Risk
DEV-3579,Server,Ubuntu Linux,24,15.0,27,10,6,4,Yes,Outdated,1,2324.6,2.6,0,Outdated,High Risk
DEV-3580,Laptop,Windows 11,72,32.0,2,2,5,8,No,Outdated,6,970.5,2.9,0,Outdated,High Risk
DEV-3581,IoT_Gateway,Embedded Linux,9,13.0,2,4,4,6,No,Active,1,395.5,2.8,0,Outdated,Medium Risk
DEV-3582,Desktop,macOS,37,15.0,4,3,3,3,Yes,Active,0,429.7,4.8,0,Partially Patched,Low Risk
DEV-3583,Desktop,Windows 10,53,19.0,2,6,3,5,No,Outdated,3,2664.7,5.4,0,Partially Patched,High Risk
DEV-3584,Server,RedHat Linux,24,8.0,6,9,5,4,Yes,Active,1,9388.2,2.4,1,Partially Patched,Medium Risk
DEV-3585,Server,Ubuntu Linux,21,13.0,2,10,2,4,Yes,Active,1,5592.7,7.3,2,Outdated,Medium Risk
DEV-3586,Laptop,Windows 10,40,17.0,4,6,5,2,No,Disabled,1,2023.8,5.8,1,Partially Patched,High Risk
DEV-3587,Smartphone,Android,62,23.0,7,17,4,6,Yes,Active,2,402.9,10.0,0,Partially Patched,High Risk
DEV-3588,Laptop,Ubuntu Linux,70,31.0,4,6,7,9,Yes,Active,0,691.2,4.7,2,Outdated,High Risk
DEV-3589,Smartphone,Android,69,32.0,3,3,7,5,No,Active,0,1508.8,10.0,2,Partially Patched,High Risk
DEV-3590,Smartphone,Android,14,,3,4,2,2,Yes,Outdated,0,1225.2,7.0,1,Partially Patched,Low Risk
DEV-3591,Smartphone,Android,42,22.0,4,4,7,7,No,Active,1,982.2,1.6,0,Outdated,High Risk
DEV-3592,Server,Ubuntu Linux,50,22.0,4,14,3,5,Yes,Active,0,2141.7,3.1,0,Outdated,Medium Risk
DEV-3593,Desktop,Ubuntu Linux,61,24.0,4,6,6,4,Yes,Active,0,1248.0,6.1,0,Partially Patched,Medium Risk
DEV-3594,Laptop,Windows 11,4,6.0,2,3,2,2,Yes,Active,0,3287.9,2.0,4,Fully Patched,Low Risk
DEV-3595,Smartphone,Android,72,27.0,1,3,5,6,Yes,Outdated,0,861.6,3.7,0,Partially Patched,Medium Risk
DEV-3596,Laptop,Windows 11,17,4.0,5,1,1,2,Yes,Disabled,0,1292.6,2.3,1,Partially Patched,Low Risk
DEV-3597,Desktop,Windows 10,57,29.0,1,4,6,6,Yes,Outdated,1,1274.0,9.8,1,Partially Patched,Medium Risk
DEV-3598,Laptop,Windows 10,48,19.0,5,2,5,7,Yes,Active,1,1276.2,7.7,1,Outdated,Medium Risk
DEV-3599,Laptop,Windows 10,44,26.0,4,6,4,5,Yes,Active,1,176.1,4.8,0,Partially Patched,Medium Risk
DEV-3600,Server,Ubuntu Linux,45,23.0,4,17,3,4,No,Disabled,1,6548.0,8.5,0,Partially Patched,High Risk
DEV-3601,Laptop,Windows 11,33,13.0,4,1,2,6,No,Active,0,1779.8,8.0,1,Outdated,Medium Risk
DEV-3602,Smartphone,Android,31,16.0,1,5,3,4,Yes,Outdated,0,113.4,8.1,1,Partially Patched,Low Risk
DEV-3603,Laptop,Windows 10,47,30.0,25,2,5,8,No,Active,0,1456.4,4.4,0,Outdated,High Risk
DEV-3604,Laptop,Windows 11,6,7.0,1,11,2,3,Yes,Active,0,1071.0,4.9,0,Partially Patched,Low Risk
DEV-3605,Desktop,Windows 10,72,33.0,4,2,6,6,Yes,Active,0,569.4,3.3,0,Partially Patched,Medium Risk
DEV-3606,Laptop,macOS,71,28.0,2,4,8,5,Yes,Outdated,0,157.3,5.3,0,Partially Patched,Medium Risk
DEV-3607,Laptop,macOS,34,,5,5,5,4,Yes,Active,1,902.0,3.9,0,Outdated,Medium Risk
DEV-3608,Smartphone,Android,53,28.0,4,13,5,7,Yes,Active,1,553.3,3.4,0,Outdated,High Risk
DEV-3609,Laptop,Windows 10,14,5.0,4,5,0,3,No,Active,2,1773.6,7.8,3,Fully Patched,Medium Risk
DEV-3610,Smartphone,Android,16,15.0,10,6,4,6,No,Disabled,3,1010.4,6.8,3,Outdated,High Risk
DEV-3611,Laptop,Windows 10,43,19.0,2,1,5,3,Yes,Disabled,0,1394.1,3.7,0,Partially Patched,Low Risk
DEV-3612,Laptop,macOS,12,3.0,2,4,2,1,Yes,Active,1,631.6,7.4,1,Partially Patched,Low Risk
DEV-3613,Smartphone,Android,70,27.0,2,6,6,6,Yes,Active,0,1452.5,6.1,1,Partially Patched,Medium Risk
DEV-3614,Laptop,Windows 10,19,13.0,6,5,2,3,Yes,Active,0,1409.3,4.9,1,Partially Patched,Low Risk
DEV-3615,Laptop,macOS,41,15.0,2,2,3,6,Yes,Active,2,977.0,8.7,0,Outdated,Medium Risk
DEV-3616,Desktop,macOS,53,18.0,15,5,4,5,Yes,Active,0,1330.7,6.1,0,Partially Patched,Medium Risk
DEV-3617,Laptop,Windows 11,29,11.0,4,18,2,3,Yes,Active,1,2479.1,9.1,0,Fully Patched,Low Risk
DEV-3618,Smartphone,Android,70,28.0,5,4,5,6,Yes,Active,0,1560.8,6.6,2,Partially Patched,Medium Risk
DEV-3619,Laptop,Windows 11,59,22.0,3,4,3,3,Yes,Active,1,1079.7,6.8,1,Partially Patched,Low Risk
DEV-3620,Smartphone,Android,64,25.0,4,4,5,7,No,Active,1,2075.8,3.3,0,Outdated,Medium Risk
DEV-3621,IoT_Gateway,FreeRTOS,24,15.0,5,1,3,4,No,Disabled,0,511.7,4.4,0,Partially Patched,Medium Risk
DEV-3622,Desktop,macOS,16,,26,5,2,4,Yes,Active,1,842.2,8.4,0,Partially Patched,Medium Risk
DEV-3623,IoT_Gateway,Embedded Linux,52,20.0,1,2,4,4,Yes,Active,0,337.4,7.8,0,Partially Patched,Low Risk
DEV-3624,Desktop,Windows 11,6,2.0,5,3,1,3,Yes,Active,0,831.2,4.8,0,Partially Patched,Low Risk
DEV-3625,Tablet,iPadOS,37,16.0,16,4,11,4,Yes,Active,1,812.1,2.8,1,Outdated,High Risk
DEV-3626,Laptop,Windows 10,4,3.0,5,6,1,2,Yes,Active,1,1607.5,8.8,0,Fully Patched,Low Risk
DEV-3627,Smartphone,Android,38,16.0,1,2,4,3,No,Active,0,444.4,7.6,0,,Low Risk
DEV-3628,Desktop,Windows 10,41,21.0,23,4,3,6,Yes,Active,0,3161.0,3.2,2,Outdated,High Risk
DEV-3629,Desktop,Windows 11,14,8.0,1,2,2,3,Yes,Active,0,1383.3,3.2,1,Partially Patched,Low Risk
DEV-3630,Server,RedHat Linux,71,31.0,4,8,5,8,Yes,Active,0,15000.0,9.2,0,Outdated,High Risk
DEV-3631,Smartphone,Android,51,28.0,3,3,4,8,Yes,Active,1,359.7,4.5,2,Outdated,Medium Risk
DEV-3632,Laptop,Windows 11,65,35.0,3,4,6,6,No,active,0,1758.6,4.5,2,Outdated,High Risk
DEV-3633,Laptop,Windows 11,52,17.0,2,1,3,5,No,Active,7,2092.1,4.1,0,Partially Patched,High Risk
DEV-3634,Smartphone,Android,30,7.0,24,1,2,3,Yes,Active,2,265.0,6.2,0,Partially Patched,Medium Risk
DEV-3635,Server,Ubuntu Linux,57,23.0,32,11,7,7,No,Outdated,1,4427.4,2.7,0,Outdated,High Risk
DEV-3636,Tablet,iPadOS,30,17.0,9,2,5,5,No,Outdated,1,465.7,6.0,2,Partially Patched,High Risk
DEV-3637,Smartphone,iOS,42,20.0,3,5,3,5,Yes,Active,0,688.8,2.7,1,Outdated,Medium Risk
DEV-3638,Tablet,Android,11,10.0,2,6,3,4,Yes,Disabled,1,484.0,2.7,0,Partially Patched,Medium Risk
DEV-3639,Smartphone,Android,27,11.0,1,12,3,2,No,Active,1,1098.1,2.8,0,Partially Patched,Medium Risk
DEV-3640,Laptop,Windows 10,24,3.0,5,3,2,2,No,Active,3,725.4,2.8,1,Fully Patched,Low Risk
DEV-3641,Laptop,macOS,39,12.0,3,5,2,3,Yes,Disabled,2,1202.3,6.9,0,Partially Patched,Medium Risk
DEV-3642,Smartphone,Android,72,33.0,2,2,5,10,Yes,Active,0,604.6,6.9,1,Outdated,High Risk
DEV-3643,Server,Ubuntu Linux,18,13.0,5,8,3,4,Yes,Active,0,3230.6,5.2,0,Outdated,Low Risk
DEV-3644,Laptop,Windows 10,45,12.0,4,3,3,5,Yes,Disabled,0,1796.9,4.2,0,Outdated,Medium Risk
DEV-3645,Desktop,Windows 11,12,12.0,17,5,6,4,No,Outdated,3,1688.0,8.3,0,Partially Patched,High Risk
DEV-3646,Tablet,Android,49,23.0,4,4,4,5,Yes,Outdated,8,760.2,6.9,3,Outdated,High Risk
DEV-3647,Desktop,Windows 10,31,14.0,3,2,3,2,Yes,Active,3,1874.2,3.1,2,Partially Patched,Medium Risk
DEV-3648,Desktop,Windows 10,22,8.0,5,3,2,2,Yes,Outdated,0,1334.6,6.2,2,Fully Patched,Low Risk
DEV-3649,Desktop,Windows 10,44,25.0,4,9,4,5,Yes,Active,1,1911.6,6.1,2,Outdated,High Risk
DEV-3650,Laptop,Windows 10,64,31.0,4,6,7,7,Yes,Outdated,0,1606.4,6.9,0,Outdated,High Risk
DEV-3651,Desktop,Windows 10,25,13.0,3,4,4,3,Yes,Active,0,474.5,10.0,2,Fully Patched,Medium Risk
DEV-3652,Desktop,Windows 11,51,19.0,0,3,5,7,No,Active,0,595.6,3.9,0,Outdated,Medium Risk
DEV-3653,Laptop,Windows 11,7,11.0,16,6,1,4,No,Active,0,3009.3,6.6,1,Outdated,Medium Risk
DEV-3654,Smartphone,Android,6,4.0,3,6,1,2,No,Active,1,601.9,8.5,0,Partially Patched,Low Risk
DEV-3655,Desktop,Windows 11,24,12.0,3,6,2,4,Yes,Active,0,1719.4,8.9,0,Partially Patched,Low Risk
DEV-3656,Smartphone,Android,19,9.0,4,3,2,4,No,Active,3,764.2,5.9,0,Outdated,Medium Risk
DEV-3657,IoT_Gateway,FreeRTOS,9,2.0,7,5,1,1,No,Outdated,1,285.7,2.9,0,Partially Patched,Low Risk
DEV-3658,Laptop,Ubuntu Linux,36,17.0,2,6,3,8,No,Outdated,0,3915.0,1.9,1,Outdated,High Risk
DEV-3659,Server,RedHat Linux,40,20.0,1,4,5,5,No,Active,1,7235.5,7.2,0,Outdated,Medium Risk
DEV-3660,Desktop,Windows 11,24,9.0,36,1,2,3,No,Active,0,1072.9,6.2,1,Fully Patched,High Risk
DEV-3661,IoT_Gateway,Embedded Linux,48,22.0,2,3,4,3,Yes,Active,1,671.3,5.8,0,Partially Patched,Low Risk
DEV-3662,Laptop,macOS,63,27.0,2,2,5,7,No,Outdated,0,1313.1,6.1,1,Outdated,High Risk
DEV-3663,Smartphone,Android,69,33.0,29,4,6,7,Yes,Disabled,0,839.7,7.5,1,Outdated,High Risk
DEV-3664,Server,RedHat Linux,53,22.0,6,4,4,7,Yes,Active,1,6316.0,6.6,0,Outdated,Medium Risk
DEV-3665,Laptop,macOS,54,24.0,3,3,4,6,Yes,Disabled,0,2993.4,6.3,0,Outdated,Medium Risk
DEV-3666,Laptop,Windows 10,42,20.0,7,13,6,5,Yes,Active,0,1415.1,4.3,2,Partially Patched,High Risk
DEV-3667,Server,RedHat Linux,45,18.0,2,16,6,7,Yes,Active,0,5435.5,7.6,1,Outdated,High Risk
DEV-3668,Smartphone,Android,14,4.0,17,1,2,5,Yes,Active,0,952.0,4.3,0,Partially Patched,Medium Risk
DEV-3669,Laptop,Windows 10,29,10.0,4,2,2,3,Yes,Active,1,2341.5,7.4,0,Partially Patched,Low Risk
DEV-3670,Server,Windows Server,6,6.0,2,17,2,1,No,Active,1,10401.9,4.7,0,Fully Patched,Low Risk
DEV-3671,Desktop,Windows 11,7,3.0,0,5,1,2,No,Active,0,1811.3,6.7,0,Partially Patched,Low Risk
DEV-3672,Smartphone,Android,37,15.0,7,5,2,4,No,Active,2,,9.0,0,Partially Patched,Medium Risk
DEV-3673,Laptop,Windows 11,53,25.0,7,4,4,5,Yes,Active,1,2480.5,6.8,0,Outdated,Medium Risk
DEV-3674,IoT_Gateway,FreeRTOS,18,13.0,3,8,9,3,No,Active,0,248.5,8.3,0,Fully Patched,Medium Risk
DEV-3675,Laptop,Windows 11,38,21.0,1,3,3,4,Yes,Disabled,0,1280.5,4.8,0,Outdated,Medium Risk
DEV-3676,Desktop,Windows 10,59,23.0,5,6,5,3,Yes,Outdated,0,916.4,5.7,1,Partially Patched,Medium Risk
DEV-3677,Laptop,Windows 11,1,6.0,4,3,4,3,Yes,Outdated,0,772.5,4.8,0,Fully Patched,Low Risk
DEV-3678,Laptop,Windows 10,68,36.0,8,4,6,6,No,Active,2,744.5,2.2,0,Outdated,High Risk
DEV-3679,Desktop,Windows 11,44,20.0,14,5,4,6,No,Active,1,730.7,7.6,0,Partially Patched,High Risk
DEV-3680,Laptop,Windows 11,47,20.0,5,1,5,5,Yes,Disabled,1,1686.4,6.6,0,Partially Patched,Medium Risk
DEV-3681,Smartphone,Android,35,14.0,4,5,3,3,Yes,Disabled,1,70.3,6.5,0,Fully Patched,Medium Risk
DEV-3682,Laptop,Ubuntu Linux,60,21.0,5,4,5,7,Yes,Disabled,1,2508.3,8.0,0,Outdated,High Risk
DEV-3683,Desktop,Windows 11,52,26.0,4,5,4,9,No,Active,0,1142.4,3.2,4,Outdated,High Risk
DEV-3684,Laptop,Windows 11,8,4.0,7,6,2,0,Yes,Active,0,1212.0,2.7,0,Fully Patched,Low Risk
DEV-3685,Laptop,macOS,41,17.0,3,5,2,2,Yes,Active,0,1262.8,8.0,0,Fully Patched,Low Risk
DEV-3686,Laptop,Windows 10,3,5.0,5,5,1,4,Yes,Active,0,1903.7,5.4,0,Outdated,Low Risk
DEV-3687,Desktop,Ubuntu Linux,69,32.0,4,15,6,6,Yes,Disabled,0,2115.1,5.9,0,Partially Patched,High Risk
DEV-3688,Desktop,Windows 11,14,5.0,3,11,1,2,Yes,Active,2,450.0,2.6,0,Fully Patched,Low Risk
DEV-3689,Desktop,Windows 10,26,10.0,4,2,4,2,Yes,Active,0,1996.7,8.4,0,Partially Patched,Low Risk
DEV-3690,Desktop,Windows 11,70,27.0,5,2,5,4,No,Active,1,1115.7,6.8,0,Outdated,Medium Risk
DEV-3691,Server,Ubuntu Linux,58,,1,6,7,6,No,Active,0,4145.1,4.3,0,Partially Patched,Medium Risk
DEV-3692,Laptop,Windows 10,40,23.0,5,2,4,8,Yes,Active,0,394.1,9.7,0,Outdated,Medium Risk
DEV-3693,Desktop,Windows 10,51,25.0,7,2,8,4,No,Outdated,2,454.6,2.8,1,Partially Patched,High Risk
DEV-3694,Tablet,iPadOS,5,2.0,2,2,1,2,No,Active,0,298.5,4.8,0,Partially Patched,Low Risk
DEV-3695,Desktop,Windows 11,32,13.0,33,5,2,3,No,Active,1,1180.9,7.5,0,Partially Patched,High Risk
DEV-3696,Smartphone,Android,1,3.0,2,5,2,2,Yes,Active,3,231.5,7.8,0,Partially Patched,Low Risk
DEV-3697,Laptop,Windows 10,54,32.0,1,6,9,5,Yes,Active,2,3036.4,2.5,0,Outdated,High Risk
DEV-3698,Smartphone,iOS,11,7.0,2,1,4,1,No,Active,1,130.7,4.9,3,Fully Patched,Medium Risk
DEV-3699,Smartphone,Android,53,25.0,13,5,4,5,Yes,Active,6,398.1,7.0,0,Outdated,High Risk
DEV-3700,Desktop,Windows 11,8,0.0,6,5,1,1,Yes,Active,0,2281.9,8.4,0,Partially Patched,Low Risk
DEV-3701,Tablet,Android,25,13.0,9,2,3,4,Yes,Disabled,1,895.9,8.3,0,Outdated,Medium Risk
DEV-3702,Laptop,Windows 10,40,12.0,2,1,3,7,No,Active,1,564.9,6.9,0,Outdated,Medium Risk
DEV-3703,Laptop,Windows 11,32,12.0,2,1,3,4,No,Active,2,2489.4,5.7,0,Partially Patched,Low Risk
DEV-3704,Smartphone,iOS,28,13.0,1,2,3,4,Yes,Disabled,0,1042.0,5.1,1,Partially Patched,Medium Risk
DEV-3705,Smartphone,Android,3,1.0,3,2,3,1,No,Outdated,0,474.2,6.5,1,Fully Patched,Low Risk
DEV-3706,Laptop,macOS,62,24.0,7,1,7,5,Yes,Outdated,0,553.5,8.4,0,Outdated,Medium Risk
DEV-3707,Laptop,Windows 11,27,10.0,4,4,3,5,Yes,Active,0,400.7,5.1,0,Outdated,Low Risk
DEV-3708,Laptop,Windows 10,45,19.0,6,2,4,5,Yes,Outdated,0,950.7,5.0,1,Partially Patched,Medium Risk
DEV-3709,Laptop,Ubuntu Linux,25,10.0,4,2,3,3,No,Active,1,792.3,7.8,0,Fully Patched,Low Risk
DEV-3710,Smartphone,Android,61,26.0,4,1,4,7,Yes,Active,1,1462.2,7.6,3,Outdated,Medium Risk
DEV-3711,Desktop,Ubuntu Linux,44,19.0,7,4,5,5,Yes,Disabled,0,1217.4,4.5,0,Outdated,Medium Risk
DEV-3712,Laptop,Windows 10,46,25.0,6,6,5,4,Yes,Active,0,2087.9,2.9,0,Partially Patched,Medium Risk
DEV-3713,Desktop,Ubuntu Linux,14,0.0,3,4,0,5,Yes,Disabled,1,1313.7,2.1,0,Outdated,Low Risk
DEV-3714,Laptop,Windows 10,8,6.0,6,3,3,2,Yes,Active,1,820.3,5.8,0,Partially Patched,Low Risk
DEV-3715,Laptop,Windows 11,48,21.0,24,16,6,5,Yes,Active,1,1756.8,3.3,0,Outdated,High Risk
DEV-3716,Server,Ubuntu Linux,14,7.0,4,5,5,3,Yes,Active,4,3457.6,7.3,0,,Medium Risk
DEV-3717,Tablet,Android,65,25.0,2,5,4,5,Yes,Disabled,1,1639.2,2.1,0,Outdated,Medium Risk
DEV-3718,Smartphone,Android,7,4.0,29,1,1,0,No,Active,3,284.3,8.7,2,Fully Patched,High Risk
DEV-3719,Laptop,Windows 11,49,15.0,2,6,6,4,Yes,Active,0,3367.3,4.8,0,Outdated,Medium Risk
DEV-3720,IoT_Gateway,Embedded Linux,55,24.0,5,2,4,4,No,Active,0,693.7,3.9,0,Outdated,Medium Risk
DEV-3721,Smartphone,Android,13,8.0,3,6,3,3,Yes,Outdated,1,1076.0,4.4,1,Partially Patched,Medium Risk
DEV-3722,Smartphone,iOS,56,21.0,3,1,10,8,Yes,Outdated,0,871.3,3.8,0,Outdated,High Risk
DEV-3723,Desktop,Windows 11,56,32.0,4,6,6,6,Yes,Active,0,2105.4,8.5,1,Outdated,Medium Risk
DEV-3724,Desktop,Windows 11,15,7.0,5,4,7,2,Yes,Active,0,1177.3,6.8,1,Partially Patched,Medium Risk
DEV-3725,Laptop,Windows 10,57,24.0,4,1,5,4,No,Active,0,1650.3,5.7,0,Outdated,Medium Risk
DEV-3726,Laptop,Windows 11,58,30.0,3,10,5,5,Yes,Disabled,1,1879.3,3.1,0,Partially Patched,High Risk
DEV-3727,Laptop,Windows 11,35,24.0,3,5,4,7,Yes,Outdated,5,1186.9,5.4,0,Outdated,High Risk
DEV-3728,Laptop,Windows 11,16,3.0,6,2,2,2,No,Outdated,1,1349.8,4.0,0,Partially Patched,Low Risk
DEV-3729,Desktop,Ubuntu Linux,8,2.0,4,3,0,2,No,Active,5,1879.1,1.0,1,Fully Patched,Medium Risk
DEV-3730,Smartphone,iOS,45,19.0,6,1,4,4,Yes,Disabled,2,381.3,4.1,2,Partially Patched,High Risk
DEV-3731,Desktop,Windows 11,40,15.0,4,2,2,3,No,Active,2,2109.9,6.7,1,Fully Patched,Low Risk
DEV-3732,Laptop,Windows 10,54,26.0,1,4,10,6,Yes,Active,6,1193.6,4.6,0,Partially Patched,High Risk
DEV-3733,Tablet,Android,14,4.0,4,4,0,2,Yes,Outdated,1,747.3,5.2,3,Partially Patched,Low Risk
DEV-3734,IoT_Gateway,Embedded Linux,59,30.0,5,6,6,5,No,Active,0,189.2,7.6,1,Partially Patched,High Risk
DEV-3735,Smartphone,Android,53,25.0,3,2,5,5,Yes,Active,0,1531.0,7.2,1,Partially Patched,Medium Risk
DEV-3736,Tablet,iPadOS,27,17.0,5,6,5,4,No,Active,1,184.5,9.4,0,Partially Patched,Medium Risk
DEV-3737,Desktop,Windows 11,47,17.0,2,3,3,4,Yes,Active,1,366.2,1.1,0,Partially Patched,Low Risk
DEV-3738,Tablet,Android,6,2.0,25,1,4,2,Yes,Active,0,1190.7,3.8,0,Partially Patched,Medium Risk
DEV-3739,Laptop,Windows 10,55,27.0,2,3,5,5,Yes,Active,0,2509.4,7.3,0,Outdated,Medium Risk
DEV-3740,Desktop,macOS,44,22.0,4,11,4,5,Yes,Active,0,1988.1,6.4,0,Outdated,Medium Risk
DEV-3741,Laptop,Windows 10,18,8.0,1,6,2,1,Yes,Outdated,3,1249.1,5.7,2,Partially Patched,Medium Risk
DEV-3742,Laptop,macOS,16,7.0,5,2,2,3,Yes,Active,2,1126.5,4.3,1,Partially Patched,Low Risk
DEV-3743,Laptop,Ubuntu Linux,12,5.0,3,6,1,0,Yes,Disabled,1,1192.7,6.0,1,Fully Patched,Low Risk
DEV-3744,Server,Ubuntu Linux,20,9.0,2,6,3,2,Yes,Active,1,8404.6,5.8,0,Partially Patched,Low Risk
DEV-3745,Smartphone,Android,45,16.0,1,5,3,2,Yes,Active,5,987.2,1.8,0,Fully Patched,Medium Risk
DEV-3746,Server,RedHat Linux,64,23.0,15,6,3,4,Yes,Active,1,3353.5,5.9,0,Outdated,Medium Risk
DEV-3747,Laptop,Ubuntu Linux,59,29.0,7,5,5,5,Yes,Active,1,1788.8,4.5,0,Outdated,Medium Risk
DEV-3748,Smartphone,iOS,22,9.0,1,4,5,3,Yes,Active,0,172.4,7.2,0,Partially Patched,Low Risk
DEV-3749,Server,RedHat Linux,47,25.0,2,7,6,4,Yes,Outdated,0,3926.5,6.2,0,Partially Patched,Medium Risk
DEV-3750,Desktop,Windows 11,29,15.0,1,2,2,4,Yes,Active,2,357.2,9.4,0,Partially Patched,Low Risk
DEV-3751,Smartphone,iOS,45,21.0,4,3,3,3,Yes,Active,1,1299.7,5.5,0,Partially Patched,Low Risk
DEV-3752,Laptop,Windows 11,9,2.0,1,4,0,1,Yes,Active,1,665.1,3.3,0,Partially Patched,Low Risk
DEV-3753,Laptop,macOS,24,6.0,5,6,3,2,Yes,Active,1,435.9,1.0,0,Partially Patched,Low Risk
DEV-3754,IoT_Gateway,FreeRTOS,15,6.0,3,9,1,5,No,Active,0,126.5,3.6,2,Partially Patched,Medium Risk
DEV-3755,Laptop,Windows 11,36,22.0,1,6,4,6,Yes,Active,2,3577.6,6.3,0,Partially Patched,Medium Risk
DEV-3756,Desktop,Windows 10,13,10.0,2,4,2,3,No,Active,1,990.7,6.8,0,Partially Patched,Low Risk
DEV-3757,IoT_Gateway,Embedded Linux,44,17.0,2,4,4,3,No,Outdated,1,155.2,4.3,0,Partially Patched,Medium Risk
DEV-3758,Smartphone,Android,71,,19,3,4,6,Yes,Active,0,1115.6,4.6,1,Partially Patched,High Risk
DEV-3759,Laptop,Windows 11,72,27.0,2,5,4,7,No,Active,2,1351.2,5.6,1,Outdated,High Risk
DEV-3760,Laptop,macOS,36,10.0,4,1,3,4,No,Active,1,2004.9,6.3,2,Partially Patched,Medium Risk
DEV-3761,Laptop,Ubuntu Linux,61,26.0,2,1,5,5,Yes,Active,2,769.4,7.5,0,Partially Patched,Medium Risk
DEV-3762,Server,Windows Server,40,24.0,3,8,6,7,Yes,Disabled,1,4117.6,4.3,1,Outdated,High Risk
DEV-3763,Desktop,Windows 11,27,19.0,4,3,3,3,Yes,Outdated,2,2635.5,4.0,4,Fully Patched,Medium Risk
DEV-3764,Laptop,macOS,1,4.0,4,4,1,2,No,Active,2,2778.8,9.5,0,Partially Patched,Low Risk
DEV-3765,Tablet,iPadOS,34,13.0,4,5,2,2,Yes,Active,0,1283.9,9.1,0,Partially Patched,Low Risk
DEV-3766,Desktop,Windows 11,68,23.0,5,1,5,4,Yes,Disabled,1,1504.0,4.4,0,Outdated,Medium Risk
DEV-3767,Laptop,Windows 11,21,14.0,2,1,2,4,No,Active,0,1408.4,7.8,1,Outdated,Low Risk
DEV-3768,Desktop,Windows 11,33,16.0,1,4,2,4,Yes,Active,1,1087.7,9.9,0,Outdated,Low Risk
DEV-3769,Smartphone,iOS,7,3.0,31,4,1,1,Yes,Outdated,1,659.6,8.1,0,Partially Patched,Medium Risk
DEV-3770,Laptop,Windows 10,65,26.0,6,2,5,4,No,Active,1,1648.6,4.0,2,Partially Patched,High Risk
DEV-3771,Laptop,Windows 10,3,5.0,4,17,1,2,No,Disabled,0,2122.5,5.7,0,Fully Patched,Medium Risk
DEV-3772,Smartphone,Android,51,19.0,3,5,4,5,Yes,Outdated,4,668.8,2.0,0,Partially Patched,High Risk
DEV-3773,Desktop,Windows 10,54,24.0,8,4,4,6,Yes,active,0,622.7,3.6,4,Partially Patched,High Risk
DEV-3774,Desktop,Windows 11,59,20.0,2,2,3,7,No,Active,6,1125.5,5.5,1,Outdated,High Risk
DEV-3775,Desktop,Windows 11,6,13.0,1,3,2,4,Yes,Active,0,286.8,5.9,1,Partially Patched,Low Risk
DEV-3776,Laptop,Windows 10,29,10.0,1,1,1,2,Yes,Outdated,2,,4.1,0,Fully Patched,Low Risk
DEV-3777,Laptop,Windows 11,17,11.0,5,5,2,3,Yes,Outdated,0,215.2,1.0,2,Fully Patched,Medium Risk
DEV-3778,Desktop,macOS,60,21.0,5,6,3,6,No,Active,0,2648.3,5.9,2,Outdated,High Risk
DEV-3779,Laptop,Windows 11,22,10.0,4,3,1,3,No,Outdated,2,1516.6,7.0,1,Fully Patched,Medium Risk
DEV-3780,Laptop,Windows 10,24,15.0,4,5,5,2,No,Active,1,1738.7,7.0,0,Partially Patched,Medium Risk
DEV-3781,Smartphone,Android,51,26.0,2,5,5,4,No,Active,1,813.8,5.1,0,Outdated,Medium Risk
DEV-3782,Tablet,iPadOS,50,25.0,1,4,5,8,Yes,Active,2,434.9,5.2,0,Outdated,High Risk
DEV-3783,Smartphone,Android,11,5.0,2,2,2,3,Yes,Active,0,139.0,6.0,0,Fully Patched,Low Risk
DEV-3784,IoT_Gateway,Embedded Linux,56,21.0,7,8,8,5,No,Active,0,349.8,6.3,1,Partially Patched,High Risk
DEV-3785,Laptop,Ubuntu Linux,71,26.0,16,6,5,8,Yes,Active,0,1987.7,5.3,0,Outdated,High Risk
DEV-3786,Tablet,Android,42,24.0,3,6,4,6,No,Active,1,482.3,1.0,0,Partially Patched,Medium Risk
DEV-3787,Laptop,macOS,39,18.0,4,2,8,3,Yes,Active,1,1247.0,8.3,0,Partially Patched,Medium Risk
DEV-3788,Tablet,Windows 11,69,30.0,5,1,7,6,Yes,Active,2,375.3,4.6,0,Partially Patched,Medium Risk
DEV-3789,Tablet,Android,48,25.0,0,5,6,5,Yes,Active,0,,3.1,0,Outdated,Medium Risk
DEV-3790,Smartphone,Android,57,27.0,3,3,5,6,Yes,Active,0,437.6,4.7,0,Partially Patched,Medium Risk
DEV-3791,Tablet,iPadOS,21,9.0,3,1,2,2,Yes,Active,0,2052.1,5.7,0,Fully Patched,Low Risk
DEV-3792,Server,Windows Server,20,12.0,1,17,3,3,No,Outdated,0,11109.2,4.3,0,Fully Patched,Medium Risk
DEV-3793,Laptop,Ubuntu Linux,15,5.0,5,1,2,3,Yes,Active,1,1509.1,4.4,0,Partially Patched,Low Risk
DEV-3794,Desktop,Windows 10,69,23.0,2,4,4,5,Yes,Active,0,3085.0,4.9,0,Outdated,Medium Risk
DEV-3795,Server,RedHat Linux,51,28.0,15,7,6,6,Yes,Active,1,5031.3,6.2,0,Partially Patched,High Risk
DEV-3796,Laptop,Windows 11,62,24.0,33,5,7,5,Yes,Active,0,1929.0,3.9,2,Partially Patched,High Risk
DEV-3797,Server,Windows Server,37,15.0,4,10,3,3,No,Active,2,2727.5,6.2,0,Partially Patched,Medium Risk
DEV-3798,Tablet,Windows 11,6,3.0,4,3,1,4,No,Active,0,842.3,2.7,0,Outdated,Low Risk
DEV-3799,Laptop,Windows 11,71,27.0,3,4,6,7,Yes,Active,0,1684.6,9.5,0,Outdated,Medium Risk
DEV-3800,Smartphone,Android,26,16.0,1,6,2,4,Yes,Active,1,122.2,7.6,0,Partially Patched,Low Risk
DEV-3801,IoT_Gateway,Embedded Linux,8,6.0,3,2,6,1,No,Active,0,427.2,5.0,0,Partially Patched,Low Risk
DEV-3802,IoT_Gateway,Embedded Linux,4,2.0,3,2,1,3,No,Active,1,209.6,6.2,2,Partially Patched,Medium Risk
DEV-3803,Tablet,iPadOS,21,5.0,4,16,0,1,Yes,Active,1,162.9,3.2,0,Partially Patched,Low Risk
DEV-3804,Desktop,Windows 11,31,15.0,1,14,3,2,Yes,Active,0,748.4,6.6,0,Partially Patched,Low Risk
DEV-3805,Tablet,Android,21,0.0,4,6,2,1,No,Active,0,386.6,7.2,1,Partially Patched,Low Risk
DEV-3806,Smartphone,Android,25,12.0,7,1,2,3,Yes,Outdated,1,270.5,6.0,0,Partially Patched,Low Risk
DEV-3807,Laptop,Ubuntu Linux,15,13.0,1,1,2,3,Yes,Active,3,2340.1,7.3,1,Partially Patched,Low Risk
DEV-3808,Desktop,Windows 10,35,16.0,8,2,3,2,Yes,Outdated,0,1207.1,5.5,0,Partially Patched,Low Risk
DEV-3809,Smartphone,Android,49,26.0,6,4,7,4,No,Active,2,412.4,5.3,0,Outdated,High Risk
DEV-3810,Laptop,Windows 11,43,14.0,2,6,2,3,No,Active,0,1010.2,4.2,1,Partially Patched,Medium Risk
DEV-3811,Server,Windows Server,41,26.0,4,7,6,5,Yes,Active,0,6105.7,6.6,0,Outdated,Medium Risk
DEV-3812,Server,RedHat Linux,37,21.0,4,8,4,4,No,Active,1,6347.5,3.8,0,Partially Patched,Medium Risk
DEV-3813,Laptop,Windows 11,57,26.0,3,3,4,9,Yes,Outdated,1,2740.3,6.3,1,Outdated,High Risk
DEV-3814,Server,Ubuntu Linux,42,16.0,4,13,3,4,No,Active,0,9557.6,6.1,1,Partially Patched,Medium Risk
DEV-3815,Smartphone,Android,47,17.0,4,1,3,6,Yes,Outdated,0,407.1,8.2,0,Partially Patched,Medium Risk
DEV-3816,Desktop,Windows 11,61,26.0,4,3,7,5,No,Active,1,1149.3,6.7,0,Partially Patched,Medium Risk
DEV-3817,Laptop,Windows 10,14,12.0,4,7,8,3,No,Active,1,1483.4,2.0,0,Partially Patched,Medium Risk
DEV-3818,Laptop,Ubuntu Linux,68,23.0,4,3,4,5,Yes,Outdated,5,1236.3,4.2,0,Partially Patched,High Risk
DEV-3819,Desktop,Windows 10,53,23.0,3,3,4,5,No,Outdated,1,1563.1,4.1,2,Partially Patched,High Risk
DEV-3820,IoT_Gateway,Embedded Linux,34,18.0,5,4,8,5,Yes,Active,2,113.2,4.0,1,Partially Patched,High Risk
DEV-3821,Laptop,Windows 10,24,15.0,2,5,3,4,No,Active,0,1299.2,7.4,1,Outdated,Medium Risk
DEV-3822,Server,RedHat Linux,20,12.0,4,8,2,3,Yes,Active,1,6842.7,1.1,1,Partially Patched,Low Risk
DEV-3823,Laptop,Windows 10,69,23.0,2,1,4,6,No,Disabled,1,1125.4,8.3,0,Outdated,High Risk
DEV-3824,Laptop,Windows 11,30,18.0,7,2,5,3,Yes,Active,1,1684.5,7.5,0,Partially Patched,Medium Risk
DEV-3825,Smartphone,Android,7,5.0,2,5,1,2,Yes,Outdated,3,643.1,5.9,0,Partially Patched,Low Risk
DEV-3826,Smartphone,Android,36,12.0,4,2,3,4,No,Active,0,518.0,6.2,0,Outdated,Medium Risk
DEV-3827,Laptop,Windows 11,38,17.0,3,1,3,4,No,Active,1,2076.2,5.7,0,Partially Patched,Low Risk
DEV-3828,Desktop,Windows 11,52,14.0,4,2,2,5,No,Disabled,1,1337.1,5.8,0,Partially Patched,Medium Risk
DEV-3829,Laptop,Windows 10,15,10.0,4,3,1,2,No,Disabled,0,1846.0,7.8,0,Partially Patched,Medium Risk
DEV-3830,Desktop,Ubuntu Linux,46,19.0,2,3,7,7,Yes,Active,0,640.2,5.1,1,Outdated,Medium Risk
DEV-3831,Server,RedHat Linux,23,6.0,5,4,4,5,No,Active,0,10742.9,6.7,3,Partially Patched,Medium Risk
DEV-3832,Laptop,macOS,12,5.0,4,2,2,1,No,Active,0,816.8,3.8,0,Partially Patched,Low Risk
DEV-3833,Laptop,Windows 10,44,16.0,3,2,2,2,Yes,Active,0,1628.1,6.6,0,Partially Patched,Low Risk
DEV-3834,Desktop,macOS,15,5.0,3,1,1,1,No,Active,0,533.1,5.0,1,Fully Patched,Low Risk
DEV-3835,IoT_Gateway,Embedded Linux,49,12.0,6,7,3,2,No,Outdated,1,281.1,6.4,0,Partially Patched,Medium Risk
DEV-3836,Tablet,iPadOS,21,3.0,2,5,1,1,No,Active,0,254.5,3.8,0,Partially Patched,Low Risk
DEV-3837,Laptop,Windows 10,15,7.0,5,4,5,5,Yes,Active,3,1735.1,6.4,1,Partially Patched,Medium Risk
DEV-3838,Smartphone,Android,14,5.0,2,5,0,2,Yes,Active,1,768.8,5.4,1,Partially Patched,Low Risk
DEV-3839,Desktop,Windows 10,42,22.0,4,6,5,6,No,Active,1,2228.5,8.6,0,Outdated,High Risk
DEV-3840,Desktop,Windows 10,15,5.0,5,4,1,2,Yes,Active,7,1519.0,6.0,3,Partially Patched,Medium Risk
DEV-3841,Smartphone,Android,63,25.0,2,2,5,5,No,Active,0,638.7,6.5,3,Partially Patched,Medium Risk
DEV-3842,IoT_Gateway,Embedded Linux,68,27.0,2,7,6,8,No,Active,2,97.3,4.6,2,Outdated,High Risk
DEV-3843,Tablet,Android,27,12.0,6,4,2,4,Yes,Active,6,907.2,6.1,0,Partially Patched,Medium Risk
DEV-3844,Server,Windows Server,53,23.0,20,5,4,4,Yes,Active,0,8540.9,6.4,0,Outdated,High Risk
DEV-3845,Desktop,Windows 11,52,21.0,5,3,4,5,Yes,Disabled,0,950.9,4.8,1,Partially Patched,Medium Risk
DEV-3846,Smartphone,Android,63,29.0,3,4,8,8,Yes,Disabled,2,350.5,4.6,1,Outdated,High Risk
DEV-3847,Laptop,Windows 10,53,32.0,0,1,6,10,Yes,Disabled,0,2276.0,3.9,0,Outdated,High Risk
DEV-3848,Server,Ubuntu Linux,57,21.0,8,16,3,5,Yes,Active,0,4071.3,5.3,0,Outdated,High Risk
DEV-3849,Desktop,Windows 10,52,24.0,13,2,6,7,Yes,Active,1,2103.1,4.2,2,Outdated,High Risk
DEV-3850,Server,Ubuntu Linux,43,19.0,2,13,3,4,Yes,Outdated,0,6126.9,6.1,0,Partially Patched,Medium Risk
DEV-3851,Laptop,Ubuntu Linux,7,8.0,3,4,2,1,No,Active,1,1692.0,3.9,3,Fully Patched,Medium Risk
DEV-3852,Laptop,macOS,42,19.0,6,3,4,4,No,Disabled,0,1192.8,5.3,0,Partially Patched,Medium Risk
DEV-3853,IoT_Gateway,FreeRTOS,4,0.0,4,3,0,2,No,Active,3,717.0,3.6,1,Fully Patched,Low Risk
DEV-3854,Laptop,Windows 10,69,24.0,1,5,4,4,No,Active,0,2241.7,7.8,0,Outdated,Medium Risk
DEV-3855,Desktop,macOS,5,6.0,1,5,3,2,No,Outdated,0,631.8,5.5,0,Partially Patched,Low Risk
DEV-3856,Laptop,Windows 11,41,14.0,1,3,2,4,Yes,Active,5,1690.4,5.5,1,Partially Patched,Medium Risk
DEV-3857,Laptop,Windows 11,4,8.0,2,6,2,3,Yes,Disabled,0,760.5,6.7,0,Partially Patched,Low Risk
DEV-3858,Laptop,Windows 11,2,5.0,8,3,0,0,Yes,Active,0,819.0,9.1,0,Fully Patched,Low Risk
DEV-3859,Laptop,Windows 10,67,29.0,15,3,5,7,No,Active,0,835.1,5.7,0,Outdated,High Risk
DEV-3860,IoT_Gateway,Embedded Linux,21,5.0,3,16,1,2,No,Active,1,317.9,2.5,0,Partially Patched,Low Risk
DEV-3861,Laptop,Windows 10,70,32.0,30,5,5,6,Yes,Outdated,2,3502.7,7.9,2,Partially Patched,High Risk
DEV-3862,Tablet,Android,43,25.0,2,6,4,5,Yes,Active,0,1006.7,2.8,2,Partially Patched,Medium Risk
DEV-3863,Server,Ubuntu Linux,69,27.0,5,9,4,7,Yes,Disabled,0,3956.0,4.5,0,Outdated,High Risk
DEV-3864,Desktop,Windows 10,9,2.0,4,2,1,0,No,Active,1,217.9,7.9,2,Fully Patched,Low Risk
DEV-3865,Server,Ubuntu Linux,28,12.0,4,14,3,3,No,Active,0,10616.4,4.8,1,Fully Patched,Medium Risk
DEV-3866,Desktop,Windows 10,26,14.0,8,3,3,2,Yes,Active,0,,4.4,0,Partially Patched,Low Risk
DEV-3867,Smartphone,Android,3,1.0,3,1,0,1,Yes,Active,0,360.0,6.1,0,Partially Patched,Low Risk
DEV-3868,Laptop,macOS,49,25.0,4,3,4,8,Yes,Active,1,1274.8,5.5,0,Outdated,Medium Risk
DEV-3869,Desktop,Windows 10,17,16.0,4,5,4,5,Yes,Disabled,0,2460.5,4.1,0,Partially Patched,Medium Risk
DEV-3870,IoT_Gateway,Embedded Linux,63,28.0,7,6,6,6,No,Active,2,628.7,7.3,0,Outdated,High Risk
DEV-3871,IoT_Gateway,Embedded Linux,55,22.0,30,1,4,4,No,Active,1,187.6,8.0,0,Outdated,High Risk
DEV-3872,IoT_Gateway,Embedded Linux,23,12.0,2,4,7,3,Yes,Active,1,50.0,8.3,0,Partially Patched,Medium Risk
DEV-3873,Desktop,macOS,34,20.0,31,5,7,6,No,Outdated,0,2139.9,6.6,1,Outdated,High Risk
DEV-3874,Smartphone,Android,69,30.0,6,4,5,6,No,Active,1,1131.4,4.1,0,Partially Patched,High Risk
DEV-3875,Desktop,Windows 11,15,9.0,5,2,1,6,Yes,Disabled,0,281.4,3.0,4,Partially Patched,High Risk
DEV-3876,Desktop,macOS,47,23.0,3,1,6,4,Yes,Active,1,1460.8,1.0,0,Outdated,Medium Risk
DEV-3877,Laptop,Windows 10,3,0.0,7,2,0,2,Yes,Outdated,3,3797.1,7.6,0,Partially Patched,Low Risk
DEV-3878,Server,Ubuntu Linux,28,15.0,4,11,3,4,Yes,Outdated,0,7459.2,5.9,0,Outdated,Medium Risk
DEV-3879,Laptop,Windows 10,3,0.0,7,2,4,3,No,Disabled,1,1067.3,4.7,0,Fully Patched,Medium Risk
DEV-3880,Laptop,Windows 11,4,0.0,2,6,1,2,Yes,Active,0,1532.8,1.6,0,Partially Patched,Low Risk
DEV-3881,IoT_Gateway,Embedded Linux,31,18.0,8,2,3,4,Yes,Active,1,217.5,3.1,0,Outdated,Medium Risk
DEV-3882,Laptop,Windows 11,45,23.0,5,1,5,5,Yes,Disabled,1,353.6,2.0,0,Partially Patched,Medium Risk
DEV-3883,Laptop,Ubuntu Linux,59,24.0,3,4,4,7,No,Outdated,0,868.9,8.4,0,Outdated,High Risk
DEV-3884,Laptop,Windows 10,45,26.0,4,3,8,7,No,Active,0,1663.2,6.8,0,Outdated,High Risk
DEV-3885,IoT_Gateway,Embedded Linux,37,11.0,3,7,2,4,No,Active,1,158.3,2.9,0,Outdated,Medium Risk
DEV-3886,Desktop,Windows 10,65,27.0,4,3,5,9,No,Active,1,598.4,8.8,1,Outdated,High Risk
DEV-3887,Desktop,Ubuntu Linux,9,6.0,4,6,3,1,Yes,Active,0,1740.8,4.1,2,Partially Patched,Low Risk
DEV-3888,Smartphone,iOS,17,0.0,0,3,0,1,No,Active,0,1872.8,6.2,0,Fully Patched,Low Risk
DEV-3889,Smartphone,Android,65,27.0,2,2,4,6,Yes,Active,0,393.3,6.2,1,Partially Patched,Medium Risk
DEV-3890,Laptop,Windows 10,3,0.0,2,5,0,3,Yes,Outdated,1,1309.8,5.3,0,Partially Patched,Low Risk
DEV-3891,Smartphone,Android,26,7.0,1,3,2,5,No,Active,0,273.5,4.9,0,Partially Patched,Low Risk
DEV-3892,Smartphone,Android,53,22.0,2,5,7,5,No,Active,0,565.8,5.6,0,Outdated,Medium Risk
DEV-3893,Server,Ubuntu Linux,31,7.0,3,15,1,4,Yes,Active,3,4211.8,4.9,0,Partially Patched,Medium Risk
DEV-3894,Laptop,Windows 10,26,9.0,3,3,1,3,Yes,Active,0,1439.5,6.0,0,Partially Patched,Low Risk
DEV-3895,IoT_Gateway,Embedded Linux,23,3.0,5,9,1,4,No,Active,0,171.1,6.1,0,Outdated,Low Risk
DEV-3896,Desktop,Ubuntu Linux,30,14.0,2,6,2,5,No,Active,0,3166.2,4.5,4,Outdated,High Risk
DEV-3897,Laptop,Windows 11,10,6.0,26,4,2,2,No,Active,0,3117.9,7.7,1,Partially Patched,Medium Risk
DEV-3898,Desktop,Ubuntu Linux,72,29.0,4,4,5,4,Yes,Active,1,968.4,3.8,2,Partially Patched,High Risk
DEV-3899,Laptop,Windows 10,64,31.0,3,5,6,7,No,Disabled,0,1507.3,6.3,0,Outdated,High Risk
DEV-3900,Laptop,Windows 10,22,9.0,3,2,1,6,Yes,Active,1,818.6,4.8,0,Partially Patched,Low Risk
DEV-3901,Smartphone,Android,15,7.0,3,6,1,3,Yes,Disabled,1,1050.4,3.8,0,Partially Patched,Low Risk
DEV-3902,Laptop,Windows 11,56,20.0,0,1,5,9,Yes,Active,0,2018.5,4.9,0,Outdated,Medium Risk
DEV-3903,Desktop,Windows 11,20,0.0,2,1,0,2,Yes,Outdated,2,1082.8,4.2,0,Partially Patched,Low Risk
DEV-3904,Desktop,Windows 11,47,20.0,4,5,5,5,Yes,Active,1,1340.6,6.8,0,Partially Patched,Medium Risk
DEV-3905,Laptop,Windows 10,53,22.0,3,5,5,6,Yes,Active,1,1307.4,5.3,0,Outdated,Medium Risk
DEV-3906,Tablet,Android,53,30.0,4,4,5,7,Yes,Outdated,0,326.5,8.2,0,Outdated,Medium Risk
DEV-3907,Laptop,macOS,1,5.0,7,5,4,1,Yes,Active,1,869.8,3.6,0,Partially Patched,Low Risk
DEV-3908,Laptop,Windows 11,2,1.0,5,2,0,1,No,Active,1,1845.1,1.1,0,Partially Patched,Low Risk
DEV-3909,Laptop,Windows 11,58,25.0,7,4,6,6,Yes,Active,3,1878.4,6.3,0,Partially Patched,High Risk
DEV-3910,Laptop,Windows 10,19,13.0,3,4,2,5,Yes,Active,0,3018.8,8.9,0,Partially Patched,Low Risk
DEV-3911,Laptop,Ubuntu Linux,62,28.0,3,4,4,6,Yes,Active,3,196.2,6.5,4,Partially Patched,High Risk
DEV-3912,Smartphone,iOS,72,36.0,2,8,10,8,No,Active,2,252.5,3.6,0,Outdated,High Risk
DEV-3913,Tablet,Android,12,3.0,2,6,5,2,Yes,Outdated,0,1840.4,3.5,1,Partially Patched,Medium Risk
DEV-3914,Laptop,Windows 10,26,16.0,2,14,3,6,No,Active,0,1866.0,9.6,1,Outdated,Medium Risk
DEV-3915,Server,Ubuntu Linux,27,11.0,0,12,2,2,Yes,Active,0,3033.2,4.7,0,Partially Patched,Low Risk
DEV-3916,Smartphone,iOS,29,14.0,3,4,5,3,Yes,Active,1,480.7,3.5,2,Fully Patched,Medium Risk
DEV-3917,Smartphone,Android,15,5.0,2,2,2,3,No,Active,3,687.6,7.9,0,Fully Patched,Medium Risk
DEV-3918,Desktop,Windows 11,46,19.0,1,3,3,5,No,Active,5,580.5,5.2,3,Partially Patched,High Risk
DEV-3919,Laptop,Windows 10,1,3.0,3,10,1,2,Yes,Active,1,2128.4,1.4,0,Partially Patched,Low Risk
DEV-3920,Laptop,Windows 11,60,28.0,5,5,7,8,Yes,Disabled,1,1033.1,9.7,0,Outdated,High Risk
DEV-3921,Smartphone,iOS,57,25.0,2,6,7,6,No,Active,1,396.8,6.7,1,Outdated,High Risk
DEV-3922,Smartphone,Android,3,0.0,3,3,4,2,No,Active,0,1362.4,2.5,0,,Low Risk
DEV-3923,Laptop,Windows 10,18,8.0,4,1,1,4,Yes,Active,0,1069.6,8.3,0,Partially Patched,Low Risk
DEV-3924,Desktop,Windows 11,52,28.0,5,1,6,6,Yes,Active,0,2235.3,3.4,0,Outdated,Medium Risk
DEV-3925,IoT_Gateway,Embedded Linux,60,25.0,4,11,4,5,No,Active,4,291.0,3.3,0,Partially Patched,High Risk
DEV-3926,Smartphone,iOS,34,21.0,3,6,5,6,Yes,Active,0,1058.2,3.7,0,Partially Patched,Medium Risk
DEV-3927,Tablet,iPadOS,60,25.0,6,5,5,6,Yes,Disabled,1,531.4,9.4,1,Outdated,High Risk
DEV-3928,Smartphone,Android,26,6.0,3,1,1,2,Yes,Outdated,0,,9.6,0,Fully Patched,Low Risk
DEV-3929,Desktop,macOS,72,29.0,3,1,6,6,Yes,Active,0,2740.9,4.4,0,Partially Patched,Medium Risk
DEV-3930,Server,Ubuntu Linux,19,7.0,5,15,1,1,No,Disabled,1,6563.5,8.9,0,Fully Patched,Medium Risk
DEV-3931,Server,Ubuntu Linux,22,9.0,6,5,2,4,No,Disabled,0,3907.2,1.0,0,Partially Patched,Medium Risk
DEV-3932,Laptop,Windows 11,33,10.0,4,5,2,5,Yes,Active,4,1064.1,7.3,2,Partially Patched,Medium Risk
DEV-3933,Desktop,Ubuntu Linux,38,17.0,4,4,5,3,Yes,Active,0,2091.1,8.2,0,Partially Patched,Low Risk
DEV-3934,Smartphone,Android,35,14.0,15,2,2,4,No,Active,2,433.2,8.5,0,Partially Patched,Medium Risk
DEV-3935,Laptop,Windows 10,67,33.0,4,1,5,6,Yes,Active,1,533.2,5.7,0,Partially Patched,Medium Risk
DEV-3936,Smartphone,Android,10,1.0,8,11,0,1,Yes,Outdated,1,682.1,6.6,0,Partially Patched,Low Risk
DEV-3937,Server,Ubuntu Linux,15,8.0,4,12,2,2,Yes,Active,0,4129.5,4.1,0,Partially Patched,Low Risk
DEV-3938,Tablet,Android,11,,28,6,1,5,Yes,Active,0,636.8,5.6,0,Outdated,Medium Risk
DEV-3939,Laptop,Windows 11,24,14.0,4,4,4,7,Yes,Active,0,1039.6,5.2,0,Outdated,Medium Risk
DEV-3940,Laptop,Windows 10,4,2.0,6,1,3,1,No,Outdated,0,1678.7,5.1,1,Partially Patched,Low Risk
DEV-3941,Server,Ubuntu Linux,13,8.0,1,13,2,2,No,Active,1,11704.6,7.8,0,Partially Patched,Low Risk
DEV-3942,Laptop,Windows 11,57,26.0,2,4,6,7,Yes,Active,0,3807.5,5.9,0,Outdated,Medium Risk
DEV-3943,Smartphone,iOS,37,10.0,2,2,2,4,Yes,Active,2,462.2,8.9,0,Outdated,Low Risk
DEV-3944,Smartphone,iOS,48,19.0,4,2,3,4,Yes,Active,2,638.5,6.0,0,Partially Patched,Medium Risk
DEV-3945,Laptop,Windows 11,71,30.0,1,3,5,5,Yes,Active,1,1573.4,9.9,0,Partially Patched,Medium Risk
DEV-3946,Desktop,Windows 11,1,,4,1,1,1,No,Active,2,850.9,8.0,0,Partially Patched,Low Risk
DEV-3947,Desktop,Windows 11,60,26.0,3,1,8,7,Yes,Active,0,460.1,5.3,0,Outdated,Medium Risk
DEV-3948,Desktop,Windows 10,12,8.0,2,2,4,2,Yes,Disabled,2,2781.8,5.8,2,Partially Patched,Medium Risk
DEV-3949,IoT_Gateway,Embedded Linux,21,18.0,1,6,6,4,No,Active,5,517.6,3.8,0,Outdated,High Risk
DEV-3950,Smartphone,Android,11,4.0,2,1,5,0,Yes,Active,0,169.7,5.8,0,Fully Patched,Low Risk
DEV-3951,Smartphone,Android,44,21.0,5,5,3,4,No,Active,1,1362.8,3.5,0,Outdated,Medium Risk
DEV-3952,Smartphone,iOS,58,30.0,3,6,5,6,Yes,Active,1,677.2,8.2,0,Outdated,Medium Risk
DEV-3953,Desktop,Windows 10,44,12.0,5,15,2,4,Yes,Active,0,1560.7,4.8,1,Partially Patched,Medium Risk
DEV-3954,IoT_Gateway,Embedded Linux,34,16.0,5,6,4,6,No,Active,2,583.5,6.2,0,Partially Patched,Medium Risk
DEV-3955,Smartphone,Android,25,5.0,6,1,1,0,Yes,Active,1,493.5,1.0,0,Fully Patched,Low Risk
DEV-3956,Smartphone,Android,4,12.0,2,6,5,5,No,Active,1,470.8,5.0,1,Partially Patched,Medium Risk
DEV-3957,IoT_Gateway,Embedded Linux,64,29.0,3,4,6,6,No,Active,0,592.3,4.8,0,Partially Patched,Medium Risk
DEV-3958,Laptop,macOS,16,9.0,7,1,3,2,Yes,Active,0,329.2,7.3,3,Partially Patched,Medium Risk
DEV-3959,Smartphone,iOS,10,0.0,4,17,0,5,Yes,Outdated,1,219.5,6.5,0,Partially Patched,Low Risk
DEV-3960,Laptop,Windows 10,66,,3,5,4,4,Yes,Outdated,2,2343.0,7.5,1,Outdated,High Risk
DEV-3961,Laptop,Ubuntu Linux,35,14.0,5,6,3,2,Yes,Active,7,2520.1,6.4,0,Partially Patched,Medium Risk
DEV-3962,Laptop,Windows 10,6,11.0,3,2,7,5,Yes,Active,0,805.2,8.0,2,Partially Patched,Medium Risk
DEV-3963,Tablet,iPadOS,19,12.0,3,1,2,4,No,Outdated,0,1162.1,6.3,0,Partially Patched,Low Risk
DEV-3964,IoT_Gateway,Embedded Linux,59,18.0,1,8,4,5,No,Active,8,485.6,2.7,3,Partially Patched,High Risk
DEV-3965,Smartphone,iOS,53,25.0,7,4,10,4,Yes,Outdated,0,740.4,5.3,0,Partially Patched,High Risk
DEV-3966,Smartphone,iOS,8,0.0,2,5,0,1,Yes,Active,5,637.1,5.4,2,Fully Patched,Low Risk
DEV-3967,Server,Ubuntu Linux,10,0.0,33,14,0,1,Yes,Active,1,4648.3,1.0,0,Fully Patched,Medium Risk
DEV-3968,IoT_Gateway,FreeRTOS,67,30.0,9,2,6,5,No,Disabled,0,168.7,3.5,1,Outdated,High Risk
DEV-3969,Desktop,macOS,38,20.0,2,2,4,6,No,Active,1,411.5,9.6,0,Partially Patched,Medium Risk
DEV-3970,Desktop,macOS,29,15.0,4,2,6,4,No,Active,1,967.4,5.0,0,Partially Patched,Medium Risk
DEV-3971,Laptop,Windows 11,15,15.0,5,5,2,3,Yes,Active,0,1590.6,5.3,1,Partially Patched,Low Risk
DEV-3972,Smartphone,iOS,23,12.0,6,1,2,4,Yes,ACTIVE,0,161.6,1.1,0,Partially Patched,Low Risk
DEV-3973,Smartphone,iOS,46,21.0,22,1,4,5,Yes,Disabled,1,944.2,2.8,1,Partially Patched,High Risk
DEV-3974,Desktop,Windows 11,28,8.0,2,6,2,3,Yes,Disabled,0,1170.9,6.5,4,Partially Patched,Medium Risk
DEV-3975,Laptop,Ubuntu Linux,26,15.0,2,6,2,4,Yes,Outdated,4,1383.6,4.6,0,Partially Patched,Medium Risk
DEV-3976,Smartphone,Android,10,0.0,5,1,1,2,No,Active,2,939.1,3.3,0,Partially Patched,Low Risk
DEV-3977,Laptop,Windows 11,47,28.0,4,6,5,7,Yes,Disabled,0,1009.5,8.1,0,Outdated,High Risk
DEV-3978,Smartphone,Android,4,7.0,4,1,2,6,Yes,Outdated,0,722.5,4.1,0,Outdated,Low Risk
DEV-3979,Tablet,iPadOS,55,35.0,12,2,6,9,No,Outdated,2,832.3,2.9,0,Outdated,High Risk
DEV-3980,Desktop,Windows 10,66,29.0,2,3,5,7,No,Disabled,2,1824.6,5.6,0,Outdated,High Risk
DEV-3981,Laptop,Windows 11,67,32.0,4,2,8,5,Yes,Active,0,1813.5,3.9,0,Partially Patched,Medium Risk
DEV-3982,Smartphone,iOS,7,3.0,1,6,0,4,No,Active,2,241.2,3.9,3,Outdated,Medium Risk
DEV-3983,Smartphone,Android,55,23.0,3,3,4,4,Yes,Active,1,317.7,5.4,0,Partially Patched,Low Risk
DEV-3984,Desktop,Windows 11,31,10.0,5,3,2,4,Yes,Outdated,3,1946.2,4.2,2,Outdated,Medium Risk
DEV-3985,Tablet,Android,19,3.0,0,6,2,0,No,Active,1,321.8,2.2,0,,Low Risk
DEV-3986,Laptop,Windows 10,28,13.0,3,4,2,2,Yes,Active,1,1449.2,6.6,0,Partially Patched,Low Risk
DEV-3987,Desktop,Ubuntu Linux,28,13.0,4,5,3,3,No,Active,1,1659.7,7.2,0,Partially Patched,Medium Risk
DEV-3988,Smartphone,Android,19,5.0,3,15,1,3,Yes,Active,1,,5.0,0,Partially Patched,Low Risk
DEV-3989,IoT_Gateway,Embedded Linux,20,6.0,2,4,1,2,Yes,Active,2,111.9,6.7,1,Partially Patched,Low Risk
DEV-3990,Laptop,Windows 11,13,7.0,8,6,1,5,Yes,Active,0,1799.1,4.8,0,Outdated,Medium Risk
DEV-3991,Smartphone,Android,43,14.0,3,3,6,3,No,Active,0,996.0,1.7,0,Partially Patched,Medium Risk
DEV-3992,Server,RedHat Linux,11,7.0,3,13,3,5,No,Outdated,1,7069.3,7.3,0,Partially Patched,Medium Risk
DEV-3993,Desktop,Windows 10,48,,34,6,2,5,Yes,Disabled,1,411.2,5.3,1,Partially Patched,High Risk
DEV-3994,Laptop,Windows 11,15,9.0,3,2,1,2,Yes,Active,0,533.3,5.8,0,Partially Patched,Low Risk
DEV-3995,IoT_Gateway,Embedded Linux,17,4.0,1,1,0,2,Yes,Active,1,211.6,5.3,1,Partially Patched,Low Risk
DEV-3996,Laptop,Windows 10,54,19.0,5,6,3,7,Yes,Outdated,0,502.3,5.1,0,Outdated,Medium Risk
DEV-3997,Laptop,macOS,50,12.0,5,5,4,2,Yes,Disabled,0,844.5,5.8,0,Fully Patched,Low Risk
DEV-3998,Laptop,Windows 10,28,12.0,2,7,2,3,Yes,Active,2,4099.0,5.8,0,Partially Patched,Low Risk
DEV-3999,IoT_Gateway,Embedded Linux,4,9.0,2,8,1,3,No,Active,0,572.8,8.0,2,Fully Patched,Low Risk
DEV-1045,Server,RedHat Linux,23,9.0,1,22,2,3,Yes,Outdated,1,5473.7,3.7,0,Fully Patched,Medium Risk
DEV-1668,Laptop,Windows 11,71,34.0,3,1,6,6,Yes,Active,0,921.3,9.2,0,Outdated,Medium Risk
DEV-2650,Laptop,Windows 11,67,26.0,5,5,5,7,Yes,Outdated,0,1209.8,5.8,0,Outdated,High Risk
DEV-2247,Laptop,Windows 11,24,0.0,3,1,0,3,Yes,Active,0,896.3,3.4,0,Partially Patched,Low Risk
DEV-1018,Desktop,Windows 11,69,31.0,5,5,6,6,Yes,Active,0,2858.8,2.4,0,Outdated,Medium Risk
DEV-1340,Desktop,macOS,13,6.0,4,4,6,2,Yes,Active,1,1090.5,5.9,0,Partially Patched,Low Risk
DEV-2042,Laptop,Windows 10,14,2.0,1,1,0,1,Yes,Outdated,0,1356.0,5.8,1,Fully Patched,Low Risk
DEV-1792,Desktop,Windows 10,33,22.0,6,1,4,7,Yes,Active,1,1393.7,4.0,0,Outdated,Medium Risk
DEV-2462,Laptop,Ubuntu Linux,15,4.0,5,4,1,1,No,Active,1,3291.5,6.4,0,Partially Patched,Low Risk
DEV-2105,Laptop,Windows 10,36,13.0,3,6,2,4,Yes,Active,1,1248.7,4.8,0,Partially Patched,Low Risk
DEV-1257,Smartphone,Android,71,34.0,6,6,6,7,Yes,Active,0,868.5,4.9,0,Outdated,High Risk
DEV-3490,Laptop,Windows 11,62,25.0,31,4,5,7,Yes,Active,0,1444.5,2.4,2,Outdated,High Risk
